EVENT_ID,CZ_NAME_STR,BEGIN_LOCATION,BEGIN_DATE,BEGIN_TIME,EVENT_TYPE,MAGNITUDE,TOR_F_SCALE,DEATHS_DIRECT,INJURIES_DIRECT,DAMAGE_PROPERTY_NUM,DAMAGE_CROPS_NUM,STATE_ABBR,CZ_TIMEZONE,MAGNITUDE_TYPE,EPISODE_ID,CZ_TYPE,CZ_FIPS,WFO,INJURIES_INDIRECT,DEATHS_INDIRECT,SOURCE,FLOOD_CAUSE,TOR_LENGTH,TOR_WIDTH,BEGIN_RANGE,BEGIN_AZIMUTH,END_RANGE,END_AZIMUTH,END_LOCATION,END_DATE,END_TIME,BEGIN_LAT,BEGIN_LON,END_LAT,END_LON,EVENT_NARRATIVE,EPISODE_NARRATIVE,ABSOLUTE_ROWNUMBER
1153151,PEARL RIVER CO.,POPLARVILLE,12/01/2023,610,Tornado, ,EF0,0,0,4000,0,MS,CST-6, ,187775,C,109,LIX,0,0,NWS Storm Survey, ,0.29,75,1,ENE,1,NE,POPLARVILLE,12/01/2023,611,30.833,-89.5209,30.8371,-89.5221,"NWS storm survey determined a weak tornado with max estimated winds of 65 mph touched down just south of Jacobs Road. The tornado was briefly on the ground for 1-minute, tracking north for 0.3 miles. The max path width was 75 yards. The tornado knocked down a few trees with a considerable amount of branches snapped in its path. A car port was destroyed, a RV flipped, and a truck rolled.","A deepening surface low formed across the ArkLaTex region in the early morning hours on December 1st. In the warm sector of the low, thunderstorms formed along a convergent axis almost parallel to the upper-level flow, which caused training to occur over an urban area (Baton Rouge). That same batch of convection eventually cold-pooled out and raced east when a bowing segment produced a very brief tornado in Pearl River county, aided by a surging rear-inflow jet. After that convection exited the area, another batch formed during the late evening hours, with one cell becoming dominant and producing golf ball sized hail before the whole complex weakened.",1
1146110,GIBSON CO.,GREGORY,12/09/2023,1132,Tornado, ,EF1,0,1,750000,0,TN,CST-6, ,186759,C,53,MEG,0,0,NWS Storm Survey, ,9.62,600,3,NNE,2,N,CHINA GROVE,12/09/2023,1144,36.1175,-89.0601,36.183,-88.908,"The first evidence of tornado damage was near Bells Chapel Road near Jim Dedmon Road in Gibson County where numerous hardwood trees were snapped. The tornado generally moved east to northeast at times. A home on Bells Chapel Road sustained roof damage and a carport was destroyed. A small barn lost most of its roofing and snapped hardwood trees were also noted nearby. The tornado crossed Highway 105 and produced roof and wall damage to homes on Joe Lumpkin Road. The tornado continued to move to the northeast and crossed Highway 45 hitting the Gibson County Rescue 9 station. A semi-truck and van were overturned as the tornado crossed Highway 45. Significant roof damage and collapsed walls occurred at this location along with numerous snapped hardwood trees. Additional damage was noted on Walnut Grove Road to hardwood trees with some structural damage to a barn and carport.|The tornado moved to the northeast and crossed into Weakley County.","A strong storm system swept across the Mid-South on December 9, 2023, driven by a deep longwave trough and closed upper-level low-pressure system. In the early morning hours, a cold front slowly began moving east across Arkansas and Tennessee. Ahead of this boundary, warm and moist air from the Gulf of Mexico was efficiently transported to the Mid-South as surface dew points climbed into the low and mid-60s by 9 am. By mid-morning, a line of sub-severe storms formed in northeast Arkansas. As this line pushed east of the Mississippi River, storms encountered an environment favorable for severe weather.  A strong supercell went on to produce large hail and an EF-1 tornado in Gibson and Weakley counties in Tennessee. New supercells formed in southeast Arkansas by late morning and immediately began producing large hail as they moved east into northern Mississippi. Hailstones of golf ball size and larger were the main attributes of these supercells. Most notable were several baseball size (2.75 inch) reports across portions of northwest Mississippi and a softball size hailstone (4.0 inch) report near Byhalia, MS. Baseball size hail is not uncommon in the Mid-South, but it tends to occur mainly in the springtime. This hail event entered the record books as the largest outbreak of significant hail (2.0 inches or greater) in December history across the Mid-South.",2
1146111,WEAKLEY CO.,SIDONIA,12/09/2023,1144,Tornado, ,EF1,0,2,500000,0,TN,CST-6, ,186759,C,183,MEG,0,0,NWS Storm Survey, ,15.29,600,5,S,2,S,WEST UNION,12/09/2023,1203,36.183,-88.908,36.265,-88.6533,"This tornado moved from Gibson County into Weakley County northwest of Greenfield where more hardwood tree damage was observed along with snapped wooden power poles. The tornado continued to the northeast, south of Sharon, passing to the north of the Middle Fork Obion River. A concentrated area of damage was noted south of Dresden on Summers Road. A double-wide trailer rolled off its foundation resulting in two injuries. Businesses on Evergreen Street sustained minor roof damage. Minor roof damage was also observed at the National Guard Armory on Highway 22. The tornado dissipated just east of Highway 22. Peak winds were estimated at 110 mph in Weakley County.","A strong storm system swept across the Mid-South on December 9, 2023, driven by a deep longwave trough and closed upper-level low-pressure system. In the early morning hours, a cold front slowly began moving east across Arkansas and Tennessee. Ahead of this boundary, warm and moist air from the Gulf of Mexico was efficiently transported to the Mid-South as surface dew points climbed into the low and mid-60s by 9 am. By mid-morning, a line of sub-severe storms formed in northeast Arkansas. As this line pushed east of the Mississippi River, storms encountered an environment favorable for severe weather.  A strong supercell went on to produce large hail and an EF-1 tornado in Gibson and Weakley counties in Tennessee. New supercells formed in southeast Arkansas by late morning and immediately began producing large hail as they moved east into northern Mississippi. Hailstones of golf ball size and larger were the main attributes of these supercells. Most notable were several baseball size (2.75 inch) reports across portions of northwest Mississippi and a softball size hailstone (4.0 inch) report near Byhalia, MS. Baseball size hail is not uncommon in the Mid-South, but it tends to occur mainly in the springtime. This hail event entered the record books as the largest outbreak of significant hail (2.0 inches or greater) in December history across the Mid-South.",3
1144347,STEWART CO.,BEAR SPG,12/09/2023,1319,Tornado, ,EF1,0,0,500000,0,TN,CST-6, ,186479,C,161,OHX,0,0,NWS Storm Survey, ,7.14,75,2,ENE,4,ENE,INDIAN MOUND,12/09/2023,1329,36.4931,-87.7453,36.5201,-87.622,"The tornado first touched down just east of the Cumberland River near Cross Creeks National Wildlife Refuge off of Commissary Hollow Road. Minor damage was observed to trees with a home sustaining significant roof damage.  the tornado continued east-northeast where dozens more trees were snapped and uprooted along Lower Cross Creek Road.  Once the tornado entered Indian Mound, more trees were either uprooted or snapped along Highway 46.  The tornado then intensified on Red Top Road and Gillum Hollow Road where a church overhang awning and greenhouses were damaged.  A few more barns and outbuildings were damaged along Gillum Hollow Road with several instances of uprooted and snapped trees along its path including a tree falling onto a residence. The tornado finally began to weaken as it entered into far western portions of Montgomery County where only a few trees and large branches were broken. The tornado then lifted southeast of the Indian Mound Road and Liverpool Road intersection.","A major tornado outbreak impacted Middle Tennessee during the afternoon and evening hours of December 9, 2023. With a surface low pressure system situated over the Great Lakes area, a cold front was oriented north-to-south from the Great Lakes southward into the southeastern United States. Ahead of this cold front, southerly flow advected plenty of moisture into Middle Tennessee as the atmosphere destabilized. Meanwhile, a potent low-level jet resulted in an abundant amount of wind shear. This helped to set the stage for organized thunderstorms with a tornado threat. Thunderstorms began to cross the Tennessee River into the mid-state during the early afternoon hours. The first tornado of the day touched down in Indian Mound in Stewart County. That same supercell spawned another, more significant, tornado in Montgomery County that impacted Clarksville. This was the strongest tornado of the event, causing EF-3 damage before it continued its path into Kentucky. In total, six tornadoes were confirmed from this event, including another long-track EF-2 tornado that impacted Davidson, Sumner, and Trousdale counties which was warned with a Tornado Emergency. Unfortunately, seven people were killed during this event.",4
1144350,MONTGOMERY CO.,OAKWOOD,12/09/2023,1329,Tornado, ,EF0,0,0,50000,0,TN,CST-6, ,186479,C,125,OHX,0,0,NWS Storm Survey, ,1.61,50,2,WSW,1,W,OAKWOOD,12/09/2023,1332,36.5201,-87.622,36.5277,-87.5945,"The tornado first touched down just east of the Cumberland River near Cross Creeks National Wildlife Refuge off of Commissary Hollow Road. Minor damage was observed to trees with a home sustaining significant roof damage.  the tornado continued east-northeast where dozens more trees were snapped and uprooted along Lower Cross Creek Road.  Once the tornado entered Indian Mound, more trees were either uprooted or snapped along Highway 46.  The tornado then intensified on Red Top Road and Gillum Hollow Road where a church overhang awning and greenhouses were damaged.  A few more barns and outbuildings were damaged along Gillum Hollow Road with several instances of uprooted and snapped trees along its path including a tree falling onto a residence. The tornado finally began to weaken as it entered into far western portions of Montgomery County where only a few trees and large branches were broken. The tornado then lifted southeast of the Indian Mound Road and Liverpool Road intersection.","A major tornado outbreak impacted Middle Tennessee during the afternoon and evening hours of December 9, 2023. With a surface low pressure system situated over the Great Lakes area, a cold front was oriented north-to-south from the Great Lakes southward into the southeastern United States. Ahead of this cold front, southerly flow advected plenty of moisture into Middle Tennessee as the atmosphere destabilized. Meanwhile, a potent low-level jet resulted in an abundant amount of wind shear. This helped to set the stage for organized thunderstorms with a tornado threat. Thunderstorms began to cross the Tennessee River into the mid-state during the early afternoon hours. The first tornado of the day touched down in Indian Mound in Stewart County. That same supercell spawned another, more significant, tornado in Montgomery County that impacted Clarksville. This was the strongest tornado of the event, causing EF-3 damage before it continued its path into Kentucky. In total, six tornadoes were confirmed from this event, including another long-track EF-2 tornado that impacted Davidson, Sumner, and Trousdale counties which was warned with a Tornado Emergency. Unfortunately, seven people were killed during this event.",5
1144360,MONTGOMERY CO.,WOODLAWN,12/09/2023,1341,Tornado, ,EF3,4,62,20000000,0,TN,CST-6, ,186479,C,125,OHX,0,0,NWS Storm Survey, ,11.3,600,2,NE,2,N,KENNEDY,12/09/2023,1356,36.5746,-87.4718,36.642,-87.2833,"This EF-3 tornado first touched down on Fort Campbell just north of the Sabre Airfield with mostly minor tree damage. It quickly intensified as it crossed Walnut Grove Road and destroyed a building next to a church. The tornado then continued northeast and damaged dozens of homes in a neighborhood along Garrettsburg Road near Purple Heart Highway. The tornado then went through a heavily wooded neighborhood south of Britton Springs Road where dozens of mobile and manufactured homes were destroyed. The tornado crossed into another neighborhood, causing heavy damage in and near Eva Drive with several houses shifted off their foundations that were only attached with straight nails (EF-2 damage). The tornado intensified to EF-3 with maximum winds of 140 mph as it crossed Highway 41 and struck several commercial businesses, including a vacant fast food restaurant and strip mall where only the interior remained. Just east of Highway 41 north of Ringgold Road, another neighborhood was struck with several homes sustaining significant damage. As the tornado continued northeast, it strengthened further to EF-3 with maximum winds of 150 mph, destroying four two-story brick and vinyl siding homes on Henry Place Boulevard. Debris was blown across the field towards West Creek Elementary School where the school sustained roof damage. As the tornado cross Preachers Mill Road, two dozen brand new two-story brick apartment homes were severely damaged with roofs missing on at least a dozen of these structures. Dozens more houses suffered significant roof damage along and near Needmore Road and Tiny Town Road with EF-2 damage. The tornado then crossed I-24 at Trenton Road where numerous cedar trees were uprooted. Continuing across Tylertown Road, the tornado caused EF-1 to EF-2 roof and siding damage to dozens of homes across three neighborhoods before moving into Kentucky. A total of nearly 1,000 homes were impacted by the tornado, including 114 homes destroyed and 268 homes with major damage. Unfortunately, four people were killed and 62 others were injured.","A major tornado outbreak impacted Middle Tennessee during the afternoon and evening hours of December 9, 2023. With a surface low pressure system situated over the Great Lakes area, a cold front was oriented north-to-south from the Great Lakes southward into the southeastern United States. Ahead of this cold front, southerly flow advected plenty of moisture into Middle Tennessee as the atmosphere destabilized. Meanwhile, a potent low-level jet resulted in an abundant amount of wind shear. This helped to set the stage for organized thunderstorms with a tornado threat. Thunderstorms began to cross the Tennessee River into the mid-state during the early afternoon hours. The first tornado of the day touched down in Indian Mound in Stewart County. That same supercell spawned another, more significant, tornado in Montgomery County that impacted Clarksville. This was the strongest tornado of the event, causing EF-3 damage before it continued its path into Kentucky. In total, six tornadoes were confirmed from this event, including another long-track EF-2 tornado that impacted Davidson, Sumner, and Trousdale counties which was warned with a Tornado Emergency. Unfortunately, seven people were killed during this event.",6
1152178,TODD CO.,SOUTH ZION,12/09/2023,1357,Tornado, ,EF2,0,0,750000,0,KY,CST-6, ,187590,C,219,PAH,0,0,NWS Storm Survey, ,13.1,440,3,S,1,SE,ALLENSVILLE,12/09/2023,1415,36.64,-87.28,36.71,-87.06,"This tornado first touched down on Fort Campbell just north of the Sabre Airfield in Montgomery County, TN. The tornado tracked northeastward through northern Clarksville, entering into Todd County 5 miles west of Guthrie. As the tornado continued into southeastern Todd County, sparsely populated areas were affected initially. Hwys 41, 79, and 848 were blocked by debris or power lines and Hwy 181 was blocked by a train due to debris getting caught under the train. Trees were damaged, along with broken glass at a residence on the Dixie-Beeline Highway and destruction of an outbuilding on Old Railroad Lane. Large sections of a roof were removed from a home on Snardon Mill Rd. Much of the damage occurred on the south side of Allensville, where several homes had heavily damaged roofs, along with more trees, power poles, and outbuildings damaged or destroyed. The tornado continued into Logan County, KY, crossing over on the south side of Allensville. EF-2 damage indicators occurred repeatedly along the track throughout Todd County, suggesting a fairly consistent intensity for this segment. In total, hundreds of trees were snapped or uprooted and several power poles were broken. At least a dozen outbuildings were destroyed, including barns, sheds, workshops, and garages. Over a dozen homes suffered minor to major damage to roofs, siding, and gutters. Several homes had parts of roofs removed.","By mid-morning, clusters of storms were developing across NE Arkansas and the Missouri Bootheel. These storms continued across Western Kentucky and Tennessee for the late morning and afternoon hours. A few of these storms were strong to severe across Western Kentucky, including dime size hail reports in Fulton and McCracken counties. The most impactful storm was a supercell tornado which began in Fort Campbell and tracked northeastward from Montgomery County, TN to Logan County, KY, crossing southeastern Todd County. EF-2 damage was found in multiple locations in Todd County, while the strongest damage, rated EF-3, occurred in Clarksville, Tennessee. The tornado was on the ground for approximately 48 miles, 13 of which were in Todd County. A cold front had reached the Lower Ohio River around noon. CAPE values were approximately 1000 J/kg near the Tennessee border. Effective bulk shear was 60 kts, with 25-30 kts of surface-1km shear and ESRH of 200 m2/s2.",7
1153035,LOGAN CO.,OLMSTEAD,12/09/2023,1415,Tornado, ,EF2,0,0,0,0,KY,CST-6, ,186435,C,141,LMK,0,0,NWS Storm Survey, ,22.37,250,3,SW,2,SSE,AUBURN,12/09/2023,1448,36.715,-87.06,36.844,-86.691,"The National Weather Service in Louisville conducted a storm damage assessment survey in Logan County, Kentucky from the storms on Saturday, December 9th. The survey was conducted in very cold conditions with temperatures in the mid to upper 30s with storm damage over 22 miles. ||This storm damage survey is only for the Logan County and Simpson County, Kentucky, portion of a long-track EF3 tornado that touched down on Fort Campbell in Montgomery County, Tennessee. The tornado tracked east northeast across the southern part of Todd County, Kentucky. The tornado continued eastward from Todd County, Kentucky, dropping debris from Allensville into farmers fields between the county line and Gossett Hines Road. The tornado sucked up leftover corn and beans from the fields, throwing them in all directions and covering portions of the roadway. It also knocked some power lines down in this area with wind speeds estimated at 95 mph (EF1) and a path width of 125 yards.||The tornado continued east northeastward, topping some trees near the intersection of Paul Young Road as well as doing significant structural roof damage to a barn. Wind speeds were estimated at 90 mph (EF1), with a path width of 100 yards. ||The tornado increased in width and intensity as it approached Lickskillet. A series of small vortices inside the tornado increased the width to 250 yards, with wind speeds estimated at 115 mph (EF2) in a small area off of Lickskillet Road. A well-built two-story house sustained extensive roof damage, had its foundation shifted, windows blown out, 3 vehicles thrown and severely damaged, and 2 barns destroyed with impalement of barn boards. Debris was thrown several hundred yards from the north to |the east southeasterly direction. NWS drone footage clearly showed a large forested area had trees snapped, uprooted, twisted and facing numerous directions. The drone footage also showed debris deposited up to 500 yards to the east northeast. ||Several barns and outbuildings were destroyed along Lickskillet Road, with barn metal sheeting wrapped around trees and insulation on the front and back sides of homes. The survey team once again observed leftover corn and beans from harvested crops thrown all over the place. Wind speeds in this area ranged from 95 to 105 mph (EF1) with a damage width of 250 yards. ||Witness testimony and video clearly showed several small vortices mainly rain wrapped in this area. Numerous people heard the strong wind and roar and felt a severe pressure drop in their eardrums. ||The tornado next hit a couple of homes on Watermelon Road (Hwy 1041). Significant roof damage occurred, including major loss of shingles, loss of gutters and large sections of the roof ripped off and mangled. There were several uprooted trees, and 2 outbuildings were destroyed. Some damage was thrown 400 yards to the east northeast. Wind speeds in this area ranged from 95 to 105 mph (EF1) with a width of 250 yards.||The next concentrated damage area was near the intersection of Johnson Young Road (Highway 739) and McIntosh Road. Several greenhouses had their roofing material ripped apart and bent, and two outbuildings and one barn were destroyed. Several witnesses had video of the tornado, which showed several small vortices. This was extremely helpful to determine why some areas had almost no damage, while other areas had substantial damage. Dozens of large trees were uprooted and snapped on the west side of McIntosh Road behind the greenhouses. Wind speeds in this area were between 100 and 105 mph (EF1) with a width of 250 yards.||The tornado significantly damaged roofing structures of two homes on Orndorff Mill Road (Highway 96). One middle section of the home on the west side of Hwy 96 was completely destroyed, and the home on the east side of Hwy 96 had most of its roof ripped off. There were some structural flaws to these homes and pine trees next to the home were not significantly affected. Thus, wind speeds were kept at 95 mph (EF1). Two barns were destroyed at this location as well. ||Along Nashville Road (Highway 431), there was some metal uplift of some barns and one outbuilding, while no foundation support was destroyed. Wind speeds were between 80 and 85 mph (EF0) with a width of 175 yards.||Along Franklin Road (Highway 100), there were several power poles snapped or knocked down, and some shingle, gutter, and soffit damage to one home. Wind speeds were 90 mph (EF1) with a width of 175 yards.||Along Dennis Corinth Road (Highway 2369), there was a partial uplift of an old barn. The debris from the barn was thrown to the north and east directions. The eastern debris struck a single- family residence, doing roof, gutter, and broken glass damage. Wind speeds were between 80 and 85 mph (EF0) with a width of 100 yards.||The last observed damage from the December 10th survey was roof damage to a barn on Carter Road with debris thrown into a farmer's field, stopping before Montgomery Road. Wind speeds were 85 mph (EF0) with a width of 60 yards. ||Upon further investigation by emergency personnel on December 18th, the tornado was found to have crossed Montgomery Road across mostly rural locations before more damage was observed at Matlock Road and Pamela Lane.  Roof damage to barns and outbuildings were found to be at EF0 strength at 80 mph.  The tornado then continued across Friendship Road and did damage along Harris Road where a barn under construction was leveled.  Winds in excess of 90 mph were determined to occur here at EF1 strength.||The tornado continued across Logan Middleton Road where EF0 damage occurred to a home and barns just to the east of the highway.  At this point, the tornado crossed just into Simpson county along Clifford Peart and J Wilson Road where additional barn damage occurred.  No additional damage was observed from the tornado beyond |Clifford Peart Road. In total, the damage track was extended an additional 4.59 miles for a total of 22.82 miles in the NWS Louisville warning area, and a total of 47.75 miles from the origination point of Montgomery County TN.","A strong storm system moved through the eastern half of the United States from December 9th-11th, 2023. The storm system was supported by a broad upper level trough which deepened and amplified over the central and eastern CONUS on December 9th. At the surface, a cold front over the Mississippi Valley on the morning of the 9th gradually moved eastward across Kentucky and Tennessee through the afternoon and evening hours. Ahead of the cold front, low level warm and humid air from the Gulf of Mexico was lifted northward into Middle Tennessee and South Central Kentucky, which when combined with approaching cold air in the mid-levels of the atmosphere, provided enough instability to develop showers and thunderstorms in the pre-frontal environment during the afternoon and evening hours on December 9th.||Although instability was an important ingredient for the development of thunderstorms, the amount of vertical wind shear in the atmosphere was the key factor that gave storms the potential to become strong and severe. While winds near the ground ranged from 10 to 15 mph out of the south and southeast, winds 4000-5000 feet off the ground were 45 to 55 mph out of the southwest. This combination of changing wind direction and increasing wind speed allowed for the development of supercell thunderstorms, which began to form across west and northwest Tennessee just after noon. Storms continued to increase in intensity during the early afternoon hours, with one particular supercell west of Clarksville, Tennessee becoming the primary storm of concern for our area. A tornado formed near the perimeter of Fort Campbell before moving northeast, producing up to EF-3 damage in northern Montgomery County, TN. The cell then crossed into Kentucky in southern Todd County, where it was on the ground for over 13 miles, producing up to EF-2 damage.||The tornado continued into the NWS Louisville County Warning Area near the community of Allensville on the Todd/Logan County line. In Logan County, the tornado remained on the ground for over 22 miles, producing up to EF-2 damage with maximum estimated winds of 115 mph. The tornado barely crossed into far northwestern Simpson County before lifting about 2 miles southeast of Auburn. However, rotation just off the ground within the mesocyclone remained strong, with funnel clouds being observed as the storm passed through extreme northwestern Simpson County and into southwestern Warren County. Ultimately, a second tornado from the same storm touched down on the south side of Bowling Green, producing up to EF-1 damage with maximum estimated winds of 90 mph over a path of around two and a quarter miles.||Later in the evening, a third tornado also touched down in far northern Clay county Tennessee and then moved across the state line into Monroe county Kentucky. This brief EF-1 tornado did most of its damage near the Harlan Crossroads community before lifting.",8
1153047,SIMPSON CO.,STOWERS,12/09/2023,1448,Tornado, ,EF0,0,0,0,0,KY,CST-6, ,186435,C,213,LMK,0,0,NWS Storm Survey, ,0.45,60,4,WNW,3,WNW,STOWERS,12/09/2023,1449,36.844,-86.691,36.845,-86.683,"The National Weather Service in Louisville conducted a storm damage assessment survey for the Logan County and Simpson County, Kentucky, portion of a long-track EF3 tornado that touched down on Fort Campbell in Montgomery County, Tennessee. ||The tornado tracked east-northeast across the southern part of Todd County, Kentucky and across Logan County before entering Simpson County along Clifford Peart and J Wilson Road where additional barn damage occurred. No additional damage was observed from the tornado beyond Clifford Peart Road. ||In total, a total of 22.82 miles of the 47.75 mile tornado track was in the NWS Louisville warning area.","A strong storm system moved through the eastern half of the United States from December 9th-11th, 2023. The storm system was supported by a broad upper level trough which deepened and amplified over the central and eastern CONUS on December 9th. At the surface, a cold front over the Mississippi Valley on the morning of the 9th gradually moved eastward across Kentucky and Tennessee through the afternoon and evening hours. Ahead of the cold front, low level warm and humid air from the Gulf of Mexico was lifted northward into Middle Tennessee and South Central Kentucky, which when combined with approaching cold air in the mid-levels of the atmosphere, provided enough instability to develop showers and thunderstorms in the pre-frontal environment during the afternoon and evening hours on December 9th.||Although instability was an important ingredient for the development of thunderstorms, the amount of vertical wind shear in the atmosphere was the key factor that gave storms the potential to become strong and severe. While winds near the ground ranged from 10 to 15 mph out of the south and southeast, winds 4000-5000 feet off the ground were 45 to 55 mph out of the southwest. This combination of changing wind direction and increasing wind speed allowed for the development of supercell thunderstorms, which began to form across west and northwest Tennessee just after noon. Storms continued to increase in intensity during the early afternoon hours, with one particular supercell west of Clarksville, Tennessee becoming the primary storm of concern for our area. A tornado formed near the perimeter of Fort Campbell before moving northeast, producing up to EF-3 damage in northern Montgomery County, TN. The cell then crossed into Kentucky in southern Todd County, where it was on the ground for over 13 miles, producing up to EF-2 damage.||The tornado continued into the NWS Louisville County Warning Area near the community of Allensville on the Todd/Logan County line. In Logan County, the tornado remained on the ground for over 22 miles, producing up to EF-2 damage with maximum estimated winds of 115 mph. The tornado barely crossed into far northwestern Simpson County before lifting about 2 miles southeast of Auburn. However, rotation just off the ground within the mesocyclone remained strong, with funnel clouds being observed as the storm passed through extreme northwestern Simpson County and into southwestern Warren County. Ultimately, a second tornado from the same storm touched down on the south side of Bowling Green, producing up to EF-1 damage with maximum estimated winds of 90 mph over a path of around two and a quarter miles.||Later in the evening, a third tornado also touched down in far northern Clay county Tennessee and then moved across the state line into Monroe county Kentucky. This brief EF-1 tornado did most of its damage near the Harlan Crossroads community before lifting.",9
1153058,WARREN CO.,THREE SPGS,12/09/2023,1507,Tornado, ,EF1,0,0,0,0,KY,CST-6, ,186435,C,227,LMK,0,0,NWS Storm Survey, ,2.24,125,1,WNW,1,NE,GREENWOOD,12/09/2023,1513,36.924,-86.45,36.935,-86.412,"The National Weather Service conducted a storm damage assessment survey in Warren County on the south side of Bowling Green from the storm on Saturday afternoon December 9.||The tornado touchdown was just east of I-165 near Paradise playground. Damage consisted of twisting and topping some trees, with wind speeds of 80 mph, EF0 and then quickly increased to 90 mph, EF1, with uprooted and snapping trees, roof shingle and soffit damage, destroyed a greenhouse, and uprooting more trees on top of home on Smallhouse Rd. Trees were facing from the northwesterly direction to an East northeasterly direction. The tornado's width along Smallhouse Road was 125 yards wide. The tornado was skipping as it went eastward and was very intermittent. The damage in the next subdivision was shingle and gutter related, with yard furniture thrown northeasterly through easterly direction. Wind speeds were 85 mph, EF0, with a width of 75 yards.||The next significant damage was along Three Spring Road consisting of two large metal warehouses having significant roofing damage. Unfortunately, the area was locked and we are unable to fly the drone due to air space restrictions. Wind speeds in this area were 90 mph, EF1, with a width of 70 yards. The tornado was skipping as it crossed Scottsville Road and Interstate 65, and then did significant roofing damage to the Super 8 Hotel on Cumberland Trace Road. Many sections of the galvanized roofing structure were thrown several hundred yards into the trees and up again against apartments. The roofing material was thrown from the north northeast to the easterly direction. Wind speeds in this area were 90 mph, EF1, with a width of 70 yards. The tornado lifted halfway between Cumberland Trace Road and Deer Meadow Avenue.","A strong storm system moved through the eastern half of the United States from December 9th-11th, 2023. The storm system was supported by a broad upper level trough which deepened and amplified over the central and eastern CONUS on December 9th. At the surface, a cold front over the Mississippi Valley on the morning of the 9th gradually moved eastward across Kentucky and Tennessee through the afternoon and evening hours. Ahead of the cold front, low level warm and humid air from the Gulf of Mexico was lifted northward into Middle Tennessee and South Central Kentucky, which when combined with approaching cold air in the mid-levels of the atmosphere, provided enough instability to develop showers and thunderstorms in the pre-frontal environment during the afternoon and evening hours on December 9th.||Although instability was an important ingredient for the development of thunderstorms, the amount of vertical wind shear in the atmosphere was the key factor that gave storms the potential to become strong and severe. While winds near the ground ranged from 10 to 15 mph out of the south and southeast, winds 4000-5000 feet off the ground were 45 to 55 mph out of the southwest. This combination of changing wind direction and increasing wind speed allowed for the development of supercell thunderstorms, which began to form across west and northwest Tennessee just after noon. Storms continued to increase in intensity during the early afternoon hours, with one particular supercell west of Clarksville, Tennessee becoming the primary storm of concern for our area. A tornado formed near the perimeter of Fort Campbell before moving northeast, producing up to EF-3 damage in northern Montgomery County, TN. The cell then crossed into Kentucky in southern Todd County, where it was on the ground for over 13 miles, producing up to EF-2 damage.||The tornado continued into the NWS Louisville County Warning Area near the community of Allensville on the Todd/Logan County line. In Logan County, the tornado remained on the ground for over 22 miles, producing up to EF-2 damage with maximum estimated winds of 115 mph. The tornado barely crossed into far northwestern Simpson County before lifting about 2 miles southeast of Auburn. However, rotation just off the ground within the mesocyclone remained strong, with funnel clouds being observed as the storm passed through extreme northwestern Simpson County and into southwestern Warren County. Ultimately, a second tornado from the same storm touched down on the south side of Bowling Green, producing up to EF-1 damage with maximum estimated winds of 90 mph over a path of around two and a quarter miles.||Later in the evening, a third tornado also touched down in far northern Clay county Tennessee and then moved across the state line into Monroe county Kentucky. This brief EF-1 tornado did most of its damage near the Harlan Crossroads community before lifting.",10
1144368,DICKSON CO.,WOODS VLY,12/09/2023,1529,Tornado, ,EF2,0,2,2000000,0,TN,CST-6, ,186479,C,43,OHX,0,0,NWS Storm Survey, ,5.81,300,2,SSW,2,NNE,STAYTON,12/09/2023,1539,36.2793,-87.4138,36.3029,-87.3137,"This EF-2 tornado touched down southwest of the intersection of Woods Valley Road and Bone Road, then moved east-northeast where it snapped a few pine trees and caused roof damage to a home. Continuing east-northeast, the tornado damaged a mobile home and outbuilding on Gamble Hollow Road. The tornado intensified to EF-2 as it crossed Highway 48, causing the most significant damage along its path as it completely removed the top level of a home, leaving only the lower exterior walls in place. Winds were estimated at 125 mph in this area. The tornado maintained its strength as it continued toward Freeman Loop, striking an A-frame house and ripping off the top half of the home. As it continued eastward, the tornado did substantial damage to another mobile home and snapped and uprooted dozens of trees along Freeman Loop before finally lifting after crossing Barton's Creek.","A major tornado outbreak impacted Middle Tennessee during the afternoon and evening hours of December 9, 2023. With a surface low pressure system situated over the Great Lakes area, a cold front was oriented north-to-south from the Great Lakes southward into the southeastern United States. Ahead of this cold front, southerly flow advected plenty of moisture into Middle Tennessee as the atmosphere destabilized. Meanwhile, a potent low-level jet resulted in an abundant amount of wind shear. This helped to set the stage for organized thunderstorms with a tornado threat. Thunderstorms began to cross the Tennessee River into the mid-state during the early afternoon hours. The first tornado of the day touched down in Indian Mound in Stewart County. That same supercell spawned another, more significant, tornado in Montgomery County that impacted Clarksville. This was the strongest tornado of the event, causing EF-3 damage before it continued its path into Kentucky. In total, six tornadoes were confirmed from this event, including another long-track EF-2 tornado that impacted Davidson, Sumner, and Trousdale counties which was warned with a Tornado Emergency. Unfortunately, seven people were killed during this event.",11
1144372,DICKSON CO.,CLAYLICK,12/09/2023,1603,Tornado, ,EF2,0,2,1500000,0,TN,CST-6, ,186479,C,43,OHX,0,0,NWS Storm Survey, ,4.76,500,1,SW,4,ENE,CLAYLICK,12/09/2023,1610,36.1601,-87.2335,36.183,-87.153,"This tornado touched down in the Claylick community in eastern Dickson County, snapping and uprooting several trees and destroyed an outbuilding. It quickly intensified to low-end EF-2 strength as it crossed Nosegay Road and demolished a single-story manufactured home. The tornado continued to Pack Annex Road where it did minor damage to the tops of high-tension powerlines and continued to snap large trees as it moved northeast into Cheatham County. The tornado weakened and caused sporadic tree damage as it moved into Cheatham Wildlife Management Area. It strengthened once more, causing prolific tree damage and structure damage to homes along Dry Creek Road south of Ashland City. Just before leaving Cheatham County, the tornado caused minor outbuilding damage and snapped a few trees near River Road. At this point, the tornado Crossed into Davidson County and crossed the Cumberland River. On Pecan Valley Road, some structural damage was observed, but damage was consistent with a weakening tornado with maximum winds of 90 mph. The tornado lifted after crossing Old Hickory Boulevard, just north of Ashland City Highway.","A major tornado outbreak impacted Middle Tennessee during the afternoon and evening hours of December 9, 2023. With a surface low pressure system situated over the Great Lakes area, a cold front was oriented north-to-south from the Great Lakes southward into the southeastern United States. Ahead of this cold front, southerly flow advected plenty of moisture into Middle Tennessee as the atmosphere destabilized. Meanwhile, a potent low-level jet resulted in an abundant amount of wind shear. This helped to set the stage for organized thunderstorms with a tornado threat. Thunderstorms began to cross the Tennessee River into the mid-state during the early afternoon hours. The first tornado of the day touched down in Indian Mound in Stewart County. That same supercell spawned another, more significant, tornado in Montgomery County that impacted Clarksville. This was the strongest tornado of the event, causing EF-3 damage before it continued its path into Kentucky. In total, six tornadoes were confirmed from this event, including another long-track EF-2 tornado that impacted Davidson, Sumner, and Trousdale counties which was warned with a Tornado Emergency. Unfortunately, seven people were killed during this event.",12
1144373,CHEATHAM CO.,GRIFFINTOWN,12/09/2023,1610,Tornado, ,EF2,0,0,700000,0,TN,CST-6, ,186479,C,21,OHX,0,0,NWS Storm Survey, ,9.57,500,1,W,3,SE,GRAVELOTTE,12/09/2023,1624,36.183,-87.153,36.207,-86.984,"This tornado touched down in the Claylick community in eastern Dickson County, snapping and uprooting several trees and destroyed an outbuilding. It quickly intensified to low-end EF-2 strength as it crossed Nosegay Road and demolished a single-story manufactured home. The tornado continued to Pack Annex Road where it did minor damage to the tops of high-tension powerlines and continued to snap large trees as it moved northeast into Cheatham County. The tornado weakened and caused sporadic tree damage as it moved into Cheatham Wildlife Management Area. It strengthened once more, causing prolific tree damage and structure damage to homes along Dry Creek Road south of Ashland City. Just before leaving Cheatham County, the tornado caused minor outbuilding damage and snapped a few trees near River Road. At this point, the tornado Crossed into Davidson County and crossed the Cumberland River. On Pecan Valley Road, some structural damage was observed, but damage was consistent with a weakening tornado with maximum winds of 90 mph. The tornado lifted after crossing Old Hickory Boulevard, just north of Ashland City Highway.","A major tornado outbreak impacted Middle Tennessee during the afternoon and evening hours of December 9, 2023. With a surface low pressure system situated over the Great Lakes area, a cold front was oriented north-to-south from the Great Lakes southward into the southeastern United States. Ahead of this cold front, southerly flow advected plenty of moisture into Middle Tennessee as the atmosphere destabilized. Meanwhile, a potent low-level jet resulted in an abundant amount of wind shear. This helped to set the stage for organized thunderstorms with a tornado threat. Thunderstorms began to cross the Tennessee River into the mid-state during the early afternoon hours. The first tornado of the day touched down in Indian Mound in Stewart County. That same supercell spawned another, more significant, tornado in Montgomery County that impacted Clarksville. This was the strongest tornado of the event, causing EF-3 damage before it continued its path into Kentucky. In total, six tornadoes were confirmed from this event, including another long-track EF-2 tornado that impacted Davidson, Sumner, and Trousdale counties which was warned with a Tornado Emergency. Unfortunately, seven people were killed during this event.",13
1144376,ROBERTSON CO.,SPRINGFIELD,12/09/2023,1616,Tornado, ,EF2,0,4,10000000,0,TN,CST-6, ,186479,C,147,OHX,0,0,NWS Storm Survey, ,6,300,3,SW,1,ENE,OAKLAND,12/09/2023,1625,36.4689,-86.9078,36.5052,-86.8113,"This EF-2 tornado touched down north of C.M. Martin Road to the west of Highway 431 where it blew down a few trees. The tornado crossed Highway 431 south of Main Street where it knocked over some power poles, then continued to blow down trees east of the highway. The tornado moved into southern Springfield near Fairway Trail and Kemper Court, snapping and uprooting trees along many residential streets and causing minor damage to a few homes. More significant damage to homes occurred further northeast on Rudolph Street and Brentlawn Drive. The tornado strengthened as it crossed Highway 41 near the Kroger shopping center, with numerous businesses damaged from high-end EF1 to low-end EF2 intensity (110-115 mph). 25 vehicles in the Kroger parking lot were flipped with some thrown into nearby ditches. The tornado then crossed the railroad tracks behind Kroger and reached its peak intensity as it entered an industrial area, where multiple warehouse structures were heavily damaged. With the majority of these metal building systems having Grade 5 bolts holding down the columns, winds were estimated at EF-2/120 mph in this area. The tornado then struck a fire department and strip mall (EF-1/110 mph) and bent a steel transmission pole at a power substation (EF-2/115 mph) on the east side of the industrial park. As the tornado continued northeast, it significantly weakened but still uprooted trees and caused minor roof damage to homes on Greystone Drive and Sloan Lane. On Roy Pitt Road, the tornado destroyed a two car garage and rolled a trailer on its side (EF-1). The tornado continued to blow down trees as it moved northeast across Highway 76E near Oakland Road before finally lifting north of Sloan Road.","A major tornado outbreak impacted Middle Tennessee during the afternoon and evening hours of December 9, 2023. With a surface low pressure system situated over the Great Lakes area, a cold front was oriented north-to-south from the Great Lakes southward into the southeastern United States. Ahead of this cold front, southerly flow advected plenty of moisture into Middle Tennessee as the atmosphere destabilized. Meanwhile, a potent low-level jet resulted in an abundant amount of wind shear. This helped to set the stage for organized thunderstorms with a tornado threat. Thunderstorms began to cross the Tennessee River into the mid-state during the early afternoon hours. The first tornado of the day touched down in Indian Mound in Stewart County. That same supercell spawned another, more significant, tornado in Montgomery County that impacted Clarksville. This was the strongest tornado of the event, causing EF-3 damage before it continued its path into Kentucky. In total, six tornadoes were confirmed from this event, including another long-track EF-2 tornado that impacted Davidson, Sumner, and Trousdale counties which was warned with a Tornado Emergency. Unfortunately, seven people were killed during this event.",14
1144375,DAVIDSON CO.,SCOTTSBORO,12/09/2023,1624,Tornado, ,EF2,0,0,250000,0,TN,CST-6, ,186479,C,37,OHX,0,0,NWS Storm Survey, ,4.04,500,4,WSW,1,ESE,SCOTTSBORO,12/09/2023,1627,36.207,-86.984,36.2162,-86.9066,"This tornado touched down in the Claylick community in eastern Dickson County, snapping and uprooting several trees and destroyed an outbuilding. It quickly intensified to low-end EF-2 strength as it crossed Nosegay Road and demolished a single-story manufactured home. The tornado continued to Pack Annex Road where it did minor damage to the tops of high-tension powerlines and continued to snap large trees as it moved northeast into Cheatham County. The tornado weakened and caused sporadic tree damage as it moved into Cheatham Wildlife Management Area. It strengthened once more, causing prolific tree damage and structure damage to homes along Dry Creek Road south of Ashland City. Just before leaving Cheatham County, the tornado caused minor outbuilding damage and snapped a few trees near River Road. At this point, the tornado Crossed into Davidson County and crossed the Cumberland River. On Pecan Valley Road, some structural damage was observed, but damage was consistent with a weakening tornado with maximum winds of 90 mph. The tornado lifted after crossing Old Hickory Boulevard, just north of Ashland City Highway.","A major tornado outbreak impacted Middle Tennessee during the afternoon and evening hours of December 9, 2023. With a surface low pressure system situated over the Great Lakes area, a cold front was oriented north-to-south from the Great Lakes southward into the southeastern United States. Ahead of this cold front, southerly flow advected plenty of moisture into Middle Tennessee as the atmosphere destabilized. Meanwhile, a potent low-level jet resulted in an abundant amount of wind shear. This helped to set the stage for organized thunderstorms with a tornado threat. Thunderstorms began to cross the Tennessee River into the mid-state during the early afternoon hours. The first tornado of the day touched down in Indian Mound in Stewart County. That same supercell spawned another, more significant, tornado in Montgomery County that impacted Clarksville. This was the strongest tornado of the event, causing EF-3 damage before it continued its path into Kentucky. In total, six tornadoes were confirmed from this event, including another long-track EF-2 tornado that impacted Davidson, Sumner, and Trousdale counties which was warned with a Tornado Emergency. Unfortunately, seven people were killed during this event.",15
1144554,DAVIDSON CO.,MADISON,12/09/2023,1639,Tornado, ,EF2,3,21,10000000,0,TN,CST-6, ,186479,C,37,OHX,0,0,NWS Storm Survey, ,7.76,400,1,WNW,1,NNE,EDENWOLD,12/09/2023,1650,36.255,-86.7852,36.297,-86.656,"This strong EF-2 tornado touched down just to the east of I-24 on Brick Church Lane in Davidson County. There were a few trees down and shingle damage to several homes in this area. The tornado strengthened in the Madison area causing EF-2 damage with winds up to 120-125 mph. The heaviest damage was confined to two areas, off of East Campbell Road as well as Nesbitt Lane. Multiple mobile homes were destroyed on Nesbitt Lane, and this is where three fatalities occurred. Multiple single family homes and a church off of East Campbell Road were missing large sections of their roofs with some exterior walls collapsed. Several metal power poles in the area were bent as well. Nearby, an apartment complex off Palmer Avenue sustained damage. As the tornado moved further northeast, substantial damage was found to houses in a cul-de-sac on Stoney River Lane. Two buildings were toppled and several others damaged in an industrial complex off of Myatt Drive. The tornado then continued across the Cumberland River and Old Hickory Lake, coming onshore again in the immediate dam vicinity. It is this location in which the strongest winds were found, up to 130 miles per hour, due to substantial damage to a grove of hundreds of trees in which all of them were either snapped, uprooted, or missing major branches. The tornado persisted into Hendersonville, downing hundreds of trees and causing roof damage to multiple homes. It damaged many businesses along Main Street. The tornado continued northeast into Gallatin where EF-2 damage with maximum winds of 115 mph was found to a few homes in the Club at Foxland Harbor as we as the Foxland Harbor Golf and Country Club. At this point, the tornado began to weaken though EF-1 damage was found as it crossed Highway 109 and Steam Plant Road. Several trees were still found to be uprooted along with minor roof and shingle damage to a couple of homes as the tornado crossed Hartsville Pike. Scattered trees continued to be blown down along Lauderdale Lane and Homer Scott Road before the tornado crossed Highway 231 into Trousdale County. Trees continued to be blown down on Browning Branch Road and a home suffered significant roof and porch damage on Hawkins Branch Road. Trees continued to be blown down until the tornado lifted near Shephard Hollow Lane. Around 600 homes and businesses were damaged in Sumner County.","A major tornado outbreak impacted Middle Tennessee during the afternoon and evening hours of December 9, 2023. With a surface low pressure system situated over the Great Lakes area, a cold front was oriented north-to-south from the Great Lakes southward into the southeastern United States. Ahead of this cold front, southerly flow advected plenty of moisture into Middle Tennessee as the atmosphere destabilized. Meanwhile, a potent low-level jet resulted in an abundant amount of wind shear. This helped to set the stage for organized thunderstorms with a tornado threat. Thunderstorms began to cross the Tennessee River into the mid-state during the early afternoon hours. The first tornado of the day touched down in Indian Mound in Stewart County. That same supercell spawned another, more significant, tornado in Montgomery County that impacted Clarksville. This was the strongest tornado of the event, causing EF-3 damage before it continued its path into Kentucky. In total, six tornadoes were confirmed from this event, including another long-track EF-2 tornado that impacted Davidson, Sumner, and Trousdale counties which was warned with a Tornado Emergency. Unfortunately, seven people were killed during this event.",16
1144555,SUMNER CO.,ROCKLAND,12/09/2023,1650,Tornado, ,EF2,0,1,10000000,0,TN,CST-6, ,186479,C,165,OHX,0,0,NWS Storm Survey, ,23.49,400,1,W,1,SSE,CHIPMAN,12/09/2023,1724,36.297,-86.656,36.433,-86.269,"This strong EF-2 tornado touched down just to the east of I-24 on Brick Church Lane in Davidson County. There were a few trees down and shingle damage to several homes in this area. The tornado strengthened in the Madison area causing EF-2 damage with winds up to 120-125 mph. The heaviest damage was confined to two areas, off of East Campbell Road as well as Nesbitt Lane. Multiple mobile homes were destroyed on Nesbitt Lane, and this is where three fatalities occurred. Multiple single family homes and a church off of East Campbell Road were missing large sections of their roofs with some exterior walls collapsed. Several metal power poles in the area were bent as well. Nearby, an apartment complex off Palmer Avenue sustained damage. As the tornado moved further northeast, substantial damage was found to houses in a cul-de-sac on Stoney River Lane. Two buildings were toppled and several others damaged in an industrial complex off of Myatt Drive. The tornado then continued across the Cumberland River and Old Hickory Lake, coming onshore again in the immediate dam vicinity. It is this location in which the strongest winds were found, up to 130 miles per hour, due to substantial damage to a grove of hundreds of trees in which all of them were either snapped, uprooted, or missing major branches. The tornado persisted into Hendersonville, downing hundreds of trees and causing roof damage to multiple homes. It damaged many businesses along Main Street. The tornado continued northeast into Gallatin where EF-2 damage with maximum winds of 115 mph was found to a few homes in the Club at Foxland Harbor as we as the Foxland Harbor Golf and Country Club. At this point, the tornado began to weaken though EF-1 damage was found as it crossed Highway 109 and Steam Plant Road. Several trees were still found to be uprooted along with minor roof and shingle damage to a couple of homes as the tornado crossed Hartsville Pike. Scattered trees continued to be blown down along Lauderdale Lane and Homer Scott Road before the tornado crossed Highway 231 into Trousdale County. Trees continued to be blown down on Browning Branch Road and a home suffered significant roof and porch damage on Hawkins Branch Road. Trees continued to be blown down until the tornado lifted near Shephard Hollow Lane. Around 600 homes and businesses were damaged in Sumner County.","A major tornado outbreak impacted Middle Tennessee during the afternoon and evening hours of December 9, 2023. With a surface low pressure system situated over the Great Lakes area, a cold front was oriented north-to-south from the Great Lakes southward into the southeastern United States. Ahead of this cold front, southerly flow advected plenty of moisture into Middle Tennessee as the atmosphere destabilized. Meanwhile, a potent low-level jet resulted in an abundant amount of wind shear. This helped to set the stage for organized thunderstorms with a tornado threat. Thunderstorms began to cross the Tennessee River into the mid-state during the early afternoon hours. The first tornado of the day touched down in Indian Mound in Stewart County. That same supercell spawned another, more significant, tornado in Montgomery County that impacted Clarksville. This was the strongest tornado of the event, causing EF-3 damage before it continued its path into Kentucky. In total, six tornadoes were confirmed from this event, including another long-track EF-2 tornado that impacted Davidson, Sumner, and Trousdale counties which was warned with a Tornado Emergency. Unfortunately, seven people were killed during this event.",17
1144556,TROUSDALE CO.,TEMPLOW,12/09/2023,1724,Tornado, ,EF2,0,0,200000,0,TN,CST-6, ,186479,C,169,OHX,0,0,NWS Storm Survey, ,3.52,400,2,W,2,WNW,WILLARD,12/09/2023,1727,36.433,-86.269,36.4567,-86.2129,"This strong EF-2 tornado touched down just to the east of I-24 on Brick Church Lane in Davidson County. There were a few trees down and shingle damage to several homes in this area. The tornado strengthened in the Madison area causing EF-2 damage with winds up to 120-125 mph. The heaviest damage was confined to two areas, off of East Campbell Road as well as Nesbitt Lane. Multiple mobile homes were destroyed on Nesbitt Lane, and this is where three fatalities occurred. Multiple single family homes and a church off of East Campbell Road were missing large sections of their roofs with some exterior walls collapsed. Several metal power poles in the area were bent as well. Nearby, an apartment complex off Palmer Avenue sustained damage. As the tornado moved further northeast, substantial damage was found to houses in a cul-de-sac on Stoney River Lane. Two buildings were toppled and several others damaged in an industrial complex off of Myatt Drive. The tornado then continued across the Cumberland River and Old Hickory Lake, coming onshore again in the immediate dam vicinity. It is this location in which the strongest winds were found, up to 130 miles per hour, due to substantial damage to a grove of hundreds of trees in which all of them were either snapped, uprooted, or missing major branches. The tornado persisted into Hendersonville, downing hundreds of trees and causing roof damage to multiple homes. It damaged many businesses along Main Street. The tornado continued northeast into Gallatin where EF-2 damage with maximum winds of 115 mph was found to a few homes in the Club at Foxland Harbor as we as the Foxland Harbor Golf and Country Club. At this point, the tornado began to weaken though EF-1 damage was found as it crossed Highway 109 and Steam Plant Road. Several trees were still found to be uprooted along with minor roof and shingle damage to a couple of homes as the tornado crossed Hartsville Pike. Scattered trees continued to be blown down along Lauderdale Lane and Homer Scott Road before the tornado crossed Highway 231 into Trousdale County. Trees continued to be blown down on Browning Branch Road and a home suffered significant roof and porch damage on Hawkins Branch Road. Trees continued to be blown down until the tornado lifted near Shephard Hollow Lane. Around 600 homes and businesses were damaged in Sumner County.","A major tornado outbreak impacted Middle Tennessee during the afternoon and evening hours of December 9, 2023. With a surface low pressure system situated over the Great Lakes area, a cold front was oriented north-to-south from the Great Lakes southward into the southeastern United States. Ahead of this cold front, southerly flow advected plenty of moisture into Middle Tennessee as the atmosphere destabilized. Meanwhile, a potent low-level jet resulted in an abundant amount of wind shear. This helped to set the stage for organized thunderstorms with a tornado threat. Thunderstorms began to cross the Tennessee River into the mid-state during the early afternoon hours. The first tornado of the day touched down in Indian Mound in Stewart County. That same supercell spawned another, more significant, tornado in Montgomery County that impacted Clarksville. This was the strongest tornado of the event, causing EF-3 damage before it continued its path into Kentucky. In total, six tornadoes were confirmed from this event, including another long-track EF-2 tornado that impacted Davidson, Sumner, and Trousdale counties which was warned with a Tornado Emergency. Unfortunately, seven people were killed during this event.",18
1144557,CLAY CO.,CLEMENTSVILLE,12/09/2023,1807,Tornado, ,EF1,0,0,50000,0,TN,CST-6, ,186479,C,27,OHX,0,0,NWS Storm Survey, ,0.35,50,0,SW,0,E,CLEMENTSVILLE,12/09/2023,1808,36.6169,-85.723,36.62,-85.718,"A brief EF-1 tornado touched down just south of the Kentucky border in Clay County where it blew down a few trees on Barber Shop Road. The tornado intensified to an EF-1 as it moved northeast into Kentucky.","A major tornado outbreak impacted Middle Tennessee during the afternoon and evening hours of December 9, 2023. With a surface low pressure system situated over the Great Lakes area, a cold front was oriented north-to-south from the Great Lakes southward into the southeastern United States. Ahead of this cold front, southerly flow advected plenty of moisture into Middle Tennessee as the atmosphere destabilized. Meanwhile, a potent low-level jet resulted in an abundant amount of wind shear. This helped to set the stage for organized thunderstorms with a tornado threat. Thunderstorms began to cross the Tennessee River into the mid-state during the early afternoon hours. The first tornado of the day touched down in Indian Mound in Stewart County. That same supercell spawned another, more significant, tornado in Montgomery County that impacted Clarksville. This was the strongest tornado of the event, causing EF-3 damage before it continued its path into Kentucky. In total, six tornadoes were confirmed from this event, including another long-track EF-2 tornado that impacted Davidson, Sumner, and Trousdale counties which was warned with a Tornado Emergency. Unfortunately, seven people were killed during this event.",19
1153063,MONROE CO.,HARLAN XRDS,12/09/2023,1807,Tornado, ,EF1,0,0,0,0,KY,CST-6, ,186435,C,171,LMK,0,0,NWS Storm Survey, ,2.51,50,2,SSW,2,SE,HARLAN XRDS,12/09/2023,1811,36.62,-85.718,36.631,-85.683,"A brief  EF-1 tornado touched down just south of the Kentucky border in Clay County where it blew down a few trees on Barber Shop Road (EF-0). The tornado intensified to EF-1 as it moved northeast into Kentucky and caused significant roof and siding damage to several chicken barns in Harlan Crossroads. A home also lost its porch and part of its roof on Red Hill-Beech Grove Road. A few more trees were blown down west of of Beech Grove-Boles Road before the tornado lifted.","A strong storm system moved through the eastern half of the United States from December 9th-11th, 2023. The storm system was supported by a broad upper level trough which deepened and amplified over the central and eastern CONUS on December 9th. At the surface, a cold front over the Mississippi Valley on the morning of the 9th gradually moved eastward across Kentucky and Tennessee through the afternoon and evening hours. Ahead of the cold front, low level warm and humid air from the Gulf of Mexico was lifted northward into Middle Tennessee and South Central Kentucky, which when combined with approaching cold air in the mid-levels of the atmosphere, provided enough instability to develop showers and thunderstorms in the pre-frontal environment during the afternoon and evening hours on December 9th.||Although instability was an important ingredient for the development of thunderstorms, the amount of vertical wind shear in the atmosphere was the key factor that gave storms the potential to become strong and severe. While winds near the ground ranged from 10 to 15 mph out of the south and southeast, winds 4000-5000 feet off the ground were 45 to 55 mph out of the southwest. This combination of changing wind direction and increasing wind speed allowed for the development of supercell thunderstorms, which began to form across west and northwest Tennessee just after noon. Storms continued to increase in intensity during the early afternoon hours, with one particular supercell west of Clarksville, Tennessee becoming the primary storm of concern for our area. A tornado formed near the perimeter of Fort Campbell before moving northeast, producing up to EF-3 damage in northern Montgomery County, TN. The cell then crossed into Kentucky in southern Todd County, where it was on the ground for over 13 miles, producing up to EF-2 damage.||The tornado continued into the NWS Louisville County Warning Area near the community of Allensville on the Todd/Logan County line. In Logan County, the tornado remained on the ground for over 22 miles, producing up to EF-2 damage with maximum estimated winds of 115 mph. The tornado barely crossed into far northwestern Simpson County before lifting about 2 miles southeast of Auburn. However, rotation just off the ground within the mesocyclone remained strong, with funnel clouds being observed as the storm passed through extreme northwestern Simpson County and into southwestern Warren County. Ultimately, a second tornado from the same storm touched down on the south side of Bowling Green, producing up to EF-1 damage with maximum estimated winds of 90 mph over a path of around two and a quarter miles.||Later in the evening, a third tornado also touched down in far northern Clay county Tennessee and then moved across the state line into Monroe county Kentucky. This brief EF-1 tornado did most of its damage near the Harlan Crossroads community before lifting.",20
1154315,SIMPSON CO.,BRAXTON,12/09/2023,2118,Tornado, ,EF0,0,0,10000,0,MS,CST-6, ,186399,C,127,JAN,0,0,NWS Storm Survey, ,3.1,350,0,SW,3,E,BRAXTON,12/09/2023,2121,32.0455,-89.9858,32.048,-89.933,"An EF-0 tornado produced intermittent damage to trees and vegetation along a path extending from just north of Braxton to south of Puckett. The tornado tracked along the Rankin and Simpson county line. It briefly crossed into far southern Rankin County near Charlie Dixon Road, turned east-southeast, and crossed back into Simpson County near Cato Road where a tree was blown. A cedar tree south of Puckett was blown down onto power lines as the tornado dissipated near MS Highway 541. Maximum winds were estimated to be 80 mph, with a total path length of 14 miles across the two counties.","As a low pressure system moved through the Upper Midwest region, its cold front which stretched to the south through the Lower Mississippi River Valley became the focus for thunderstorm development on the afternoon of December 9th. Initially discrete supercell storms produced wind damage and hail as they moved into northern Mississippi, and these supercells eventually grew upscale into a squall line of nearly continuous storms as the cold front pushed farther southeast into Mississippi. A few severe storms developed in advance of the cold front during the afternoon and early evening and also produced wind damage and hail.",21
1154316,RANKIN CO.,PINEY WOODS,12/09/2023,2121,Tornado, ,EF0,0,0,10000,0,MS,CST-6, ,186399,C,121,JAN,0,0,NWS Storm Survey, ,2.81,350,3,ESE,6,ESE,PINEY WOODS,12/09/2023,2125,32.048,-89.933,32.048,-89.885,"An EF-0 tornado produced intermittent damage to trees and vegetation along a path extending from just north of Braxton to south of Puckett. The tornado tracked along the Rankin and Simpson county line. It briefly crossed into far southern Rankin County near Charlie Dixon Road, turned east-southeast, and crossed back into Simpson County near Cato Road where a tree was blown. A cedar tree south of Puckett was blown down onto power lines as the tornado dissipated near MS Highway 541. Maximum winds were estimated to be 80 mph, with a total path length of 14 miles across the two counties.","As a low pressure system moved through the Upper Midwest region, its cold front which stretched to the south through the Lower Mississippi River Valley became the focus for thunderstorm development on the afternoon of December 9th. Initially discrete supercell storms produced wind damage and hail as they moved into northern Mississippi, and these supercells eventually grew upscale into a squall line of nearly continuous storms as the cold front pushed farther southeast into Mississippi. A few severe storms developed in advance of the cold front during the afternoon and early evening and also produced wind damage and hail.",22
1154317,SIMPSON CO.,EVERETT,12/09/2023,2125,Tornado, ,EF0,0,0,10000,0,MS,CST-6, ,186399,C,127,JAN,0,0,NWS Storm Survey, ,8.02,350,3,WNW,4,N,MARTINVILLE,12/09/2023,2135,32.048,-89.885,32.0303,-89.7497,"An EF-0 tornado produced intermittent damage to trees and vegetation along a path extending from just north of Braxton to south of Puckett. The tornado tracked along the Rankin and Simpson county line. It briefly crossed into far southern Rankin County near Charlie Dixon Road, turned east-southeast, and crossed back into Simpson County near Cato Road where a tree was blown. A cedar tree south of Puckett was blown down onto power lines as the tornado dissipated near MS Highway 541. Maximum winds were estimated to be 80 mph, with a total path length of 14 miles across the two counties.","As a low pressure system moved through the Upper Midwest region, its cold front which stretched to the south through the Lower Mississippi River Valley became the focus for thunderstorm development on the afternoon of December 9th. Initially discrete supercell storms produced wind damage and hail as they moved into northern Mississippi, and these supercells eventually grew upscale into a squall line of nearly continuous storms as the cold front pushed farther southeast into Mississippi. A few severe storms developed in advance of the cold front during the afternoon and early evening and also produced wind damage and hail.",23
1154319,SMITH CO.,TRAXLER,12/09/2023,2144,Tornado, ,EF0,0,0,20000,0,MS,CST-6, ,186399,C,129,JAN,0,0,NWS Storm Survey, ,3.71,75,2,E,2,WSW,RALEIGH,12/09/2023,2149,32.0238,-89.619,32.0235,-89.5558,"An EF-0 tornado touched down near MS Highway 540 in western Smith County. The tornado blew down a couple of trees along the highway and then dissipated before it reached Raleigh. One home suffered minor damage due to a fallen pine tree. Maximum winds were estimated at 75 mph.","As a low pressure system moved through the Upper Midwest region, its cold front which stretched to the south through the Lower Mississippi River Valley became the focus for thunderstorm development on the afternoon of December 9th. Initially discrete supercell storms produced wind damage and hail as they moved into northern Mississippi, and these supercells eventually grew upscale into a squall line of nearly continuous storms as the cold front pushed farther southeast into Mississippi. A few severe storms developed in advance of the cold front during the afternoon and early evening and also produced wind damage and hail.",24
1154321,JASPER CO.,SUCCESS,12/09/2023,2204,Tornado, ,EF1,0,0,20000,0,MS,CST-6, ,186399,C,61,JAN,0,0,NWS Storm Survey, ,21.35,350,1,SSE,6,ENE,ROSE HILL,12/09/2023,2233,32.2123,-89.2779,32.186,-88.914,"An EF-1 tornado developed in northwest Jasper County and moved east-southeast. Scattered small pine trees were snapped, and some small trees were uprooted. A few hardwood trees were also uprooted. The tornado also took the tops out of a few trees and snapped large limbs. Much of the path was inaccessible as it passed through areas without any connecting roads. The tornado continued into Clarke County and ended near Enterprise where additional trees and power lines were blown down. Estimated maximum wind speeds in Jasper County were 90 mph. The tornado path was 27.4 miles across the two counties.","As a low pressure system moved through the Upper Midwest region, its cold front which stretched to the south through the Lower Mississippi River Valley became the focus for thunderstorm development on the afternoon of December 9th. Initially discrete supercell storms produced wind damage and hail as they moved into northern Mississippi, and these supercells eventually grew upscale into a squall line of nearly continuous storms as the cold front pushed farther southeast into Mississippi. A few severe storms developed in advance of the cold front during the afternoon and early evening and also produced wind damage and hail.",25
1154322,CLARKE CO.,ENTERPRISE,12/09/2023,2233,Tornado, ,EF0,0,0,5000,0,MS,CST-6, ,186399,C,23,JAN,0,0,NWS Storm Survey, ,5.86,75,6,W,1,SE,ENTERPRISE,12/09/2023,2242,32.186,-88.914,32.1737,-88.8148,"An EF-1 tornado developed in northwest Jasper County and moved east-southeast. Scattered small pine trees were snapped, and some small trees were uprooted. A few hardwood trees were also uprooted. The tornado also took the tops out of a few trees and snapped large limbs. Much of the path was inaccessible as it passed through areas without any connecting roads. The tornado continued into Clarke County and ended near Enterprise where additional trees and power lines were blown down. Estimated maximum wind speeds in Jasper County were 85 mph. The tornado path was 27.4 miles across the two counties.","As a low pressure system moved through the Upper Midwest region, its cold front which stretched to the south through the Lower Mississippi River Valley became the focus for thunderstorm development on the afternoon of December 9th. Initially discrete supercell storms produced wind damage and hail as they moved into northern Mississippi, and these supercells eventually grew upscale into a squall line of nearly continuous storms as the cold front pushed farther southeast into Mississippi. A few severe storms developed in advance of the cold front during the afternoon and early evening and also produced wind damage and hail.",26
1145378,JEFFERSON CO.,MAGELLA,12/10/2023,9,Tornado, ,EF1,0,0,5000000,0,AL,CST-6, ,186547,C,73,BMX,0,0,NWS Storm Survey, ,3.02,600,2,SSW,2,WSW,HOMEWOOD,12/10/2023,12,33.4434,-86.837,33.4682,-86.7951,"A tornado first touched down just north of Lakeshore Parkway along Snow Drive. Here the damage was very light with large tree branches broken. The tornado tracked northeast, skirting John Carroll High School before producing significant tree damage along Oak Grove Road. One home was heavily damaged by falling trees, with lesser damage to others, and a large stand of mostly pine trees were snapped or uprooted east of Oak Grove Road. The tornado widened and intensified as it approached Wildwood Parkway. A strip mall there sustained very minor damage. However, a large office complex on the north end of Wildwood Parkway sustained substantial damage. A large number of windows were blown out of a 5-story professional building with many windows and debris blown back westward. A large load bearing beam was also pulled from the roof structure. The tornado is estimated to have reached its maximum intensity here at EF-1 / 100 mph. The tornado continued to move northeast, felling numerous trees south of Kent Drive. Along State Farm Parkway, a couple hotels sustained roof damage, a large hotel sign was blown out, and a vehicle was flipped before it crossed Interstate 65. The tornado reached its maximum width of approximately 600 yards as it crossed Green Spring Avenue. Significant structural damage was noted to an auto repair shop with the roof blown off. Several additional businesses and an apartment complex in this area also sustained minor roof damage. Power poles were snapped in this area as well. Further northeast, the tornado tracked through a densely populated residential area. Here the primary damage was caused by snapping and felling of trees. Many large and mature trees fell through homes in this area, causing moderate to severe damage. The most concentrated area of damage was along and north of Saulter Road and surrounding streets. It is estimated that over three dozen homes in this area sustained at least moderate damage from falling trees. The tornado began to weaken as it tracked on the north side of the Samford University campus with a few trees down in this area. The tornado dissipated near the Windsor Highlands Community along the north edge of the Samford Campus.","A pre-frontal line of thunderstorms tracked eastward across Alabama around and just after midnight on December 10th. A segment of the line intensified over Jefferson County, producing two tornadoes and a large swath of wind damage. Elsewhere, two weak tornadoes were spawned over parts of southeast Central Alabama.",27
1145380,JEFFERSON CO.,HOMEWOOD,12/10/2023,13,Tornado, ,EF1,0,0,0,0,AL,CST-6, ,186547,C,73,BMX,0,0,NWS Storm Survey, ,1.78,200,1,SW,1,ESE,HOMEWOOD,12/10/2023,15,33.4685,-86.7849,33.4772,-86.7559,"An EF-1 tornado touched down just west of US Highway 31 in the Southwood community, just east of Lakeshore Foundation. Numerous softwood trees were knocked down across Old Montgomery Highway and Ashley Road, with some on homes. The tornado tracked east, nearly paralleling Lakeshore Drive/Shades Creek Parkway. At this point the tornado was near its maximum EF-1 intensity and also its widest point of 200 yards. Several houses on the north side of Shades Creek Parkway along Yorkshire Drive, Devon Drive, and Windsor Drive were damaged by falling trees. Power poles were snapped as well. The north facing side of Brookwood Mall also sustained minor structural damage. The very narrow tornado passed through the interchange of US Highway 280 and Shades Creek Parkway, with tree and power line damage noted around the interchange. The tornado moved northeastward across Cahaba Road and up a ridge, with a defined area of tree damage consisting of uproots and snapped limbs and tree tops. The last observable damage occurred at the top of the ridge along Cherokee Road.","A pre-frontal line of thunderstorms tracked eastward across Alabama around and just after midnight on December 10th. A segment of the line intensified over Jefferson County, producing two tornadoes and a large swath of wind damage. Elsewhere, two weak tornadoes were spawned over parts of southeast Central Alabama.",28
1145363,BARBOUR CO.,BLUE SPGS,12/10/2023,119,Tornado, ,EF0,0,0,0,0,AL,CST-6, ,186547,C,5,BMX,0,0,NWS Storm Survey, ,1.65,100,6,SE,6,S,TEXASVILLE,12/10/2023,122,31.6234,-85.442,31.6323,-85.4162,"The tornado began in rural southwestern Barbour County just west of Lury Walker Road with a single tree uprooted along the road bank and a few branches off of trees. The tornado track mainly consisted of sporadic very minor tree damage, yet the path remained discernible and consistent with the associated tornado debris signature (TDS). The tornado crossed Alabama Highway 10 and entered Henry County just north of and parallel to County Rd (CR) 54. The total path length was 8.01 miles across Barbour and Henry counties.","A pre-frontal line of thunderstorms tracked eastward across Alabama around and just after midnight on December 10th. A segment of the line intensified over Jefferson County, producing two tornadoes and a large swath of wind damage. Elsewhere, two weak tornadoes were spawned over parts of southeast Central Alabama.",29
1147668,HENRY CO.,EDWIN,12/10/2023,122,Tornado, ,EF0,0,0,50000,0,AL,CST-6, ,186648,C,67,TAE,0,0,Emergency Manager, ,6.35,200,3,SW,3,E,EDWIN,12/10/2023,137,31.6323,-85.4162,31.6688,-85.3172,"This is a continuation of the EF0 tornado from Barbour County.  The tornado began in rural southwestern Barbour County just west of Lury Walker Road, with a single tree uprooted along the road bank and a few branches off the trees. The entire tornado track mainly consisted of sporadic very minor tree damage, yet the path remained discernible and consistent with the associated Tornado Debris Signature (TDS) noted on doppler radar. The tornado crossed Alabama Highway 10 and entered Henry County just north of and parallel to County Rd (CR) 54, before crossing CR 54 just before CR 216. The tornado reached its maximum width of approximately 200 yards wide as well as its maximum intensity, with relatively more widespread tree damage, as well as superficial damage to several manufactured homes. The tornado continued northeastward through forested land before crossing CR 75 and CR 235. It continued across the East Fork of the Choctawhatchee River before crossing CR 29. As the tornado crossed CR 235, it struck a chicken farm, where it caused primarily narrow and minor damage to 6 chicken barns. The tornado continued to the northeast and dissipated before crossing CR 54 yet another time. Max winds were estimated around 75 mph.  Damage was estimated.","A cool season severe weather setup of low instability and high wind shear brought a few reports of severe weather to portions of the tri-state region.  A couple of tornadoes occurred in Holmes county, FL, and Henry county, AL.",30
1145371,LEE CO.,BUPREE,12/10/2023,436,Tornado, ,EF0,0,0,0,0,AL,CST-6, ,186547,C,81,BMX,0,0,NWS Storm Survey, ,2.43,400,4,W,2,W,BUPREE,12/10/2023,439,32.4649,-85.4258,32.4744,-85.3857,"The National Weather Service surveyed in southwestern Lee County and found the damage was consistent with an EF0 tornado. The tornado initially touched down along County Road 30 where several trees were uprooted and a single family residence sustained minor damage. The tornado continued east-northeast crossing County Road 29 where additional trees were uprooted and a home had roof damage. It was also noted that a car window was blown out. The tornado then crossed County Road 11 just before lifting north of County Road 39. Additional soft and hard wood trees were damaged and uprooted along these two roads. It should be noted that this damage was adjacent to the EF4 tornado that impacted Lee County in 2019.","A pre-frontal line of thunderstorms tracked eastward across Alabama around and just after midnight on December 10th. A segment of the line intensified over Jefferson County, producing two tornadoes and a large swath of wind damage. Elsewhere, two weak tornadoes were spawned over parts of southeast Central Alabama.",31
1147669,HOLMES CO.,GRITNEY,12/10/2023,530,Tornado, ,EF1,0,0,0,0,FL,CST-6, ,186649,C,59,TAE,0,0,NWS Storm Survey, ,2.97,250,2,S,2,E,GRITNEY,12/10/2023,537,30.8054,-85.8331,30.8292,-85.7915,"A tornado touched down just east of the Chattahoochee River in southern Holmes County and headed northeast. Damage along the path consisted of snapped and uprooted trees. No structural damage was found. The largest concentration of damage occurred on CR 179 along and east of Boat Ramp Road. Several pines were snapped on either side of the highway and there were a couple of uprooted hardwood trees as well. The tornado then crossed a remote unpopulated area along Wright's Creek before damaging some trees on Bonifay Gritney Road between Dyson Circle and Faircloth Drive. No additional damage was found east of that location. Damage was consistent with an EF-1 tornado with maximum winds of 90-95 mph.","A cool season severe weather setup of low instability and high wind shear brought a few reports of severe weather to portions of the tri-state region.  A couple of tornadoes occurred in Holmes county, FL, and Henry county, AL.",32
1154262,WAKE CO.,MC CULLERS,12/10/2023,1228,Tornado, ,EF1,0,0,0,0,NC,EST-5, ,187585,C,183,RAH,0,0,NWS Storm Survey, ,1.88,250,2,NE,1,S,GARNER,12/10/2023,1232,35.694,-78.652,35.706,-78.622,"An EF-1 tornado touched down near Old Stage Road at approximately 12:28 PM EST. The tornado was on the ground for 4 minutes and tracked east-northeastward for approximately 1.9 miles before lifting near United States Highway 70 along 7th Avenue.|Most of the damage was associated with snapped and uprooted trees, and some subsequent building damage due to trees falling on several structures. There we no injuries or fatalities.","A strong upper level trough and cold front moved across the Carolinas, triggering multiple rounds of showers and thunderstorms. A cluster of stronger storms moved northeast across the eastern North Carolina Piedmont, producing a Tornado in Wake County and damaging winds across the northeast Piedmont and Coastal Plain.",33
1153061,HORRY CO.,STALVEY,12/17/2023,1316,Tornado, ,EF1,0,0,200000,0,SC,EST-5, ,187746,C,51,ILM,0,0,NWS Storm Survey, ,2.35,150,0,NE,2,SSW,PINE IS,12/17/2023,1320,33.6837,-78.9737,33.7081,-78.9451,"The tornado touched down south of Socastee Blvd between Everette|St and Tyner St, snapping several large trees and blowing off|portions of roofs from a few mobile homes. It moved north,|skipped across Socastee Blvd, and snapped several large pines|along Village Dr. Eight homes suffered moderate to major damage|as a result of falling trees. The storm cell continued north|across inaccessible property, and emerged near Folly Rd and|Wayland Circle. Significant damage was observed to several homes|and trees. Several trees were snapped or uprooted, and minor to|moderate damage was noted to roofs and siding. One mobile home|was pushed off its block foundation. The tornado appeared to lift|as it crossed the Intracoastal Waterway and touched down again on|the Arrowhead Country Club property. Numerous large hard and|softwood trees were snapped just south of the Flintlake|Apartments. Tree debris was blown into several apartments,|breaking windows and causing moderate roof and siding damage. ||Damage upstream of the initial touchdown, along and south of |Palmetto Pointe Blvd, was straightline in nature and not the |result of a tornado. Additional wind damage occurred to the old |Waccamaw Mall at Fantasy Harbour. Portions of the facade were |blown off, in addition to several pieces of siding. A few bay |doors were blown in, and a large section of storefront wall was |buckled outward a few inches. A few nearby UPS and FedEx trucks|were blown over, in addition to a tractor trailer. This damage |appeared to be the result of straightline winds that occurred |after the tornado dissipated and the storm cell bowed |northeastward. Spotty tree damage was also observed on the |northeast side of Highway 501 in the River Oaks area.","A strong nor'easter brought coastal flooding, strong winds, and flooding. Record rainfall totals and record low barometric pressure for December observed at 4 climate sites.",34
1153731,BUTTE CO.,(CIC)CHICO MUNI ARPT,12/19/2023,1740,Tornado, ,EF1,0,0,17000,0,CA,PST-8, ,187848,C,7,STO,0,0,NWS Storm Survey, ,0.36,90,1,ENE,1,NE,(CIC)CHICO MUNI ARPT,12/19/2023,1742,39.8043,-121.8366,39.8076,-121.8401,"National Weather Service Meteorologists surveyed storm damage in Oroville, and analyzed radar and video evidence. It was determined that an EF-1 tornado, associated with a line of thunderstorms, moved through for about 2 minutes before lifting, resulting in tree and minor structure damage.","A wet system brought periods of moderate to heavy rain with scattered thunderstorms. Lines of stronger thunderstorms brought local road flooding to portions of interior Northern California. There was also a confirmed EF-1 tornado touchdown in the Oroville area, with minor damage. Snow levels were high, with impacts limited to minor travel delays for Sierra pass levels.",35
1151822,BRAZORIA CO.,BRAZORIA RES,01/05/2024,556,Tornado, ,EF0,0,0,0,0,TX,CST-6, ,187577,C,39,HGX,0,0,NWS Storm Survey, ,0.59,200,2,SE,2,SE,BRAZORIA RES,01/05/2024,558,29.0583,-95.5023,29.0666,-95.5002,"As a late night cold front moved across Southeast Texas, a brief EF-0 tornado formed on the southeast side of the Brazoria Reservoir and damaged some trees and power lines. There was also minor structural damage to some nearby homes.","An EF-0 tornado caused some minor damage to the west northwest of Lake Jackson.",36
1151972,PALM BEACH CO.,LOXAHATCHEE,01/06/2024,1532,Tornado, ,EFU,0,0,0,0,FL,EST-5, ,187239,C,99,MFL,0,0,Unknown, ,0.78,100,14,SW,13,SW,LOXAHATCHEE,01/06/2024,1534,26.5273,-80.4902,26.5274,-80.4776,"High-resolution satellite imagery showed a tornado damage path through a field near Browns Farm Road southeast of Belle Glade after a severe thunderstorm moved through the area. Time, path width, and path length are estimated based on radar and satellite imagery. Due to an inability to survey the area, maximum wind speeds and EF rating are unknown.","With the influence of a mid-level trough to the north, a surface low pressure system moving across the Southeast U.S. pulled a warm front across South Florida on the morning of January 6th. This brought plenty of warm air and diurnal instability to the area ahead of a cold front, which was the source of lift to spark several showers and thunderstorms in the afternoon and evening. Some thunderstorms became severe, producing a funnel cloud and two tornadoes.",37
1149117,BROWARD CO.,PORT EVERGLADES,01/06/2024,1747,Tornado, ,EF0,0,0,150000,0,FL,EST-5, ,187239,C,11,MFL,0,0,NWS Storm Survey, ,1.56,100,1,N,2,ESE,FT LAUDERDALE,01/06/2024,1750,26.1076,-80.1297,26.1199,-80.1086,"A tornado affected the downtown Fort Lauderdale area on the evening of January 6th. First visible signs of damage were along SE 12TH ST where large branches were down in front of a home. The tornado then traveled 1.5 miles northeast through portions of Rio Vista Isles, across the New River, and then across several streets just south of Sunset Lake before lifting in the vicinity of East Las Olas Blvd per video evidence. Most of the damage observed along the path was minor tree, roof, and power line damage. Therefore, the tornado is rated as an EF-0 with estimated maximum winds near 80 mph, however, most of the damage was likely in the 60-70 mph range. Damage amounts are estimated.","With the influence of a mid-level trough to the north, a surface low pressure system moving across the Southeast U.S. pulled a warm front across South Florida on the morning of January 6th. This brought plenty of warm air and diurnal instability to the area ahead of a cold front, which was the source of lift to spark several showers and thunderstorms in the afternoon and evening. Some thunderstorms became severe, producing a funnel cloud and two tornadoes.",38
1156450,ASSUMPTION PAR.,HIMALAYA,01/08/2024,1542,Tornado, ,EF0,0,0,150000,0,LA,CST-6, ,188238,C,7,LIX,0,0,NWS Storm Survey, ,0.88,200,1,W,1,NNW,HIMALAYA,01/08/2024,1543,29.85,-90.99,29.8611,-90.9829,"An EF0 tornado with maximum winds of 80 MPH touched down at the intersection of Highway 1011 and Supreme Cross Road in Supreme, LA. The tornado tracked almost due north-northeast along Highway 1011 before curving slightly northwest at the end. This was confirmed via radar. The west side of the road sustained the heaviest damage, all to manufactured homes. Only one actual mobile home was flipped and thrown into the fire station. This was noted to be of very degraded construction with only one strap seen. None of the homes surveyed had a sustained load path with strapping. A few were pushed slightly off their foundations with roof damage and undercarriage damage. To the east of Highway1011, these were well-built homes with only tree damage and minor roof/gutter damage. We do believe the tornado was wide enough to cause damage on both sides but the construction was better on theeast side, hence the lower damage. Around the intersections of Highway 1, Highway 1011, and Highway 308, there were trees down, a few pieces of roof pulled off and damage to a thrift store. The|concrete blocks at the top were pushed off with significant roof damage. Throughout the track, debris was noted well away from where it came from, with the thrift store's roof both to the eastand to the west. Debris indentations in the ground were widely seen and debris splatter was noted on all sides of the buildings. Also to note, off to the east on Highway 1014, power poles were leaning in one direction with very minor siding damage to a few manufactured homes. This is well away from the track and the damage is either straight-line winds or inflow from the tornado.","Moisture rich air with near record precipitable water, for this time of year, surged north from the Gulf of Mexico across the local area as a warm front lifted northward. Increased lift from both the warm/moist airmass and front boundary primed the environment for robust updrafts. Mid and upper levels of the atmosphere began to cool as an upper level system approached the area. That combo of of instability and ample moisture created an environment able to sustain a variety of severe weather ranging from a tornado to damaging winds and hail.",39
1156676,GEORGE CO.,AGRICOLA,01/08/2024,1925,Tornado, ,EF0,0,0,0,0,MS,CST-6, ,187659,C,39,MOB,0,0,NWS Storm Survey, ,2.09,20,4,NW,4,NNW,AGRICOLA,01/08/2024,1927,30.8358,-88.5724,30.8564,-88.5465,"NWS Storm Survey found a weak EF-0 tornado as an early evening thunderstorm crossed a warm frontal boundary. The tornado began in a rural area about 3.7 miles northwest of Agricola, Mississippi where some small softwood trees were uprooted along Marshall Smith Road and very weak convergence was noted in this area. The tornado was likely discontinuous or intermittent as it proceeded toward the northeast across mainly open fields, although a few broken large softwood tree branches were noted as it crossed Cooks Corner Road. The tornado likely lifted near MS-613 about 6.2 miles north-northwest of Agricola, where another large softwood tree branch was snapped.","Multiple rounds of severe thunderstorms moved across southeast Mississippi starting during the evening hours of January 8th and continued through early morning hours of the 9th. This system produced two EF-0's and one EF-1 in Mississippi.",40
1156675,GEORGE CO.,LUCEDALE,01/08/2024,1931,Tornado, ,EF0,0,0,0,0,MS,CST-6, ,187659,C,39,MOB,0,0,NWS Storm Survey, ,0.19,20,5,SW,4,SW,LUCEDALE,01/08/2024,1932,30.8681,-88.6267,30.8707,-88.6278,"George County Emergency Manager reported minor damage to a residence and a mobile home about 4 miles south-southwest of Lucedale, Mississippi, and photos of the damage were shared with WFO Mobile. A tornado debris signature was noted on radar confirming a likely tornado. The weak EF-0 tornado occurred as an early evening thunderstorm crossed a warm frontal boundary further to the southeast but managed to produce a series of weak rotations to the northwest of the thunderstorm, with one managing to briefly touchdown.","Multiple rounds of severe thunderstorms moved across southeast Mississippi starting during the evening hours of January 8th and continued through early morning hours of the 9th. This system produced two EF-0's and one EF-1 in Mississippi.",41
1156690,SANTA ROSA CO.,BADDAD JCT,01/09/2024,229,Tornado, ,EF1,0,0,0,0,FL,CST-6, ,188267,C,113,MOB,0,0,NWS Storm Survey, ,1.74,150,6,SSE,5,SE,BADDAD JCT,01/09/2024,234,30.4986,-87.0123,30.519,-86.9952,"A supercell thunderstorm moved onshore the Escribano Point Wildlife Management Area producing an EF1 tornado along Choctaw Field Road and crossing Grassy Point Road. This tornado likely began earlier; however, ground survey crew could only reach a point just south of Choctaw Field Road due to available road networks. Where ground survey crew was able to survey, mid to high end EF1 damage was observed along the entirety of the path with numerous softwood and hardwood uproots/snaps in a convergent damage pattern. ||Update 1/23/2024: After coordination with Eglin AFB Natural Resources and Northwest Florida Water Management it was determined the tornado began by moving onshore along the north shore of East Bay and the tornado ended at catfish basin. The tornado was EF1 intensity as it moved onshore snapping multiple pines. The end point of the tornado was also EF1 intensity crossing WMD 10 where multiple large pines were uprooted and blocking the road.","Multiple rounds of severe thunderstorms moved across the Florida Panhandle starting during the early morning hours of January 9th. This system produced one EF-1 tornado in Florida.",42
1152302,GEORGE CO.,SHIPMAN,01/09/2024,324,Tornado, ,EF1,0,0,0,0,MS,CST-6, ,187659,C,39,MOB,0,0,NWS Storm Survey, ,0.21,30,3,NNW,2,NNW,SHIPMAN,01/09/2024,325,30.9028,-88.4892,30.9028,-88.4857,"NWS Storm Survey found damage associated with an EF-1 tornado|about 6.3 miles south-southeast of Lucedale, Mississippi where|several large longleaf pines were snapped anywhere from 3 to|15 feet above the base. A wider swath of damaging wind likely|extended south and southeast of the tornado where small branches|were snapped. The tornado was likely discontinuous or|intermittent as it proceeded toward the east across US Highway|98. Once high-resolution satellite imagery becomes available, the|tornado path will be able to be refined.","Multiple rounds of severe thunderstorms moved across southeast Mississippi starting during the evening hours of January 8th and continued through early morning hours of the 9th. This system produced two EF-0's and one EF-1 in Mississippi.",43
1156680,MOBILE CO.,TANNER WILLIAMS,01/09/2024,347,Tornado, ,EF0,0,0,0,0,AL,CST-6, ,188266,C,97,MOB,0,0,NWS Storm Survey, ,2.99,20,3,ESE,4,NW,(MOB)MOBILE BATES FL,01/09/2024,351,30.7035,-88.3304,30.7119,-88.2811,"The tornado began likely just west of Novatan Rd south of Tanner Williams rd. in the forest based off of TDS from KMOB. Exact location is difficult to find and may need satellite imagery at a later date. The tornado quickly moved east across Novatan Rd where it caused a few softwoods to lose large limbs. Sporadic nature of the damage supported lower bound wind estimates for the damage. A small shed was also tossed at this point. Tornado continued northeast where it produced light sporadic damage to trees. The tornado crossed Tanner Williams Road near Rigby Rd causing minor damage to trees and brought down a traffic light. Sporadic damage continues to the northeast towards Snow Road where damage became too sporadic to determine a convergent path and the tornado likely lifted. A weak discontinuous path may be possible further east; however, damage was either too weak or too small to sporadic for ground surveys to determine a path after Snow Road.","Multiple rounds of severe thunderstorms moved across southwest Alabama starting during the late evening hours of January 8th and continued through early morning hours of the 9th. This system produced four EF-0's and two EF-1's in Alabama.",44
1156684,MOBILE CO.,DAWES,01/09/2024,356,Tornado, ,EF0,0,0,0,0,AL,CST-6, ,188266,C,97,MOB,0,0,NWS Storm Survey, ,1.48,20,3,N,3,SSE,(MOB)MOBILE BATES FL,01/09/2024,358,30.6396,-88.2435,30.6446,-88.2193,"A brief EF-0 tornado began along Cottage Hill Road just east of Dawes Road. The tornado quickly intensified knocking down fences and ripping branches off. Parts of the fence were blow across Cottage Hill rd. to the north. The tornado peaked as it moved towards Leroy Stevens rd. resulting in a low brick wall being destroyed. Uplift to the corner of the roof of a small retail building and most impressively rolling either a small trailer or small RV. The tornado then crossed Leroy Stevens Rd. before dissipating. The tornado may have continued further, but no convergent path was able to be found after this point.","Multiple rounds of severe thunderstorms moved across southwest Alabama starting during the late evening hours of January 8th and continued through early morning hours of the 9th. This system produced four EF-0's and two EF-1's in Alabama.",45
1156685,MOBILE CO.,DELCHAMPS,01/09/2024,412,Tornado, ,EF0,0,0,0,0,AL,CST-6, ,188266,C,97,MOB,0,0,NWS Storm Survey, ,0.66,30,2,W,1,WNW,DELCHAMPS,01/09/2024,414,30.4046,-88.1839,30.4043,-88.1729,"A brief, weak EF0 tornado occurred in the Bayou La Batre area north of Old Rock Road. The tornado path was visible via high resolution satellite imagery with a few tree uproots and other minor vegetation damage.","Multiple rounds of severe thunderstorms moved across southwest Alabama starting during the late evening hours of January 8th and continued through early morning hours of the 9th. This system produced four EF-0's and two EF-1's in Alabama.",46
1150250,WALTON CO.,SANTA ROSA BEACH,01/09/2024,429,Tornado, ,EF1,0,0,100000,0,FL,CST-6, ,186965,C,131,TAE,0,0,NWS Storm Survey, ,10.93,220,2,SSW,1,S,FREEPORT,01/09/2024,439,30.346,-86.2317,30.4761,-86.1273,"The tornado initially moved onshore with damage to trees and buildings at the intersection of W County Highway 30A and Laura Hamilton Blvd consistent with an EF-1 rating. It would then proceed to continue moving off to the northeast sporadically damaging trees and roofs of houses across the area. The tornado would then cross through a majority wooded area before crossing US Highway 98 before entering the woods once again. A high concentration of damage to homes and trees consistent with an EF-1 rating was found off of Chat Holly Rd. before the tornado crossed Choctawhatchee Bay. Max winds were estimated near 110 mph. The tornado would then parallel US Highway 331 as it crossed the bay before making landfall once again at Bay Grove Rd. where numerous manufactured homes were damaged along with tree damage consistent with an EF-1 rating. EF-1 damage had been observed leading up to US 331 where the tornado appears to have dissipated. Thanks to Walton County Emergency Management for assistance with this damage survey.","A high impact severe weather event impacted the tri-state region on January 9th with supercells producing tornadoes, large hail, and damaging wind gusts, followed by a major squall line with widespread wind damage and additional tornadoes. Preceding this activity, very strong non-thunderstorm wind gusts of 40-60 mph occurred, with even a gust to 70 mph at the Albany airport. There were 14 tornadoes confirmed across the tri-state region, including 3 EF0s, 5 EF1s, 5 EF2s, and 1 EF3. This activity was driven by a deepening area of low pressure west of the region with a record strong low level jet crossing the region. The winds at 850 mb were in in the 65-80 knot range, and sufficient instability existed to support mixing some of these very strong environmental winds to the surface.  ||Two significant tornadoes touched down in Bay county, including 1 EF3 and 1 EF2. These two tornadoes in Bay county resulted in damage to 326 buildings for a total market value loss of $20,350,311.  There were 234 single family homes damaged, 46 mobile homes damaged, 22 condos damaged, 2 multi-family homes damaged, and 22 commercial buildings damaged.  Of these 326 buildings, 113 sustained 5% damage, 86 sustained 15% damage, 2 sustained 20% damage, 29 sustained 30% damage, 17 sustained 35% damage, 28 sustained 45% damage, and 51 sustained 100% damage.",47
1156687,BALDWIN CO.,STEELWOOD,01/09/2024,432,Tornado, ,EF1,0,0,0,0,AL,CST-6, ,188266,C,3,MOB,0,0,NWS Storm Survey, ,1.85,230,3,SW,1,SSW,STEELWOOD,01/09/2024,435,30.6953,-87.8192,30.7021,-87.789,"An EF1 tornado touched down within a neighborhood off of US Highway 31 tracking eastward over a majority of Cambron Trail. The tornado likely started in a wooded area to the west of Cambron Trail and just east of Wildflower Trail. On Wildflower Trail, there were signs that low end wind damage was beginning to trees in the form of small tree limbs being knocked down and an old, rotted tree being snapped. However, this spot lacked convergent damage and was likely the rear inflow surge that occurred right before the tornado touched down. After touchdown, the tornado moved across Cambron Trail removing around 20% of roofing material off of multiple homes and uprooting/snapping multiple hardwood and softwood trees. Multiple fences in the neighborhood were also knocked down or damaged. The tornado crossed US Highway 31 by Cambron Trail, resulting in a couple uproots/snaps of softwood trees. Thanks to the availability of high-resolution satellite imagery, we were able to determine what happened between US Highway 31 and State Highway 59. The original Cambron Trail tornado began to track to the northeast, widening to around 230 yards before dissipating prior to reaching Darby Lane and State Highway 59. A new tornado developed to its southeast, which was originally thought to have been a part of this tornado.","Multiple rounds of severe thunderstorms moved across southwest Alabama starting during the late evening hours of January 8th and continued through early morning hours of the 9th. This system produced four EF-0's and two EF-1's in Alabama.",48
1156688,BALDWIN CO.,STEELWOOD,01/09/2024,435,Tornado, ,EF1,0,0,0,0,AL,CST-6, ,188266,C,3,MOB,0,0,NWS Storm Survey, ,0.26,50,2,S,2,SSE,STEELWOOD,01/09/2024,436,30.6971,-87.7751,30.6982,-87.771,"An EF1 tornado touched down within a neighborhood off of US Highway 31 tracking eastward over a majority of Cambron Trail. The tornado likely started in a wooded area to the west of Cambron Trail and just east of Wildflower Trail. On Wildflower Trail, there were signs that low end wind damage was beginning to trees in the form of small tree limbs being knocked down and an old, rotted tree being snapped. However, this spot lacked convergent damage and was likely the rear inflow surge that occurred right before the tornado touched down. After touchdown, the tornado moved across Cambron Trail removing around 20% of roofing material off of multiple homes and uprooting/snapping multiple hardwood and softwood trees. Multiple fences in the neighborhood were also knocked down or damaged. The tornado crossed US Highway 31 by Cambron Trail, resulting in a couple uproots/snaps of softwood trees. Thanks to the availability of high-resolution satellite imagery, we were able to determine what happened between US Highway 31 and State Highway 59. The original Cambron Trail tornado began to track to the northeast, widening to around 230 yards before dissipating prior to reaching Darby Lane and State Highway 59. A new tornado developed to its southeast, which was originally thought to have been a part of this tornado.","Multiple rounds of severe thunderstorms moved across southwest Alabama starting during the late evening hours of January 8th and continued through early morning hours of the 9th. This system produced four EF-0's and two EF-1's in Alabama.",49
1156689,BALDWIN CO.,BELFOREST,01/09/2024,438,Tornado, ,EF0,0,0,0,0,AL,CST-6, ,188266,C,3,MOB,0,0,NWS Storm Survey, ,5.08,20,3,SSE,1,N,SILVERHILL,01/09/2024,445,30.5537,-87.8361,30.5601,-87.751,"An EF0 tornado touched down near Dick Higbee Road on the south side of the St. Michael Catholic High School where multiple trees were uprooted in a convergent pattern. It is possible the tornado touched down sooner in the adjacent field, however the next surveyable location to the west on Highway 181 did not have any visible damage. The tornado continued east from the high school causing a discontinuous path of damage including large tree limbs broken off. Any semblance of a discontinuous path disappears to the east of County Road 55 near Woodpecker Road, and the tornado end point was set at this location. The tornado was small, only peaking at around 20 yards in width with a peak wind speed of 75mph and path length of 5.09 miles.","Multiple rounds of severe thunderstorms moved across southwest Alabama starting during the late evening hours of January 8th and continued through early morning hours of the 9th. This system produced four EF-0's and two EF-1's in Alabama.",50
1150253,WALTON CO.,EUCHEEANNA,01/09/2024,448,Tornado, ,EF1,0,0,50000,0,FL,CST-6, ,186965,C,131,TAE,0,0,NWS Storm Survey, ,5.42,160,4,SSE,2,WSW,DOUGLAS CROSSROADS,01/09/2024,455,30.5872,-86.0243,30.663,-86.001,"A tornado, associated with the same cell which produced a tornado in southern Walton County, touched down south of Rock Hill Road. A large concentration of tree damage and damage to a manufactured home were then observed off Rock Hill Rd. consistent with an EF-1 rating with max winds estimated at 95 mph. The tornado continued north and dissipated in a wooded area. Additional tree damage just to the east of the track along Rock Hill road may have been associated with very strong rear flank downdraft winds associated with this cell. Thanks to Walton County Emergency Management for assistance with this damage survey.","A high impact severe weather event impacted the tri-state region on January 9th with supercells producing tornadoes, large hail, and damaging wind gusts, followed by a major squall line with widespread wind damage and additional tornadoes. Preceding this activity, very strong non-thunderstorm wind gusts of 40-60 mph occurred, with even a gust to 70 mph at the Albany airport. There were 14 tornadoes confirmed across the tri-state region, including 3 EF0s, 5 EF1s, 5 EF2s, and 1 EF3. This activity was driven by a deepening area of low pressure west of the region with a record strong low level jet crossing the region. The winds at 850 mb were in in the 65-80 knot range, and sufficient instability existed to support mixing some of these very strong environmental winds to the surface.  ||Two significant tornadoes touched down in Bay county, including 1 EF3 and 1 EF2. These two tornadoes in Bay county resulted in damage to 326 buildings for a total market value loss of $20,350,311.  There were 234 single family homes damaged, 46 mobile homes damaged, 22 condos damaged, 2 multi-family homes damaged, and 22 commercial buildings damaged.  Of these 326 buildings, 113 sustained 5% damage, 86 sustained 15% damage, 2 sustained 20% damage, 29 sustained 30% damage, 17 sustained 35% damage, 28 sustained 45% damage, and 51 sustained 100% damage.",51
1150254,HOLMES CO.,PONCE DE LEON,01/09/2024,503,Tornado, ,EF0,0,0,75000,0,FL,CST-6, ,186965,C,59,TAE,0,0,NWS Storm Survey, ,0.96,100,4,E,3,S,WESTVILLE,01/09/2024,508,30.7121,-85.8679,30.7223,-85.8569,"A tornado touched down along R.M. Ward Road in western Holmes County. The tornado knocked down numerous trees, which caused damage to several structures, including one home and at least one vehicle. The tornado continued northeast before dissipating in a heavily wooded area northeast of Jessie Hall Lane. Damage was consistent with an EF0 tornado with max winds estimated around 80 mph. Thanks to Holmes County Emergency Management for assistance with this survey.","A high impact severe weather event impacted the tri-state region on January 9th with supercells producing tornadoes, large hail, and damaging wind gusts, followed by a major squall line with widespread wind damage and additional tornadoes. Preceding this activity, very strong non-thunderstorm wind gusts of 40-60 mph occurred, with even a gust to 70 mph at the Albany airport. There were 14 tornadoes confirmed across the tri-state region, including 3 EF0s, 5 EF1s, 5 EF2s, and 1 EF3. This activity was driven by a deepening area of low pressure west of the region with a record strong low level jet crossing the region. The winds at 850 mb were in in the 65-80 knot range, and sufficient instability existed to support mixing some of these very strong environmental winds to the surface.  ||Two significant tornadoes touched down in Bay county, including 1 EF3 and 1 EF2. These two tornadoes in Bay county resulted in damage to 326 buildings for a total market value loss of $20,350,311.  There were 234 single family homes damaged, 46 mobile homes damaged, 22 condos damaged, 2 multi-family homes damaged, and 22 commercial buildings damaged.  Of these 326 buildings, 113 sustained 5% damage, 86 sustained 15% damage, 2 sustained 20% damage, 29 sustained 30% damage, 17 sustained 35% damage, 28 sustained 45% damage, and 51 sustained 100% damage.",52
1150256,BAY CO.,BILTMORE BEACH,01/09/2024,531,Tornado, ,EF3,0,0,15350000,0,FL,CST-6, ,186965,C,5,TAE,0,0,NWS Storm Survey, ,5.2,550,0,SW,1,SW,(PFN)PANAMA CITY ARPT,01/09/2024,537,30.1384,-85.7526,30.1918,-85.6912,"A tornado moved onshore Panama City Beach in the Lower Grand Lagoon area along Spyglass Drive. Significant damage occurred to several homes, including the complete destruction of one beachfront home. The damage at this location was determined to|support an EF-3 rating with max winds estimated at 140 mph. Significant damage to homes and businesses continued as the tornado moved northeast across and along Thomas Drive where two apartment building were heavily damaged. EF-3 damage was again noted at a large boat storage facility which suffered significant structural failure. The tornado continued northeastward across Grand Lagoon and through the Bay Point Golf Club, causing additional damage to homes, before crossing Saint Andrew Bay. The damage in Panama City, after crossing the bay was more sporadic and less intense, supportive of EF-1 intensity. The tornado appears to have dissipated shortly after crossing West 23rd Street. Thanks to Bay County Emergency Management for assistance with the damage survey.","A high impact severe weather event impacted the tri-state region on January 9th with supercells producing tornadoes, large hail, and damaging wind gusts, followed by a major squall line with widespread wind damage and additional tornadoes. Preceding this activity, very strong non-thunderstorm wind gusts of 40-60 mph occurred, with even a gust to 70 mph at the Albany airport. There were 14 tornadoes confirmed across the tri-state region, including 3 EF0s, 5 EF1s, 5 EF2s, and 1 EF3. This activity was driven by a deepening area of low pressure west of the region with a record strong low level jet crossing the region. The winds at 850 mb were in in the 65-80 knot range, and sufficient instability existed to support mixing some of these very strong environmental winds to the surface.  ||Two significant tornadoes touched down in Bay county, including 1 EF3 and 1 EF2. These two tornadoes in Bay county resulted in damage to 326 buildings for a total market value loss of $20,350,311.  There were 234 single family homes damaged, 46 mobile homes damaged, 22 condos damaged, 2 multi-family homes damaged, and 22 commercial buildings damaged.  Of these 326 buildings, 113 sustained 5% damage, 86 sustained 15% damage, 2 sustained 20% damage, 29 sustained 30% damage, 17 sustained 35% damage, 28 sustained 45% damage, and 51 sustained 100% damage.",53
1150255,BAY CO.,BILTMORE BEACH,01/09/2024,531,Tornado, ,EF0,0,0,1000,0,FL,CST-6, ,186965,C,5,TAE,0,0,NWS Storm Survey, ,0.23,50,1,SSE,0,SE,BILTMORE BEACH,01/09/2024,532,30.1322,-85.7452,30.1353,-85.744,"A satellite vortex tornado of parent EF3 tornado just to the west made landfall at the western edge of St. Andrews State Park. Only very minor damage to a few tree limbs and an antenna were reported by park management. The tornado was confirmed via videos|on social media. Damage was consistent with an EF0 tornado with max winds estimated at 70 mph.","A high impact severe weather event impacted the tri-state region on January 9th with supercells producing tornadoes, large hail, and damaging wind gusts, followed by a major squall line with widespread wind damage and additional tornadoes. Preceding this activity, very strong non-thunderstorm wind gusts of 40-60 mph occurred, with even a gust to 70 mph at the Albany airport. There were 14 tornadoes confirmed across the tri-state region, including 3 EF0s, 5 EF1s, 5 EF2s, and 1 EF3. This activity was driven by a deepening area of low pressure west of the region with a record strong low level jet crossing the region. The winds at 850 mb were in in the 65-80 knot range, and sufficient instability existed to support mixing some of these very strong environmental winds to the surface.  ||Two significant tornadoes touched down in Bay county, including 1 EF3 and 1 EF2. These two tornadoes in Bay county resulted in damage to 326 buildings for a total market value loss of $20,350,311.  There were 234 single family homes damaged, 46 mobile homes damaged, 22 condos damaged, 2 multi-family homes damaged, and 22 commercial buildings damaged.  Of these 326 buildings, 113 sustained 5% damage, 86 sustained 15% damage, 2 sustained 20% damage, 29 sustained 30% damage, 17 sustained 35% damage, 28 sustained 45% damage, and 51 sustained 100% damage.",54
1150257,BAY CO.,LYNN HAVEN,01/09/2024,543,Tornado, ,EF2,0,2,5000000,0,FL,CST-6, ,186965,C,5,TAE,0,0,NWS Storm Survey, ,12.89,600,1,N,1,E,BENNETT,01/09/2024,555,30.2403,-85.6419,30.3861,-85.5071,"The same supercell that spawned the Grand Lagoon tornado dropped another in Lynn Haven where some trees were snapped and one home had some minor roof damage. The tornado then traveled northeast across the eastern portion of North Bay before causing damage in the Resota Beach area on the west shore of Deer Point Lake, destroying one double-wide manufactured home and significantly damaging another. The most significant damage in this area was to a single family home on Joanna Lane where large sections of the roof were removed and the garage was destroyed. This was consistent with EF-2 damage. After crossing Deer Point Lake, the tornado tracked through the Bay Head neighborhood where it caused the most extensive damage. One manufactured home on Magnolia Avenue was ripped from its moorings and tossed against the tree line at the back of the property. Fortunately, the two people inside suffered only minor injuries. A single family home at the intersection of Magnolia and Seminole St. had a large portion of its roof removed. Similar damage occurred to a home on Palm Avenue where substantial tree damage  also occurred. Four homes in the vicinity of Cherokee St. and Deerwood Avenue sustained similar damage. A brick home on Sunshine Drive not only had about half of its roof removed, but also saw collapse of walls on one corner of the house. All of these homes mentioned thus far in Bay Head suffered EF-2 damage, but this last one was the most severely damaged with winds estimated at 130 mph. As the tornado continued northeast, additional roof damage to homes occurred on Indian Bluff Drive, Indian Bluff Road, Piza Circle, and Miller Circle. On CR 2301 near Vickery Lane, one mobile home was shifted off its support blocks with a third of the structure destroyed. Damage northeast of this point became more sporadic and mainly to trees. The tornado appeared to lift as it crossed Mocassin Creek.","A high impact severe weather event impacted the tri-state region on January 9th with supercells producing tornadoes, large hail, and damaging wind gusts, followed by a major squall line with widespread wind damage and additional tornadoes. Preceding this activity, very strong non-thunderstorm wind gusts of 40-60 mph occurred, with even a gust to 70 mph at the Albany airport. There were 14 tornadoes confirmed across the tri-state region, including 3 EF0s, 5 EF1s, 5 EF2s, and 1 EF3. This activity was driven by a deepening area of low pressure west of the region with a record strong low level jet crossing the region. The winds at 850 mb were in in the 65-80 knot range, and sufficient instability existed to support mixing some of these very strong environmental winds to the surface.  ||Two significant tornadoes touched down in Bay county, including 1 EF3 and 1 EF2. These two tornadoes in Bay county resulted in damage to 326 buildings for a total market value loss of $20,350,311.  There were 234 single family homes damaged, 46 mobile homes damaged, 22 condos damaged, 2 multi-family homes damaged, and 22 commercial buildings damaged.  Of these 326 buildings, 113 sustained 5% damage, 86 sustained 15% damage, 2 sustained 20% damage, 29 sustained 30% damage, 17 sustained 35% damage, 28 sustained 45% damage, and 51 sustained 100% damage.",55
1150249,HOUSTON CO.,MEMPHIS,01/09/2024,553,Tornado, ,EF1,0,0,100000,0,AL,CST-6, ,186964,C,69,TAE,0,0,NWS Storm Survey, ,1.2,225,1,ENE,1,SSW,WILSON MILL,01/09/2024,555,31.135,-85.3554,31.1485,-85.3427,"A tornado touched down near Sowell Road west of Willie Varnum Road, causing damage to trees and a farm building. The tornado continue northeast, crossing Willie Varnum Road, causing significant tree damage, supportive of an EF-1 rating with max winds estimated near 90 mph. The tornado also damaged the roofs of several homes along Willie Varnum Road before dissipating before reaching Cottonwood Road. Thanks to Houston County, Alabama Emergency Management for assistance with this survey.","A high impact severe weather event impacted the tri-state region on January 9th with supercells producing tornadoes, large hail, and damaging wind gusts, followed by a major squall line with widespread wind damage and additional tornadoes. Preceding this activity, very strong non-thunderstorm wind gusts of 40-60 mph occurred, with even a gust to 70 mph at the Albany airport. There were 14 tornadoes confirmed across the tri-state region, including 3 EF0s, 5 EF1s, 5 EF2s, and 1 EF3. This activity was driven by a deepening area of low pressure west of the region with a record strong low level jet crossing the region. The winds at 850 mb were in in the 65-80 knot range, and sufficient instability existed to support mixing some of these very strong environmental winds to the surface.",56
1150323,BAY CO.,BETTS,01/09/2024,603,Tornado, ,EF0,0,0,0,0,FL,CST-6, ,186965,C,5,TAE,0,0,NWS Storm Survey, ,1.16,450,1,SSW,0,ESE,BETTS,01/09/2024,611,30.5135,-85.3949,30.528,-85.385,"This tornado touched down in far northeast Bay county, travelled through far northwest Calhoun county, and ended in Jackson county. The Bay county portion of the tornado is rated EF0. The Calhoun and Jackson county portions of the tornado are rated EF1 with max winds estimated at 90 mph. The tornado began in northeastern Bay county where it touched down in a wooded area between US 231 and NW County road 274 snapping several trees. Multiple trees along NW County road 167 were snapped or uprooted. The track continued to the northeast into Jackson county where it crossed through forested land before crossing Freeman Road. The tornado continued through another wooded area before moving parallel with Grand Mesa Avenue where several trees were uprooted or snapped. The tornado then continued through another wooded area before crossing Varsey Lane where it damaged some small outbuilding sheds as well as snapped a few trees. The tornado continued to track parallel to Varsey Lane to the northeast before snapping tree tops along its path before lifting just beyond Celestial Lane in another wooded area. The tornado reached its maximum width of approximately 450 yards as well as its maximum intensity as it crossed NW county road 167 with the most widespread tree damage observed at this point.","A high impact severe weather event impacted the tri-state region on January 9th with supercells producing tornadoes, large hail, and damaging wind gusts, followed by a major squall line with widespread wind damage and additional tornadoes. Preceding this activity, very strong non-thunderstorm wind gusts of 40-60 mph occurred, with even a gust to 70 mph at the Albany airport. There were 14 tornadoes confirmed across the tri-state region, including 3 EF0s, 5 EF1s, 5 EF2s, and 1 EF3. This activity was driven by a deepening area of low pressure west of the region with a record strong low level jet crossing the region. The winds at 850 mb were in in the 65-80 knot range, and sufficient instability existed to support mixing some of these very strong environmental winds to the surface.  ||Two significant tornadoes touched down in Bay county, including 1 EF3 and 1 EF2. These two tornadoes in Bay county resulted in damage to 326 buildings for a total market value loss of $20,350,311.  There were 234 single family homes damaged, 46 mobile homes damaged, 22 condos damaged, 2 multi-family homes damaged, and 22 commercial buildings damaged.  Of these 326 buildings, 113 sustained 5% damage, 86 sustained 15% damage, 2 sustained 20% damage, 29 sustained 30% damage, 17 sustained 35% damage, 28 sustained 45% damage, and 51 sustained 100% damage.",57
1150324,CALHOUN CO.,CENTER LAKE,01/09/2024,611,Tornado, ,EF1,0,0,0,0,FL,CST-6, ,186965,C,13,TAE,0,0,NWS Storm Survey, ,3.08,450,4,WSW,2,WNW,CENTER LAKE,01/09/2024,614,30.528,-85.385,30.567,-85.36,"This tornado touched down in far northeast Bay county, travelled through far northwest Calhoun county, and ended in Jackson county. The Bay county portion of the tornado is rated EF0. The Calhoun and Jackson county portions of the tornado are rated EF1 with max winds estimated at 90 mph. The tornado began in northeastern Bay county where it touched down in a wooded area between US 231 and NW County road 274 snapping several trees. Multiple trees along NW County road 167 were snapped or uprooted. The track continued to the northeast into Jackson county where it crossed through forested land before crossing Freeman Road. The tornado continued through another wooded area before moving parallel with Grand Mesa Avenue where several trees were uprooted or snapped. The tornado then continued through another wooded area before crossing Varsey Lane where it damaged some small outbuilding sheds as well as snapped a few trees. The tornado continued to track parallel to Varsey Lane to the northeast before snapping tree tops along its path before lifting just beyond Celestial Lane in another wooded area. The tornado reached its maximum width of approximately 450 yards as well as its maximum intensity as it crossed NW county road 167 with the most widespread tree damage observed at this point.","A high impact severe weather event impacted the tri-state region on January 9th with supercells producing tornadoes, large hail, and damaging wind gusts, followed by a major squall line with widespread wind damage and additional tornadoes. Preceding this activity, very strong non-thunderstorm wind gusts of 40-60 mph occurred, with even a gust to 70 mph at the Albany airport. There were 14 tornadoes confirmed across the tri-state region, including 3 EF0s, 5 EF1s, 5 EF2s, and 1 EF3. This activity was driven by a deepening area of low pressure west of the region with a record strong low level jet crossing the region. The winds at 850 mb were in in the 65-80 knot range, and sufficient instability existed to support mixing some of these very strong environmental winds to the surface.  ||Two significant tornadoes touched down in Bay county, including 1 EF3 and 1 EF2. These two tornadoes in Bay county resulted in damage to 326 buildings for a total market value loss of $20,350,311.  There were 234 single family homes damaged, 46 mobile homes damaged, 22 condos damaged, 2 multi-family homes damaged, and 22 commercial buildings damaged.  Of these 326 buildings, 113 sustained 5% damage, 86 sustained 15% damage, 2 sustained 20% damage, 29 sustained 30% damage, 17 sustained 35% damage, 28 sustained 45% damage, and 51 sustained 100% damage.",58
1150325,JACKSON CO.,COMPASS LAKE,01/09/2024,614,Tornado, ,EF1,0,0,5000,0,FL,CST-6, ,186965,C,63,TAE,0,0,NWS Storm Survey, ,5.55,450,2,SE,4,ESE,ROUND LAKE,01/09/2024,619,30.567,-85.36,30.6365,-85.3131,"This tornado touched down in far northeast Bay county, travelled through far northwest Calhoun county, and ended in Jackson county. The Bay county portion of the tornado is rated EF0. The Calhoun and Jackson county portions of the tornado are rated EF1 with max winds estimated at 90 mph. The tornado began in northeastern Bay county where it touched down in a wooded area between US 231 and NW County road 274 snapping several trees. Multiple trees along NW County road 167 were snapped or uprooted. The track continued to the northeast into Jackson county where it crossed through forested land before crossing Freeman Road. The tornado continued through another wooded area before moving parallel with Grand Mesa Avenue where several trees were uprooted or snapped. The tornado then continued through another wooded area before crossing Varsey Lane where it damaged some small outbuilding sheds as well as snapped a few trees. The tornado continued to track parallel to Varsey Lane to the northeast before snapping tree tops along its path before lifting just beyond Celestial Lane in another wooded area. The tornado reached its maximum width of approximately 450 yards as well as its maximum intensity as it crossed NW county road 167 with the most widespread tree damage observed at this point.","A high impact severe weather event impacted the tri-state region on January 9th with supercells producing tornadoes, large hail, and damaging wind gusts, followed by a major squall line with widespread wind damage and additional tornadoes. Preceding this activity, very strong non-thunderstorm wind gusts of 40-60 mph occurred, with even a gust to 70 mph at the Albany airport. There were 14 tornadoes confirmed across the tri-state region, including 3 EF0s, 5 EF1s, 5 EF2s, and 1 EF3. This activity was driven by a deepening area of low pressure west of the region with a record strong low level jet crossing the region. The winds at 850 mb were in in the 65-80 knot range, and sufficient instability existed to support mixing some of these very strong environmental winds to the surface.  ||Two significant tornadoes touched down in Bay county, including 1 EF3 and 1 EF2. These two tornadoes in Bay county resulted in damage to 326 buildings for a total market value loss of $20,350,311.  There were 234 single family homes damaged, 46 mobile homes damaged, 22 condos damaged, 2 multi-family homes damaged, and 22 commercial buildings damaged.  Of these 326 buildings, 113 sustained 5% damage, 86 sustained 15% damage, 2 sustained 20% damage, 29 sustained 30% damage, 17 sustained 35% damage, 28 sustained 45% damage, and 51 sustained 100% damage.",59
1150330,JACKSON CO.,SIMSVILLE,01/09/2024,625,Tornado, ,EF2,0,7,5000000,0,FL,CST-6, ,186965,C,63,TAE,0,0,NWS Storm Survey, ,16.33,600,4,WNW,1,ESE,BASCOM,01/09/2024,643,30.71,-85.2276,30.9152,-85.0912,"The tornado began in an open field that paralleled highway 73 in central Jackson county. The tornado continued to the northeast before crossing Pandora road where it uprooted a couple large pine trees, one of which fell on an older single wide trailer, which was completely destroyed. Another slightly newer single wide trailer had half of its roof peeled back and blown into the woods behind it to the northeast. The tornado continued to the northeast where it crossed Magnolia road. Several trees were uprooted and snapped along the road. A brand new manufactured home had half of its roof blown off. A trailer park along Mark lane had several large trees snapped or uprooted, and a few roofs were peeled back on some of the single wide homes in the subdivision. The tornado then went on to cross I-10 where an 18 wheeler was knocked over. After crossing I-10, the tornado paralleled Spring Creek road where it snapped and uprooted several large hardwood trees as well as peeled back part of the roof of a shed. The tornado continued to the northeast where it crossed U.S. Highway 90 where a majority of the damage and seven injuries occurred in an RV Park and neighborhood. Several mobile homes where significantly damaged or flipped upside down while being displaced several hundred feet. Several large pine trees where snapped at the base as well. In the subdivision just to the northeast of the RV Park on Rooks Drive, two residential family homes had their roofs completely blown off. A church just across the street from the homes off Merritts Mill road had a cinder block outbuilding collapse. The church building sustained some damage to the gable. The tornado continued to the northeast where several homes off of Janette Drive had partial roof damage as well as sporadic tree damage. The tornado continued to the northeast again through a wooded area before moving through Blue Spring subdivision where extensive damage was observed to the roofs and siding of a majority of the homes. Two homes off of Spring Chase Lane had their roofs blown off along with several large mature hardwoods being snapped at their base. The tornado reached its maximum intensity and width through this stretch just beyond U.S. Highway 90. The maximum width is estimated to be around 600 yards. From the Blue Springs Road subdivision, the tornado continued to the northeast parallel to Blue Springs Road where it snapped and uprooted several trees. The tornado continued along Blue Springs road where it damaged the roofs of several single wide manufactured homes.  The tornado continued to the northeast where it collapsed the roof of another church outbuilding along Polar Springs road while also uprooting and snapping several trees on the church property. The tornado crossed Fort road to the northeast of the church where several trees were snapped and uprooted before continuing through a wooded area. The tornado crossed Wintergreen road where a few trees were uprooted along the road, before it dissipated over the field to the northeast of the road.  The tornado was rated EF2 with max winds estimated at 125 mph.","A high impact severe weather event impacted the tri-state region on January 9th with supercells producing tornadoes, large hail, and damaging wind gusts, followed by a major squall line with widespread wind damage and additional tornadoes. Preceding this activity, very strong non-thunderstorm wind gusts of 40-60 mph occurred, with even a gust to 70 mph at the Albany airport. There were 14 tornadoes confirmed across the tri-state region, including 3 EF0s, 5 EF1s, 5 EF2s, and 1 EF3. This activity was driven by a deepening area of low pressure west of the region with a record strong low level jet crossing the region. The winds at 850 mb were in in the 65-80 knot range, and sufficient instability existed to support mixing some of these very strong environmental winds to the surface.  ||Two significant tornadoes touched down in Bay county, including 1 EF3 and 1 EF2. These two tornadoes in Bay county resulted in damage to 326 buildings for a total market value loss of $20,350,311.  There were 234 single family homes damaged, 46 mobile homes damaged, 22 condos damaged, 2 multi-family homes damaged, and 22 commercial buildings damaged.  Of these 326 buildings, 113 sustained 5% damage, 86 sustained 15% damage, 2 sustained 20% damage, 29 sustained 30% damage, 17 sustained 35% damage, 28 sustained 45% damage, and 51 sustained 100% damage.",60
1150320,WALTON CO.,DE FUNIAK SPRINGS ARPT,01/09/2024,706,Tornado, ,EF1,0,0,50000,0,FL,CST-6, ,186965,C,131,TAE,0,0,NWS Storm Survey, ,0.35,200,0,WNW,1,NNW,DE FUNIAK SPRINGS ARPT,01/09/2024,707,30.7333,-86.1565,30.7375,-86.1533,"A brief tornado touched down at the Defuniak Springs airport, damaging two hangars before crossing U.S. 90. The tornado then damaged the roof of a business, as well as numerous trees in the surrounding area. The damage at the airport and the business was consistent with an EF-1 tornado. Thanks to Walton County Emergency Management for assistance with this damage survey.","A high impact severe weather event impacted the tri-state region on January 9th with supercells producing tornadoes, large hail, and damaging wind gusts, followed by a major squall line with widespread wind damage and additional tornadoes. Preceding this activity, very strong non-thunderstorm wind gusts of 40-60 mph occurred, with even a gust to 70 mph at the Albany airport. There were 14 tornadoes confirmed across the tri-state region, including 3 EF0s, 5 EF1s, 5 EF2s, and 1 EF3. This activity was driven by a deepening area of low pressure west of the region with a record strong low level jet crossing the region. The winds at 850 mb were in in the 65-80 knot range, and sufficient instability existed to support mixing some of these very strong environmental winds to the surface.  ||Two significant tornadoes touched down in Bay county, including 1 EF3 and 1 EF2. These two tornadoes in Bay county resulted in damage to 326 buildings for a total market value loss of $20,350,311.  There were 234 single family homes damaged, 46 mobile homes damaged, 22 condos damaged, 2 multi-family homes damaged, and 22 commercial buildings damaged.  Of these 326 buildings, 113 sustained 5% damage, 86 sustained 15% damage, 2 sustained 20% damage, 29 sustained 30% damage, 17 sustained 35% damage, 28 sustained 45% damage, and 51 sustained 100% damage.",61
1150319,JACKSON CO.,RICHTER CROSSROADS,01/09/2024,750,Tornado, ,EF1,0,0,250000,0,FL,CST-6, ,186965,C,63,TAE,0,0,NWS Storm Survey, ,13.82,1000,5,WNW,3,NW,ELLAVILLE,01/09/2024,803,30.8676,-85.5799,30.998,-85.403,"This tornado started in Jackson county and continued into Houston county. The Jackson county portion of the tornado is rated as an EF1.  The Houston county portion of the tornado is rated EF2 with max winds estimated at 130 mph. This tornado touched down in a swampy area, just east of Holmes Creek in northwest Jackson County. The tornado initially uprooted and snapped several softwood and hardwood trees, along Hickshill Road and in addition, it damaged an outbuilding there. The tornado continued northeast, damaging more hardwood and softwood trees along Piano Road. The first structure to be impacted by this tornado was a double-wide manufactured home on the northern side of Piano Road. Additional softwood and hardwood trees were snapped and uprooted along Danford Bay Road. Tree damage continued along Orchid Road, Damascus Church Road and Layton Road as the tornado continued to progress northeastward. An outbuilding was damaged along Orchid Road, and a single-family home suffered significant roof damage along Layton Road. The tornado then destroyed two ninety foot, seventy-year-old concrete silos. Damage was found along the entire length of Everett Road which was composed of the snapping and uprooting of trees, along with damage to an outbuilding and a mobile home succumbing to window damage. More trees were damaged along Heislar Road and Peanut Road as the tornado continued its northeastward trek. A single-family home on Peanut Road suffered significant roof damage. When the tornado reached Shiloh Church Loop, a single-family home suffered significant roof damage. The tornado continued to move northeast across Highway 2 where more softwood and hardwood trees were uprooted and snapped. Most of the damage to this point is classified as EF-1. Before the tornado crossed into Alabama, it damaged the roof of a small business on US-231. After crossing into Houston County Alabama, the tornado produced a continuous swath of damage on either side of State Line Road all the way towards the city of Cottonwood. This is also consistent of EF-1 damage. The first instance of EF-2 damage was when the tornado approached Cottonwood proper, along Ramer Loop rolling a single-wide mobile home, destroying it, despite it being well strapped. As the tornado moved through downtown Cottonwood, numerous small businesses sustained damage, ranging from blown out windows, roof damage and in one case the failure of the front-facing brick facade. Additional EF-2 damage occurred when the tornado removed the entire roof of a large two-story home. The tornado continued its northeastward jog, leaving Cottonwood proper, and commenced to destroy a two-story Moose Lodge that was composed of cinder-blocks resulting in another instance of EF-2 damage. The most significant tree damage noted on this survey occurred when the tornado paralleled Dyers Road, thus snapping numerous hardwood and softwood trees. The most significant damage along this northeastward path occurred on September Road where a double-wide home was completely destroyed, and resulted in one fatality. As the tornado continued to move northeast to across Whitaker Road and Creek Church Road, EF-1 tree damage was noted. The tornado caused mainly EF-0 damage to softwood and hardwood trees along Green Frog Road and Ed Tolar Road. One last structural damage occurred to a single-family home where it caused significant roof damage before lifting near the Chattahoochee River. In summary, while most damage was EF-1, there were instances of EF-2 damage with the max wind of 130 mph. In addition to the one fatality, there were also ten direct injuries from the tornado and an additional six indirect injuries during the response phase of the disaster, all in the Cottonwood area. Thanks to Houston County and Jackson County Emergency Management for assistance with this damage survey.","A high impact severe weather event impacted the tri-state region on January 9th with supercells producing tornadoes, large hail, and damaging wind gusts, followed by a major squall line with widespread wind damage and additional tornadoes. Preceding this activity, very strong non-thunderstorm wind gusts of 40-60 mph occurred, with even a gust to 70 mph at the Albany airport. There were 14 tornadoes confirmed across the tri-state region, including 3 EF0s, 5 EF1s, 5 EF2s, and 1 EF3. This activity was driven by a deepening area of low pressure west of the region with a record strong low level jet crossing the region. The winds at 850 mb were in in the 65-80 knot range, and sufficient instability existed to support mixing some of these very strong environmental winds to the surface.  ||Two significant tornadoes touched down in Bay county, including 1 EF3 and 1 EF2. These two tornadoes in Bay county resulted in damage to 326 buildings for a total market value loss of $20,350,311.  There were 234 single family homes damaged, 46 mobile homes damaged, 22 condos damaged, 2 multi-family homes damaged, and 22 commercial buildings damaged.  Of these 326 buildings, 113 sustained 5% damage, 86 sustained 15% damage, 2 sustained 20% damage, 29 sustained 30% damage, 17 sustained 35% damage, 28 sustained 45% damage, and 51 sustained 100% damage.",62
1150321,WASHINGTON CO.,GILBERTS MILL,01/09/2024,759,Tornado, ,EF0,0,0,0,0,FL,CST-6, ,186965,C,133,TAE,0,0,NWS Storm Survey, ,0.89,50,3,ENE,4,ENE,GILBERTS MILL,01/09/2024,800,30.65,-85.45,30.6537,-85.4357,"A brief EF0 tornado touched down in far eastern Washington county.  The only damage was to trees, and this was coincident with a brief TDS from EVX radar.","A high impact severe weather event impacted the tri-state region on January 9th with supercells producing tornadoes, large hail, and damaging wind gusts, followed by a major squall line with widespread wind damage and additional tornadoes. Preceding this activity, very strong non-thunderstorm wind gusts of 40-60 mph occurred, with even a gust to 70 mph at the Albany airport. There were 14 tornadoes confirmed across the tri-state region, including 3 EF0s, 5 EF1s, 5 EF2s, and 1 EF3. This activity was driven by a deepening area of low pressure west of the region with a record strong low level jet crossing the region. The winds at 850 mb were in in the 65-80 knot range, and sufficient instability existed to support mixing some of these very strong environmental winds to the surface.  ||Two significant tornadoes touched down in Bay county, including 1 EF3 and 1 EF2. These two tornadoes in Bay county resulted in damage to 326 buildings for a total market value loss of $20,350,311.  There were 234 single family homes damaged, 46 mobile homes damaged, 22 condos damaged, 2 multi-family homes damaged, and 22 commercial buildings damaged.  Of these 326 buildings, 113 sustained 5% damage, 86 sustained 15% damage, 2 sustained 20% damage, 29 sustained 30% damage, 17 sustained 35% damage, 28 sustained 45% damage, and 51 sustained 100% damage.",63
1150318,HOUSTON CO.,MADRID,01/09/2024,803,Tornado, ,EF2,1,10,6000000,0,AL,CST-6, ,186964,C,69,TAE,6,0,NWS Storm Survey, ,20.94,1000,2,SSW,3,S,FARLEY NUCLEAR PLANT,01/09/2024,822,30.998,-85.403,31.1789,-85.1191,"This is a continuation of the Jackson county tornado. The Houston county portion of the tornado is rated EF2 with max winds estimated at 130 mph. This tornado touched down in a swampy area, just east of Holmes Creek in northwest Jackson County. The tornado initially uprooted and snapped several softwood and hardwood trees, along Hickshill Road and in addition, it damaged an outbuilding there. The tornado continued northeast, damaging more hardwood and softwood trees along Piano Road. The first structure to be impacted by this tornado was a double-wide manufactured home on the northern side of Piano Road. Additional softwood and hardwood trees were snapped and uprooted along Danford Bay Road. Tree damage continued along Orchid Road, Damascus Church Road and Layton Road as the tornado continued to progress northeastward. An outbuilding was damaged along Orchid Road, and a single-family home suffered significant roof damage along Layton Road. The tornado then destroyed two ninety foot, seventy-year-old concrete silos. Damage was found along the entire length of Everett Road which was composed of the snapping and uprooting of trees, along with damage to an outbuilding and a mobile home succumbing to window damage. More trees were damaged along Heislar Road and Peanut Road as the tornado continued its northeastward trek. A single-family home on Peanut Road suffered significant roof damage. When the tornado reached Shiloh Church Loop, a single-family home suffered significant roof damage. The tornado continued to move northeast across Highway 2 where more softwood and hardwood trees were uprooted and snapped. Most of the damage to this point is classified as EF-1. Before the tornado crossed into Alabama, it damaged the roof of a small business on US-231. After crossing into Houston County Alabama, the tornado produced a continuous swath of damage on either side of State Line Road all the way towards the city of Cottonwood. This is also consistent of EF-1 damage. The first instance of EF-2 damage was when the tornado approached Cottonwood proper, along Ramer Loop rolling a single-wide mobile home, destroying it, despite it being well strapped.   As the tornado moved through downtown Cottonwood, numerous small businesses sustained damage, ranging from blown out windows, roof damage and in one case the failure of the front-facing brick facade. Additional EF-2 damage occurred when the tornado removed the entire roof of a large two-story home. The tornado continued its northeastward jog, leaving Cottonwood proper, and commenced to destroy a two-story Moose Lodge that was composed of cinder-blocks resulting in another instance of EF-2 damage. The most significant tree damage noted on this survey occurred when the tornado paralleled Dyers Road, thus snapping numerous hardwood and softwood trees. The most significant damage along this northeastward path occurred on September Road where a double-wide home was completely destroyed, and resulted in one fatality. As the tornado continued to move northeast to across Whitaker Road and Creek Church Road, EF-1 tree damage was noted. The tornado caused mainly EF-0 damage to softwood and hardwood trees along Green Frog Road and Ed Tolar Road. One last structural damage occurred to a single-family home where it caused significant roof damage before lifting near the Chattahoochee River. In summary, while most damage was EF-1, there were instances of EF-2 damage with the max wind of 130 mph. In addition to the one fatality, there were also ten direct injuries from the tornado and an additional six indirect injuries during the response phase of the disaster, all in the Cottonwood area. Thanks to Houston County and Jackson County Emergency Management for assistance with this damage survey.","A high impact severe weather event impacted the tri-state region on January 9th with supercells producing tornadoes, large hail, and damaging wind gusts, followed by a major squall line with widespread wind damage and additional tornadoes. Preceding this activity, very strong non-thunderstorm wind gusts of 40-60 mph occurred, with even a gust to 70 mph at the Albany airport. There were 14 tornadoes confirmed across the tri-state region, including 3 EF0s, 5 EF1s, 5 EF2s, and 1 EF3. This activity was driven by a deepening area of low pressure west of the region with a record strong low level jet crossing the region. The winds at 850 mb were in in the 65-80 knot range, and sufficient instability existed to support mixing some of these very strong environmental winds to the surface.",64
1150322,BAY CO.,PARKER,01/09/2024,803,Tornado, ,EF2,0,0,75000,0,FL,CST-6, ,186965,C,5,TAE,0,0,NWS Storm Survey, ,0.88,150,1,NE,2,NE,PARKER,01/09/2024,805,30.1417,-85.5907,30.1449,-85.5765,"A tornado touched down in Callaway near the intersection of South Tyndall Parkway and North Lakewood Drive. The roofs of two homes were heavily damaged in this location, consistent with an EF-2 tornado with max winds estimated at 115 mph. Damage was sporadic along the track as the tornado continued northeast until the roof of another home was removed along Chipewa Street. A manufactured home was also damaged along Chipewa Street. The tornado appears to have dissipated near Cherry Street, where debris from the damaged roof was scattered. Thanks to area media and Emergency Management for assistance with this survey.","A high impact severe weather event impacted the tri-state region on January 9th with supercells producing tornadoes, large hail, and damaging wind gusts, followed by a major squall line with widespread wind damage and additional tornadoes. Preceding this activity, very strong non-thunderstorm wind gusts of 40-60 mph occurred, with even a gust to 70 mph at the Albany airport. There were 14 tornadoes confirmed across the tri-state region, including 3 EF0s, 5 EF1s, 5 EF2s, and 1 EF3. This activity was driven by a deepening area of low pressure west of the region with a record strong low level jet crossing the region. The winds at 850 mb were in in the 65-80 knot range, and sufficient instability existed to support mixing some of these very strong environmental winds to the surface.  ||Two significant tornadoes touched down in Bay county, including 1 EF3 and 1 EF2. These two tornadoes in Bay county resulted in damage to 326 buildings for a total market value loss of $20,350,311.  There were 234 single family homes damaged, 46 mobile homes damaged, 22 condos damaged, 2 multi-family homes damaged, and 22 commercial buildings damaged.  Of these 326 buildings, 113 sustained 5% damage, 86 sustained 15% damage, 2 sustained 20% damage, 29 sustained 30% damage, 17 sustained 35% damage, 28 sustained 45% damage, and 51 sustained 100% damage.",65
1160432,FULTON CO.,FAIRBURN SKY PORT,01/09/2024,812,Tornado, ,EF0,0,0,0,0,GA,EST-5, ,188328,C,121,FFC,0,0,NWS Storm Survey, ,1.56,75,1,WSW,1,NE,FAIRBURN SKY PORT,01/09/2024,813,33.5242,-84.6442,33.5355,-84.622,"Tornado first touched down East of the city of Palmetto and just north of Johnson Road and east of Bowen Rd near a home where several trees were snapped and uprooted. the tornado continued east-northeast crossing Tatum Rd and encountered a large warehouse. Several semi-tractor trailers were flipped on their side or tossed over an embankment on the NE side of the warehouse. Trees were snapped and uprooted in a nearby patch of woods to the NE of the trailers. The tornado continued northeast encountering a Lowes warehouse where a small portion of the roof was peeled back. The tornado weakened as it continued northeast and lifted as it crossed Gullatt Rd where several small limbs were snapped off.","A line of thunderstorms moved across Georgia during the morning and early afternoon hours of the 9th. Most of the severe thunderstorms was collocated with the greatest instability across South-Central and East-Central Georgia. However, increased shear along the base of CAD was enough to organize an embedded cell which traversed the Atlanta Metro Area. This cell developed a brief circulation, necessitating a tornado warning. ||In total, rainfall amounts of 2 to 3.5 inches were common, with isolated amounts of 4.5 to 8 inches. These amounts produced flooding and flash flooding over the area, and contributed to the improvement of drought conditions over north Georgia.",66
1150302,EARLY CO.,ROWENA,01/09/2024,946,Tornado, ,EF2,0,0,326000,0,GA,EST-5, ,186966,C,99,TAE,0,0,NWS Storm Survey, ,4.55,800,1,W,3,NNW,NICHOLASVILLE,01/09/2024,951,31.3785,-84.7285,31.435,-84.689,"The tornado touched down in a heavily wooded area along Daniels road in Early County causing minor damage to trees. The tornado travelled north and intensified as it crossed agricultural fields and Clower Road where it toppled several center pivot irrigation systems. An unreinforced concrete block home was also destroyed along this road in Early county, consistent with an EF-2 rating. EF-2 damage was also noted just to the northeast along Highway 45 where two homes were badly damaged. An older two story home was shifted off its foundation several feet. Another newer brick home suffered significant roof damage. The intensity peaked at this location with an estimated maximum wind speed of 120 mph. Tree damage continued along the track to the northeast across Highway 216 and Nantze Spring Road before the tornado moved into Calhoun County. The tornado continued through wooded portions of Calhoun County, causing EF-1 consistent damage to trees. Damage was also noted to a railroad crossing gate along State Road 82. The tornado continued northeast through Calhoun County across Boggy Creek Road and Highway 37. The tornado crossed Highway 234 causing roof damage to a home before damaging a double-wide manufactured home on County Road 120. The tornado dissipated in a rural area just northeast of Highway 55. Thanks to Early and Calhoun County Emergency Management for assistance with this survey. In Early county, seven buildings were damaged for a total market loss of $326,523.  This consisted of six single family homes and one mobile home.","A high impact severe weather event impacted the tri-state region on January 9th with supercells producing tornadoes, large hail, and damaging wind gusts, followed by a major squall line with widespread wind damage and additional tornadoes. Preceding this activity, very strong non-thunderstorm wind gusts of 40-60 mph occurred, with even a gust to 70 mph at the Albany airport. There were 14 tornadoes confirmed across the tri-state region, including 3 EF0s, 5 EF1s, 5 EF2s, and 1 EF3. This activity was driven by a deepening area of low pressure west of the region with a record strong low level jet crossing the region. The winds at 850 mb were in in the 65-80 knot range, and sufficient instability existed to support mixing some of these very strong environmental winds to the surface.",67
1150309,CALHOUN CO.,ARLINGTON,01/09/2024,951,Tornado, ,EF1,0,0,50000,0,GA,EST-5, ,186966,C,37,TAE,0,0,NWS Storm Survey, ,17.18,800,2,E,1,NW,OAK HILL,01/09/2024,1007,31.435,-84.689,31.6052,-84.4764,"This is a continuation of the EF2 tornado from Early county.  The Calhoun county portion of the track is rated as EF1.  The tornado touched down in a heavily wooded area along Daniels road in Early County causing minor damage to trees. The tornado travelled north and intensified as it crossed agricultural fields and Clower Road where it toppled several center pivot irrigation systems. An unreinforced concrete block home was also destroyed along this road in Early county, consistent with an EF-2 rating. EF-2 damage was also noted just to the northeast along Highway 45 where two homes were badly damaged. An older two story home was shifted off its foundation several feet. Another newer brick home suffered significant roof damage. The intensity peaked at this location with an estimated maximum wind speed of 120 mph. Tree damage continued along the track to the northeast across Highway 216 and Nantze Spring Road before the tornado moved into Calhoun County. The tornado continued through wooded portions of Calhoun County, causing EF-1 consistent damage to trees. Damage was also noted to a railroad crossing gate along State Road 82. The tornado continued northeast through Calhoun County across Boggy Creek Road and Highway 37. The tornado crossed Highway 234 causing roof damage to a home before damaging a double-wide manufactured home on County Road 120. The tornado dissipated in a rural area just northeast of Highway 55. Thanks to Early and Calhoun County Emergency Management for assistance with this survey.","A high impact severe weather event impacted the tri-state region on January 9th with supercells producing tornadoes, large hail, and damaging wind gusts, followed by a major squall line with widespread wind damage and additional tornadoes. Preceding this activity, very strong non-thunderstorm wind gusts of 40-60 mph occurred, with even a gust to 70 mph at the Albany airport. There were 14 tornadoes confirmed across the tri-state region, including 3 EF0s, 5 EF1s, 5 EF2s, and 1 EF3. This activity was driven by a deepening area of low pressure west of the region with a record strong low level jet crossing the region. The winds at 850 mb were in in the 65-80 knot range, and sufficient instability existed to support mixing some of these very strong environmental winds to the surface.",68
1150346,LEON CO.,BLOXHAM,01/09/2024,1032,Tornado, ,EF0,0,0,0,0,FL,EST-5, ,186965,C,73,TAE,0,0,NWS Storm Survey, ,0.96,50,2,ENE,3,ENE,BLOXHAM,01/09/2024,1034,30.3879,-84.5895,30.397,-84.5773,"A brief tornado touched touch along Bloxham Cutoff, damaging several trees. The tornado moved into a wooded area south of Blountstown highway where it dissipated. No other damage was found. The tree damage was consistent with an EF0 tornado.","A high impact severe weather event impacted the tri-state region on January 9th with supercells producing tornadoes, large hail, and damaging wind gusts, followed by a major squall line with widespread wind damage and additional tornadoes. Preceding this activity, very strong non-thunderstorm wind gusts of 40-60 mph occurred, with even a gust to 70 mph at the Albany airport. There were 14 tornadoes confirmed across the tri-state region, including 3 EF0s, 5 EF1s, 5 EF2s, and 1 EF3. This activity was driven by a deepening area of low pressure west of the region with a record strong low level jet crossing the region. The winds at 850 mb were in in the 65-80 knot range, and sufficient instability existed to support mixing some of these very strong environmental winds to the surface.  ||Two significant tornadoes touched down in Bay county, including 1 EF3 and 1 EF2. These two tornadoes in Bay county resulted in damage to 326 buildings for a total market value loss of $20,350,311.  There were 234 single family homes damaged, 46 mobile homes damaged, 22 condos damaged, 2 multi-family homes damaged, and 22 commercial buildings damaged.  Of these 326 buildings, 113 sustained 5% damage, 86 sustained 15% damage, 2 sustained 20% damage, 29 sustained 30% damage, 17 sustained 35% damage, 28 sustained 45% damage, and 51 sustained 100% damage.",69
1159053,CATAWBA CO.,BANDY,01/09/2024,1227,Tornado, ,EF1,1,4,250000,0,NC,EST-5, ,188566,C,35,GSP,0,0,NWS Storm Survey, ,7.52,250,3,W,1,NNE,CATAWBA,01/09/2024,1234,35.657,-81.157,35.739,-81.069,"NWS storm survey found the path of a tornado that touched down near Yount Rd in Claremont, where large tree branches were broken off, before the tornado moved northeast, uprooting trees from Love Rd to Boggs Rd. The tornado appeared to intensify by along Hewitt Rd near McLin Creek, before moving into the Fox Hollow neighborhood. Several trees were uprooted or snapped on Cindi Lane, while several manufactured homes were damaged along Evening Dr. One of these homes, which was tied down but only in shallow holes, rolled over and was partially torn apart. A person inside was killed.  The walls of another manufactured home in Fox Hollow were torn away from the floor and undercarriage, and two more suffered major roof or wall damage. Four injuries occurred elsewhere in Fox Hollow, two of which were serious. Several tree trunks were snapped  northeast of this location on Old Catawba Rd. At this point, the damage track was lost in a largely inaccessible rural area between Highway 70 and the Catawba River, but the tornado is presumed to have been  mostly in contact with the ground, crossing into Iredell County just south of I-40.","A major/complex frontal system brought widespread rain with embedded thunderstorms to western North Carolina, mainly during the afternoon of the 9th. Widespread rainfall amounts of 3 to 5 inches (with locally higher amounts) in around 12 hours resulted in numerous reports of flooding. Isolated severe thunderstorms also resulted in a number of damaging wind gusts reports over the Piedmont, along with an EF1 tornado that impacted portions of Catawba and Iredell Counties.",70
1159055,IREDELL CO.,BUFFALO,01/09/2024,1234,Tornado, ,EF1,0,0,0,0,NC,EST-5, ,188566,C,97,GSP,0,0,NWS Storm Survey, ,1.5,250,3,WNW,3,NNW,BUFFALO,01/09/2024,1236,35.739,-81.069,35.757,-81.054,"NWS storm survey found the path of an EF1 tornado that began in the Claremont area of Catawba County crossed the Catawba River into Iredell County, just south of I-40. Several tree trunks were snapped along Interstate 40 between the river and Sharon School Rd. Additional snapped and uprooted trees were observed in the Sharon Community. The damage path appeared to end just north of I-40 between Sharon School Rd and Buffalo Shoals Creek.","A major/complex frontal system brought widespread rain with embedded thunderstorms to western North Carolina, mainly during the afternoon of the 9th. Widespread rainfall amounts of 3 to 5 inches (with locally higher amounts) in around 12 hours resulted in numerous reports of flooding. Isolated severe thunderstorms also resulted in a number of damaging wind gusts reports over the Piedmont, along with an EF1 tornado that impacted portions of Catawba and Iredell Counties.",71
1198454,COFFEE CO.,NICHOLLS,01/09/2024,1255,Tornado, ,EF1,0,0,0,0,GA,EST-5, ,187496,C,69,JAX,0,0,NWS Storm Survey, ,4.17,400,1,W,4,NE,NICHOLLS,01/09/2024,1300,31.52,-82.66,31.5582,-82.6053,"An EF1 tornado with peak winds near 110 mph raced NE from just west of Nicholls in Coffee County to Norman Cole Circle in west-central Bacon County before it dissipated. Most damage occurred to trees and farm buildings, with some outbuildings totally destroyed. The tornado continued to track NE crossing Roberts Cemetery Road, Dove Lane and Honey Suckle Road where EF1 strength continued to caused tree and outbuilding structure damage, including large hardwood trees blown down and uprooted. The tornado continued NE and entered into Bacon County where it crossed Indian Road, Black River Road and Florida Road where trees and outbuildings were damaged. The tornado maintained EF1 strength as it damaged well-built structures including a car port, outbuildings, farm buildings and trees along Norman Cold Circle before dissipating around 1:05 pm EST.","A strong pre-frontal squall line of strong to severe storms moved quickly eastward across SE GA and NE FL during the afternoon and exited off the SE GA coast into the Atlantic waters by the late afternoon and offshore of the NE FL coast by the evening. Strong dynamics with this system included a very strong low-level jet of 45-55 knots and 0-6 km shear of 50-70 knots, which along with good lapse rates aloft around 6.5 C/km and high dewpoints into the upper 60s created 500-800 J/KG of CAPE. These ingredients promoted threat of damaging wind gusts of 50-70 mph or greater, hail, and isolated tornadoes within more intense storms embedded within the Squall line.",72
1151739,COFFEE CO.,NICHOLLS,01/09/2024,1255,Tornado, ,EF1,0,0,0,0,GA,EST-5, ,187496,C,69,JAX,0,0,NWS Storm Survey, ,4.37,400,1,WSW,4,NE,NICHOLLS,01/09/2024,1300,31.5166,-82.6644,31.558,-82.6057,"An EF1 tornado with peak winds near 110 mph raced NE from just west of Nicholls in Coffee County to Norman Cole Circle in west-central Bacon county before it dissipated. Most damage occurred to trees and farm buildings, with some outbuildings totally destroyed. A tornado touched down near Saginaw along Georgia Highway 32 East|where EF0 tree damage was observed around 12:55 pm EST. |The tornado tracked to the northeast crossing Nicholls Road where |trees were uprooted. The circulation continued to track NE |crossing the intersection of Hazel Nut Road and Peachtree |Road where EF1 strength to 110 mph occurred due to total |destruction of a barn and outbuildings that were blown off |of their foundations and rolled across the property around 1 pm EST. |A couple of family homes in this area suffered roof damage and |utility poles were damaged. The tornado continued to track NE |crossing Roberts Cemetery Road, Dove Lane and Honey Suckle Road |where EF1 strength continued to caused tree and outbuilding |structure damage, including large hardwood trees blown down and |uprooted.","A strong pre-frontal squall line of strong to severe storms moved quickly eastward across SE GA and NE FL during the afternoon and exited off the SE GA coast into the Atlantic waters by the late afternoon and offshore of the NE FL coast by the evening. Strong dynamics with this system included a very strong low-level jet of 45-55 knots and 0-6 km shear of 50-70 knots, which along with good lapse rates aloft around 6.5 C/km and high dewpoints into the upper 60s created 500-800 J/KG of CAPE. These ingredients promoted threat of damaging wind gusts of 50-70 mph or greater, hail, and isolated tornadoes within more intense storms embedded within the Squall line.",73
1154910,BACON CO.,SESSOMS STATION,01/09/2024,1300,Tornado, ,EF1,0,0,0,0,GA,EST-5, ,187496,C,5,JAX,0,0,NWS Storm Survey, ,2.91,400,3,NNW,6,NE,NICHOLLS,01/09/2024,1305,31.558,-82.6057,31.5836,-82.5693,"An EF1 tornado with peak winds near 110 mph raced NE from just west of Nicholls in Coffee County to Norman Cole Circle in west-central Bacon county before it dissipated. Most damage occurred to trees and farm buildings, with some outbuildings totally destroyed. The tornado continued to track NE crossing Roberts Cemetery Road, Dove Lane and Honey Suckle Road where EF1 strength continued to caused tree and outbuilding structure damage, including large hardwood trees blown down and |uprooted. The tornado continued NE and crossed Indian Road, |Black River Road and Florida Road where trees and outbuildings |were damaged. The tornado maintained EF1 strength as it damaged well-built |structures including a car port, outbuildings, farm buildings and |trees along Norman Cold Circle before dissipating around 1:05 pm EST.","A strong pre-frontal squall line of strong to severe storms moved quickly eastward across SE GA and NE FL during the afternoon and exited off the SE GA coast into the Atlantic waters by the late afternoon and offshore of the NE FL coast by the evening. Strong dynamics with this system included a very strong low-level jet of 45-55 knots and 0-6 km shear of 50-70 knots, which along with good lapse rates aloft around 6.5 C/km and high dewpoints into the upper 60s created 500-800 J/KG of CAPE. These ingredients promoted threat of damaging wind gusts of 50-70 mph or greater, hail, and isolated tornadoes within more intense storms embedded within the Squall line.",74
1159879,EVANS CO.,HAGAN,01/09/2024,1343,Tornado, ,EF1,0,0,100000,0,GA,EST-5, ,188647,C,109,CHS,0,0,NWS Storm Survey, ,4.78,200,1,ESE,5,SSE,BELLVILLE,01/09/2024,1350,32.1399,-81.9121,32.0787,-81.9503,"An official NWS storm survey confirmed a EF-1 tornado in Evans County. The tornado began in a very rural portion of southern Evans County near Bay Branch Church Road where it snapped one small tree and uprooted another. The tornado then continued toward the northeast where it snapped and uprooted more than a dozen pecan trees just north of County Road 43. The tornado strength was estimated to be EF-1 at this point, with maximum winds of 95 to 100 mph. The tornado continued to periodically snap and uproot trees as it moved near the intersection of County Road 43 and Level Road, and then near the intersection of Cleve Hagan and Perry Roads. As the tornado moved across the marshy area of Bull Creek, it seemed to increase in intensity. Once it reached just east of Perry Road and north of Bull Creek, it snapped and uprooted dozens of mostly pine trees across a large wooded area of a private residence. In this area it also uplifted the roof of a steel outbuilding and destroyed the garage door. Maximum wind speeds in this area were estimated to be near 100 mph. The tornado continued northeast, crossing near the intersection of Frances Road and Deer Run Trail, where it destroyed a small wooden storage building. The tornado ended in a filed on the east side of Deer Run Trail where it destroyed a pivot irrigation system.","A strong line of thunderstorms developed ahead of a strong cold front and moved through southeast Georgia in the afternoon hours. The strong line of storms produced damaging wind gusts, resulting in multiple trees down. A tornado event was even confirmed in Evans County.",75
1147213,LEXINGTON CO.,SYRUP,01/09/2024,1410,Tornado, ,EF1,0,1,0,0,SC,EST-5, ,186883,C,63,CAE,0,0,NWS Storm Survey, ,3.27,150,4,SSW,1,SSE,SYRUP,01/09/2024,1416,34.0518,-81.3548,34.0923,-81.3252,"A National Weather Service storm survey team confirmed an EF-1, with peak winds of|90 mph, that crossed Lake Murray Tuesday afternoon. The tornado developed over|Shull Island and moved northeast across Lake Murray. The tornado then came ashore|at Indian Summer Point. The tornado damaged some tree tops at Shull Island before|moving quickly north-northeast, snapping and uprooting multiple trees along Westridge |Court up to Mallard Drive. The tornado then dissipated before reaching the intersection|of Johns Creek Road and Mallard Drive.||The most significant damage occurred in the Westridge Court area off of Wessinger|Road. The tornado uprooted a large pine tree that fell onto the roof of a home, injuring|one elderly person. This person was transported with minor injuries to the hospital|and later released. There were several large Cedar trees that were uprooted or|snapped in this area as well. Minor damage also occurred to a small barn with the roof|partially uplifted. Just before the tornado dissipated, it uprooted a large tree along|Mallard Drive.","Strong upper level and surface areas of low pressure moved NE into the Midwest, while a cold front along with a secondary weak low, formed and moved through the area.  Gradient wind gusts, along with enhanced wind gusts associated with severe thunderstorms and a strong low level jet, resulted in widespread tree damage.",76
1147216,BAMBERG CO.,BAMBERG,01/09/2024,1446,Tornado, ,EF2,0,0,1800000,0,SC,EST-5, ,186883,C,9,CAE,0,0,NWS Storm Survey, ,2.14,500,2,SSW,0,NW,BAMBERG,01/09/2024,1448,33.2729,-81.0435,33.3027,-81.0331,"A National Weather storm survey team confirmed an EF2 tornado, with peak winds of|125 mph, in Bamberg SC. The tornado began 1.75 miles south of the City of Bamberg|along US Hwy 601, near Cry Baby Road.||Moving north, the tornado then proceeded to flip a mobile home and cause substantial|EF2 damage to a barrel plant at the intersection of US Hwy 601 and US Hwy 301. Door|and window failure contributed to the collapse of the middle section of the building|and partial collapse of the front section. The collapsed portions of the building were|tossed across Chevrolet St into a water tower.||The tornado continued north-northeast along US-301 causing widespread EF1 roof and|tree damage before moving into downtown Bamberg.||As the tornado entered downtown Bamberg, it strengthened to EF2 intensity and|caused substantial structural damage to a series of 2-3 story historic buildings just|south of the intersection of US Hwy 78 and US Hwy 301. The newer roof section of a|building on the west side of US Hwy 301 was thrown completely off onto the adjacent|structure. There was a complete collapse of the upper stories of two buildings on the|east side of US Hwy 301 with the corner torn off another. Preexisting missing portions|of the roof and gaps in the exterior wall of the former City Hall likely contributed to its|collapse due to wind intrusion. ||The tornado then moved north and quickly weakened as it crossed US Hwy 78 before|dissipating 0.4 miles north of downtown Bamberg along US Hwy 301.||The National Weather Service would like to thank wind engineers from the Insurance|Institute for Business and Home Safety for their expertise assisting with surveying|some of the structural damage.","Strong upper level and surface areas of low pressure moved NE into the Midwest, while a cold front along with a secondary weak low, formed and moved through the area.  Gradient wind gusts, along with enhanced wind gusts associated with severe thunderstorms and a strong low level jet, resulted in widespread tree damage.",77
1149963,HILLSBOROUGH CO.,COSME,01/09/2024,1600,Tornado, ,EF1,0,0,250000,0,FL,EST-5, ,187366,C,57,TBW,0,0,NWS Storm Survey, ,0.58,75,4,WSW,4,WSW,COSME,01/09/2024,1602,28.1061,-82.6458,28.109,-82.6369,"A EF-1 tornado with maximum estimated winds of 90 mph tracked across The Eagles Golf Club northwest of Westchase, from just west of Birkdale Drive, across Nine Eagles Drive, Byrnwyck Lane and Benty Way, before lifting just west of Eagle Oak Drive. The most notable structural damage observed was the detachment/collapse of several pool cages backing up to the golf course. Additional roof and tree damage was noted, however, this appeared to be associated with inflow and/or an eventual microburst with a uniform direction to the damage. Along the path, there were a couple pockets of EF-1 damage. However, most of the surveyed damage was EF-0.","A prefrontal squall line ahead of a cold front over the eastern Gulf of Mexico extending south from an area of low pressure moving across the southeast U.S. and Mid-Atlantic produced tornadoes in Hillsborough and Pinellas counties, along with damaging straight-line winds in Sarasota County.",78
1151732,DUVAL CO.,BAYARD,01/09/2024,1608,Tornado, ,EF0,0,0,0,0,FL,EST-5, ,187472,C,31,JAX,0,0,NWS Storm Survey, ,0.23,30,2,SSW,2,SSW,BAYARD,01/09/2024,1610,30.125,-81.5317,30.1264,-81.5282,"A brief EF0 tornado with maximum winds near 80 mph produced widespread tree damage just east of Interstate 95 in the Bartram Park area of the Jacksonville Southside. The tornado touched down just west of Bartram Park around |4:08 pm, north of Arching Branch Circle, and tracked quickly |to the ENE across Woody Vine Drive and Roundleaf Drive before|dissipating across a wooded area just west of I-95 around |4:10 pm. There was some minor structure damage to gutters |and window screens, but the majority of damage included |snapped trees and large limbs blown down. There were |some trees were blown down and uprooted, indicative of a |descending rear flank downdraft.","A strong pre-frontal squall line of strong to severe storms moved quickly eastward across SE GA and NE FL during the afternoon and exited off the SE GA coast into the Atlantic waters by the late afternoon and offshore of the NE FL coast by the evening. Strong dynamics with this system included a very strong low-level jet of 45-55 knots and 0-6 km shear of 50-70 knots, which along with good lapse rates aloft around 6.5 C/km and high dewpoints into the upper 60s created 500-800 J/KG of CAPE. These ingredients promoted threat of damaging wind gusts of 50-70 mph or greater, hail, and isolated tornadoes within more intense storms embedded within the Squall line.",79
1149965,PINELLAS CO.,SAINT PETERSBURG PORTS SITE,01/09/2024,1623,Tornado, ,EF0,0,0,10000,0,FL,EST-5, ,187366,C,103,TBW,0,0,NWS Storm Survey, ,0.01,10,1,SW,1,SW,SAINT PETERSBURG PORTS SITE,01/09/2024,1624,27.7528,-82.6401,27.7528,-82.64,"A very brief EF-0 tornado with maximum estimated winds of around 80 mph produced minor roof damage to a structure in Saint Petersburg just north of 18th Avenue between 5th and 6th Street. Just west of the building were parked cars, trees, and a telephone pole with no damage. However, roof covering material was found deposited in this area. No other visible damage could be found in the vicinity.","A prefrontal squall line ahead of a cold front over the eastern Gulf of Mexico extending south from an area of low pressure moving across the southeast U.S. and Mid-Atlantic produced tornadoes in Hillsborough and Pinellas counties, along with damaging straight-line winds in Sarasota County.",80
1159309,CRAVEN CO.,ASKIN,01/10/2024,2003,Tornado, ,EF1,0,0,0,0,NC,EST-5, ,188596,C,49,MHX,0,0,NWS Storm Survey, ,5.02,125,2,SSE,1,WSW,CATON,01/10/2024,2011,35.196,-77.0561,35.2637,-77.0238,"A tornado touched down along Highway 17 near Ernul, near the intersection|of Gaskins Road. A narrow path of damage consisting of one large pine tree snapped|about 40 feet high, and another uprooted, was found near the train tracks.|The damage path continued northeast and produced some minor damage to an outbuilding with some minor shingle loss. Aged shingles likely led to some of the damage but at this location there was clear evidence of some damage blown back toward the southwest or opposite of the storm motion. Farther north along Highway 17, just north of the intersection of Askin Brick Road, two more pine trees were snapped and fell across the power lines. Some of this western edge of the path may have been |inflow, into the storm, as the actual path width was very narrow. ||A sporadic damage path continued northeast across Aurora Road, where more|pine trees were snapped, 10 to 40 feet up from the base.  Some minor damage|occured to a house where a handful of shingles were removed. Some metal from|a roof was also peeled off a farm outbuilding, where it had been previously|attached to an asphalt shingle roof. From the start near Highway 17, through Aurora|Road, this sporadic path produced estimated winds between 60 and 80 MPH or|consistent with EF0 damage. ||The sporadic path continued northeast to Hill Neck Road, where the most|impressive damage occurred. Multiple trees were snapped, with two large,|healthy pine trees, at least 27 in diameter snapped near the base or up|to 15 feet off the ground. Here we estimated wind speeds near 90 MPH or consistent|with low end EF1 damage. The path continued northeast across the road into a field|where more trees were snapped. The end point was estimated because of limited|access in the forest.","Late on the evening of January 9, 2024, a strong cold front moved east across the Carolinas, and was accompanied by a line of severe thunderstorms. A period of strong southerly winds (not associated with thunderstorms) developed ahead of the cold front, followed by widespread strong to damaging winds associated with the line of thunderstorms. These thunderstorms produced wind gusts as high as 100 mph, caused tree and structure damage, and spawned multiple tornadoes. Since 1950, only one other time in Eastern North Carolina history has a storm system produced 3, or more, tornadoes in one event during the winter months (Dec, Jan, Feb). The last time was February 18, 2008. The strong onshore winds also led to coastal flooding, especially across the Outer Banks from Ocracoke north. In all, over 60 reports of severe weather or coastal flooding were received, and over 20 Severe Thunderstorm and several Tornado Warnings were issued. This event will go down as one of the more notable winter season severe weather events for Eastern North Carolina.",81
1159305,CARTERET CO.,HARKERS IS,01/10/2024,2105,Tornado, ,EF1,0,0,0,0,NC,EST-5, ,188596,C,31,MHX,0,0,NWS Storm Survey, ,0.23,75,1,SW,0,SW,HARKERS IS,01/10/2024,2110,34.6933,-76.5592,34.6954,-76.556,"The tornado started near South Ferry Dock Road and likely came onshore|as a waterspout off Back Sound. The path continued northeast|to near and just east of Sam East Lane, where a house had major |damage to the roof, with substantial loss of shingles. In addition|two windows were blown out, and a wall was blown out on the north side|of the home. While the damage path was to the northeast, flashing and|insulation could be found on the north side of the home, blown back|toward the south, the first indication of rotation along the path.||The damage path continued across Island Road where a carport|and other roof structure was found, having been blown across the road.|A power pole was snapped, with a transmission line down. Damage at this|house consisted of a large 2 x 4 being blown through an exterior wall|and window damage. Again the damage path was to the north, but pieces|of plywood were found on the north side of the home, blown toward the |south, confirming continued rotation. ||The damage path continued toward Nelson Street before ending.|The tornado likely begin to weaken or lift up at this point with |damage becoming more sporadic and less, and consisted of a large metal|outdoor storage shed being lofted across the block. Debris was found|on the back porch of a second floor house, on the north side of the home,|which confirmed rotation. ||The strongest winds were estimated to be around 100 MPH, where a major|part of the roof was lost, to just across Island Road where the carport|and roof structure was blown to. This is consistent with low end EF1 damage.","Late on the evening of January 9, 2024, a strong cold front moved east across the Carolinas, and was accompanied by a line of severe thunderstorms. A period of strong southerly winds (not associated with thunderstorms) developed ahead of the cold front, followed by widespread strong to damaging winds associated with the line of thunderstorms. These thunderstorms produced wind gusts as high as 100 mph, caused tree and structure damage, and spawned multiple tornadoes. Since 1950, only one other time in Eastern North Carolina history has a storm system produced 3, or more, tornadoes in one event during the winter months (Dec, Jan, Feb). The last time was February 18, 2008. The strong onshore winds also led to coastal flooding, especially across the Outer Banks from Ocracoke north. In all, over 60 reports of severe weather or coastal flooding were received, and over 20 Severe Thunderstorm and several Tornado Warnings were issued. This event will go down as one of the more notable winter season severe weather events for Eastern North Carolina.",82
1159307,CARTERET CO.,HARKERS IS,01/10/2024,2105,Tornado, ,EF0,0,0,0,0,NC,EST-5, ,188596,C,31,MHX,0,0,NWS Storm Survey, ,0.14,60,2,W,2,W,HARKERS IS,01/10/2024,2110,34.6982,-76.579,34.6993,-76.5769,"An EF0 tornado touched down near Soundview Lane, and likely came onshore|as a waterspout off Back Sound. The tornado traveled quickly northeast,|and lifted some shingles off multiple houses, and a storage shed. Part of |a roof of a shed was blown about 50 feet away. ||A large live oak tree, estimated by witnesses to be around 100 years old,|was uprooted just before the path crossed Island Road. Near the location of the|tree, the skirting of a mobile home was blown back toward the south,|an indication of rotation given this was opposite of the storm motion and|damage path. ||The path continued across Island Road and produced extensive tree damage. In|addition, a house lost a major section of roofing. The tornado lifted quickly|with no more damage found farther beyond the houses right along Island Road.|From the location of the uprooted tree, to just across Island Road, winds were|estimated to be around 85 MPH or a high end EF0 tornado.","Late on the evening of January 9, 2024, a strong cold front moved east across the Carolinas, and was accompanied by a line of severe thunderstorms. A period of strong southerly winds (not associated with thunderstorms) developed ahead of the cold front, followed by widespread strong to damaging winds associated with the line of thunderstorms. These thunderstorms produced wind gusts as high as 100 mph, caused tree and structure damage, and spawned multiple tornadoes. Since 1950, only one other time in Eastern North Carolina history has a storm system produced 3, or more, tornadoes in one event during the winter months (Dec, Jan, Feb). The last time was February 18, 2008. The strong onshore winds also led to coastal flooding, especially across the Outer Banks from Ocracoke north. In all, over 60 reports of severe weather or coastal flooding were received, and over 20 Severe Thunderstorm and several Tornado Warnings were issued. This event will go down as one of the more notable winter season severe weather events for Eastern North Carolina.",83
1152396,MARTIN CO.,PALM CITY,01/15/2024,1643,Tornado, ,EF0,0,0,0,0,FL,EST-5, ,187683,C,85,MLB,0,0,NWS Storm Survey, ,8.22,50,6,WSW,1,W,RIO ST LUCIE,01/15/2024,1708,27.1272,-80.353,27.2232,-80.2739,"The tornado touched down to the south and west of I-95 before crossing the interstate around 4:43 PM EST. The system moved to the north-northeast into Palm City, where numerous trees were felled on properties between I-95 and SW Martin Hwy. The |circulation continued to the northeast in Stuart where numerous residents submitted videos of the tornado impacting portions of the Canopy Creek residential subdivision, though little in the way of damage was noted. Additional intermittent reports of downed |trees were reported along the path as it moved across Florida's Turnpike and into Stuart. ||The circulation eventually went on to produce a waterspout over the St. Lucie River that then pushed onshore and into the North River Shores subdivision before lifting and dissipating. The tornado produced minor damage here, including a few fallen trees |near the intersection of NW Pine Lake Dr and NW Fork Rd.","An EF-0 tornado tracked eight miles through Martin County, causing minor damage.",84
1149609,RICHLAND CO.,PONTIAC,01/27/2024,1548,Tornado, ,EF1,0,0,0,0,SC,EST-5, ,187313,C,79,CAE,0,0,NWS Storm Survey, ,0.89,90,2,NNW,3,N,PONTIAC,01/27/2024,1550,34.1614,-80.859,34.169,-80.8464,"A National Weather Service storm survey team confirmed a brief EF-1 tornado, with|peak winds of 90 mph, in northeast Richland County near Pontiac. The tornado began|in a wooded area southwest of Kelly Mill Road and to the east of Bridge Creek where it|snapped and uprooted numerous softwood trees. It also snapped off the top of a power |pole and peeled back a portion of the tin roof of a shed. The tornado then crossed Kelly|Mill Road and continued northeast where it snapped and uprooted additional trees near|a home and then the tornado continued into an inaccessible wooded area. The last|visible damage appears to be a snapped tree at the end of Mazola Court.  The tornado|likely lifted before crossing Cherokee Blvd in Kershaw County.","A cold front and upper disturbance, combined with sufficient instability and shear, to  produce a few severe thunderstorms and tornadoes.",85
1149494,SALUDA CO.,MERCHANT,01/27/2024,2018,Tornado, ,EF1,0,0,0,0,SC,EST-5, ,187313,C,81,CAE,0,0,NWS Storm Survey, ,1.62,150,2,N,3,S,PERRYS XRDS,01/27/2024,2022,34.06,-81.67,34.0821,-81.6607,"A National Weather Service storm survey team confirmed a brief EF-1 tornado, with|peak winds of 100 mph, Saturday evening in Northern Saluda County. The tornado|begin point and time was later adjusted slightly after new Sentinel satellite data|indicated the tornado touched down about 0.75 miles before the previously observed|damage. NDVI difference data & higher resolution visible imagery show an area of|trees down near the initial part of this track. The tornado then continued tracking to the |NE to near the intersection of Hunters Lane and Blue Spring Road producing|minor damage to two houses in addition to a large number of trees further down|Hunters Lane on both sides of the road where EF-1 damage was observed. The tornado|then moved northeast into an inaccessible wooded area behind homes on Blue Spring|Rd. The tornado turned slightly left crossing Blue Spring Rd in a NNE direction|producing EF-1 damage to another wooded area before dissipating in an open field|while approaching Hollywood Rd. The survey team estimated several hundred trees|were damaged along the path. Many of the trees were uprooted along with a few|trunks snapped. The damage to homes was mainly to the fascia board and missing|shingles.","A cold front and upper disturbance, combined with sufficient instability and shear, to  produce a few severe thunderstorms and tornadoes.",86
1151626,SALUDA CO.,PERRYS XRDS,01/27/2024,2022,Tornado, ,EF0,0,0,0,0,SC,EST-5, ,187313,C,81,CAE,0,0,NWS Storm Survey, ,1.34,100,3,WNW,3,NW,PERRYS XRDS,01/27/2024,2024,34.15,-81.72,34.16,-81.7,"After reviewing available data, a weak tornado has been determined to have briefly|touched down in far northern Saluda county on January 27. The tornado touched down|near Old Cherokee Trail before moving quickly northeast and causing limited tree damage|near Tostie Creek Road. The tornado then dissipated as it moved northeastward.","A cold front and upper disturbance, combined with sufficient instability and shear, to  produce a few severe thunderstorms and tornadoes.",87
1163222,HASKELL CO.,SAGERTON,02/02/2024,1712,Tornado, ,EF2,0,0,0,0,TX,CST-6, ,189157,C,207,SJT,0,0,NWS Storm Survey, ,2.31,48,4,SSE,5,SE,SAGERTON,02/02/2024,1716,33.0199,-99.9494,33.0343,-99.9134,"A strong tornado occurred in southwest Haskell County. A home and several|structures nearby were damaged by the tornado near County Road|482 just west of the intersection of state highways 6 and 283.|Golf ball size hail was also reported with the tornadic thunderstorm.|The main residential home had roof and window damage. A mobile|home trailer near the main residence was also severely damaged and|was moved about 30 yards from its original location by the tornado.|A metal barn near the main residence collapsed and was also severely|damaged. A horse trailer near the main residence was moved about 300|yards from its original location by the tornado. The maximum wind speed was |115 mph. The damage survey was conducted by the NWS San Angelo.","A severe thunderstorm produced a strong tornado across southwest portions of Haskell County during the late afternoon. In addition, a 61 mph wind gust was reported from a mesonet observation station. Golf ball size hail was also reported with the tornadic thunderstorm.",88
1160269,JEFFERSON CO.,DRIFTON,02/04/2024,1331,Tornado, ,EF0,0,0,0,0,FL,EST-5, ,187475,C,65,TAE,0,0,NWS Storm Survey, ,0.18,50,2,WSW,2,WSW,DRIFTON,02/04/2024,1332,30.4776,-83.9058,30.4799,-83.9072,"A brief tornado touched down along I-10 just west of U.S. Highway 319 damaging trees along either side of the interstate. The tornado appears to have been short-lived with a survey team finding no additional damage on surrounding roads.  A tornadic debris signature was briefly evident on KTLH radar.  The tornado was rated EF0 with peak winds estimated at 80 mph.","A mesoscale area of low pressure rapidly deepened across the northern Gulf and moved northward into the tri-state area.  Pressures dropped to 991 mb as it moved from near Saint George Island into the Big Bend.  As a result of this rapid deepening, very strong non-thunderstorm wind gusts impacted the Franklin and Wakulla county coasts. A 64 mph gust was measured on Dog Island with numerous other wind gusts of 50-60 mph measured at mesonet sites along the Franklin and Wakulla county coasts.  There were power outages as a result of these strong winds.  In addition, a brief tornado occurred in Jefferson county.",89
1160319,THOMAS CO.,EVERETT,02/04/2024,1403,Tornado, ,EF1,0,0,100000,0,GA,EST-5, ,187476,C,275,TAE,0,0,NWS Storm Survey, ,0.79,400,4,NW,4,S,EASON,02/04/2024,1406,30.7422,-83.8357,30.7501,-83.8454,"An EF1 tornado with peak winds estimated at 100 mph briefly touched down in southeastern Thomas County near the intersection of Scott Rd and Scott Plantation Road immediately adjacent to Seminole Plantation. The tornado crossed Scott Road and moved into Seminole Plantation where there were numerous large pine trees uprooted or snapped near the entrance to the plantation. Within the plantation, one structure was damaged from an uprooted tree landing on a portion of the building. Several other cottages suffered some shingle loss, with one structure losing the bottom portion of the wood frame around the building and another having minor chimney damage. A couple of open air barns had damage, with one having a wall collapse and another being slightly shifted off its foundation. Beyond the structures, numerous large pine trees were uprooted or snapped. When the tornado was near peak intensity several large pine trees were snapped in close proximity with several very large pine trees uprooted. Tree damage was noted beyond reachable distance due to the downed trees blocking the path further into the woods. From surveying on the northwest side of the track along an accessible road, no additional damage was noted, and the tornado is presumed to have lifted before reaching B Green Road and Parramore Fish Pond Road. The National Weather Service in Tallahassee would like to thank the Thomas County Emergency Management Agency for their support in this survey.","A mesoscale area of low pressure rapidly deepened across the northern Gulf and moved northward into the tri-state area. Pressures dropped to 991 mb as it moved from near Saint George Island into the Big Bend. As a result of this rapid deepening, a strong low level jet developed across the area with strong wind shear and sufficient instability for severe weather.  A couple of tornadoes occurred, including an EF2 tornado on the eastern outskirts of Valdosta.",90
1160771,LOWNDES CO.,DASHER,02/04/2024,1505,Tornado, ,EF2,0,2,250000,0,GA,EST-5, ,187476,C,185,TAE,0,0,NWS Storm Survey, ,7.27,200,2,NNE,4,NE,VALDOSTA,02/04/2024,1518,30.7707,-83.2008,30.874,-83.224,"The tornado initially touched down along Old Lake Park Road south of Hickory Grove Road, causing damage to trees and powerline, with minor damage noted to a manufactured home. The tornado continued northward, crossing Hickory Grove Road, and causing minor damage to a home at the intersection of Ezelle Road. An unoccupied double-wide manufactured home was destroyed on Ezelle Road, with damage supportive of an EF-2 rating. As the tornado continued north, it impacted another double-wide manufactured home along Johnson Road, destroying the home with damage also supportive of and EF-2 rating. The damage at these two locations support the maximum rating of the tornado of EF-2 with an approximate maximum wind speed of 120 mph. The tornado continued to travel north, causing sporadic damage to trees, homes and outbuildings, in the EF-0 to EF-1 range. A destroyed farm outbuilding along with roof damage to a single family home was noted along Davis Lane. A metal structure was severely damaged along US Highway 84. The tornado appears to have dissipated in a pecan orchard north of Highway 84. Additional video on social media helped determine a rough estimate on the end point. Special thanks to Lowndes County Emergency Management for assistance with this survey.","A mesoscale area of low pressure rapidly deepened across the northern Gulf and moved northward into the tri-state area. Pressures dropped to 991 mb as it moved from near Saint George Island into the Big Bend. As a result of this rapid deepening, a strong low level jet developed across the area with strong wind shear and sufficient instability for severe weather.  A couple of tornadoes occurred, including an EF2 tornado on the eastern outskirts of Valdosta.",91
1150993,DUVAL CO.,(NZC)NAS CECIL FLD,02/04/2024,1611,Tornado, ,EF1,0,0,0,0,FL,EST-5, ,187456,C,31,JAX,0,0,Emergency Manager, ,1.05,200,2,SW,2,WSW,(NZC)NAS CECIL FLD,02/04/2024,1615,30.1988,-81.9119,30.2138,-81.9148,"A tornado touched down along Sal Taylor Creek to the southwest of|Cecil Field and moved northward across Peacock Ridge Drive,|snapping and uprooting trees that fell and damaged approximately|12 homes, with farm houses and fences also damaged along the path|of about one mile in length, with a maximum path width estimated|around 200 yards. The maximum estimated intensity was 100 miles|per hour, based on the partial loss of a roof on a manufactured|home, in addition to several large trees and large branches being|snapped. The tornado continued northward across Cochise Drive and|then lifted at approximately 4:15 PM just east of Nathan Hale|Road in the Sal Taylor Creek Preserve. Several videos and photos|of this tornado were posted on social media.","A storm system traversing the southeastern states lifted a warm front northward across northeast Florida during the late afternoon hours. Supercell thunderstorms developed in the vicinity of this lifting warm front, and two distinct tornadoes occurred over southwestern and western portions of Duval County. Supercell thunderstorms during the late afternoon hours also produced several reports of hail, varying in size from pea to half-dollar in diameter, across north central and northeast Florida, with funnel clouds also noted via photos and videos posted on social media.",92
1150987,CLAY CO.,KINGSLEY,02/04/2024,1613,Tornado, ,EF1,0,0,0,0,FL,EST-5, ,187456,C,19,JAX,0,0,NWS Storm Survey, ,0.98,100,2,NNW,2,NNW,KINGSLEY,02/04/2024,1618,29.9881,-82.0338,30.0019,-82.0298,"A tornado touched down in the northwestern portions of Clay|County, or within the Camp Blanding Wildlife Management Area|just to the northwest of Kingsley Lake, on Sunday afternoon. This|tornado was documented by pictures and video as it crossed County|Road 225 that were posted on social media. A National Weather|Service survey team determined that the peak wind was around 90|mph, resulting in snapped and uprooted pine trees along its|approximate one mile path. This tornado`s path length may have|been longer based on available video evidence, but the survey team|was unable to locate any damage beyond the indicated path length|in the heavily wooded Camp Blanding Wildlife Management Area.|Estimated path width was around 100 yards.","A storm system traversing the southeastern states lifted a warm front northward across northeast Florida during the late afternoon hours. Supercell thunderstorms developed in the vicinity of this lifting warm front, and two distinct tornadoes occurred over southwestern and western portions of Duval County. Supercell thunderstorms during the late afternoon hours also produced several reports of hail, varying in size from pea to half-dollar in diameter, across north central and northeast Florida, with funnel clouds also noted via photos and videos posted on social media.",93
1150989,DUVAL CO.,(NZC)NAS CECIL FLD,02/04/2024,1705,Tornado, ,EF0,0,0,0,0,FL,EST-5, ,187456,C,31,JAX,0,0,NWS Storm Survey, ,1.38,25,3,NNE,2,SE,OTIS,02/04/2024,1707,30.2573,-81.8646,30.2764,-81.8576,"A tornado touched down adjacent to the Immanuel Baptist Church off|Sarroca Lane, or just southwest of the intersection of Normandy|Boulevard and Cecil Commerce Center Parkway, around 5:05 PM. This|small tornado, with an estimated maximum width of 25 yards, was|captured on video as it flipped a garbage dumpster on the church|property. This tornado likely lifted before crossing Normandy|Boulevard, with the parent supercell thunderstorm moving|northeastward, producing another likely touchdown near the|intersection of Brian Lakes Drive and Justin Oaks Drive North,|where the tornado was again captured on video as it damaged fences|and trees adjacent to homes in the area. This damage represents|am estimated peak wind of around 85 mph, and the non-continuous|damage path of this tornado was around 1.38 miles. The tornado|lifted before reaching Chaffee Trail Elementary School around 5:07|PM.","A storm system traversing the southeastern states lifted a warm front northward across northeast Florida during the late afternoon hours. Supercell thunderstorms developed in the vicinity of this lifting warm front, and two distinct tornadoes occurred over southwestern and western portions of Duval County. Supercell thunderstorms during the late afternoon hours also produced several reports of hail, varying in size from pea to half-dollar in diameter, across north central and northeast Florida, with funnel clouds also noted via photos and videos posted on social media.",94
1164932,SAN LUIS OBISPO CO.,BAYWOOD PARK,02/07/2024,1541,Tornado, ,EF1,0,0,0,0,CA,PST-8, ,189405,C,79,LOX,0,0,NWS Storm Survey, ,4.87,50,1,NNE,3,W,SAN LUIS OBISPO,02/07/2024,1547,35.2993,-120.8132,35.2838,-120.729,"A brief EF1 tornado impacted the Los Osos area. The tornado traveled about 5 miles with estimated wind speeds of 95 MPH. Numerous trees were uprooted and damaged power poles, buildings and vehicles.","A second, very strong, winter storm impacted Southwestern California. Rainfall totals were very significant across the area. Los Angeles county reported rain totals of 4 to 14 inches, Ventura county reported 2 to 10 inches, Santa Barbara county reported 4 to 12 inches and San Luis Obispo county reported 2 to 5 inches. With the heavy rainfall, numerous reports of flooding were received. In the mountains, very significant snowfall was reported with amounts in the 1 to 3 foot range. Also, severe thunderstorms and tornadoes were reported.",95
1164930,SAN LUIS OBISPO CO.,GROVER CITY,02/07/2024,1557,Tornado, ,EF1,0,0,0,0,CA,PST-8, ,189405,C,79,LOX,0,0,NWS Storm Survey, ,0.69,50,0,E,1,W,FAIR OAKS,02/07/2024,1559,35.1206,-120.623,35.1203,-120.6108,"A brief EF1 tornado developed in the Grover Beach area. Estimated wind speeds were 95 MPH. Several power poles were snapped and some roof damage to a greenhouse was reported.","A second, very strong, winter storm impacted Southwestern California. Rainfall totals were very significant across the area. Los Angeles county reported rain totals of 4 to 14 inches, Ventura county reported 2 to 10 inches, Santa Barbara county reported 4 to 12 inches and San Luis Obispo county reported 2 to 5 inches. With the heavy rainfall, numerous reports of flooding were received. In the mountains, very significant snowfall was reported with amounts in the 1 to 3 foot range. Also, severe thunderstorms and tornadoes were reported.",96
1151606,MARSHALL CO.,HENRY,02/08/2024,1640,Tornado, ,EF1,0,0,0,0,IL,CST-6, ,187544,C,123,ILX,0,0,NWS Storm Survey, ,3.65,100,3,S,4,ESE,HENRY,02/08/2024,1644,41.07,-89.36,41.1038,-89.3062,"A tornado touched down in a field about 3 miles south of Henry at 4:40 PM CST.  The tornado tracked northeastward through rural northern Marshall County, damaging numerous trees and a few farm outbuildings before crossing into southern Putnam County between County Road 1220 North and Illinois Highway 18 at 4:44 PM CST.","As a deep area of low pressure tracked slowly northeastward across the Upper Midwest, a warm front surged northward through central Illinois on February 8th.  Thanks to strong southerly flow in the wake of the front, near record high temperatures in the lower to middle 60s were observed.  With modest instability in place and increasing deep-layer wind shear ahead of an approaching upper wave, scattered supercell thunderstorms developed across the Illinois River Valley during the late afternoon and evening.  One of the cells produced an EF-1 tornado in northern Marshall County near Henry that tracked northeastward into Putnam County.  Other storms dropped hail as large as quarters.",97
1152918,PUTNAM CO.,MAGNOLIA,02/08/2024,1644,Tornado, ,EF1,0,0,0,0,IL,CST-6, ,187736,C,155,DVN,0,0,NWS Storm Survey, ,6.38,100,6,WSW,2,N,MAGNOLIA,02/08/2024,1652,41.1038,-89.3062,41.15,-89.2,"A tornado touched down just east of Hwy 26 south of Henry, in northern Marshall County, at 440 pm CST. It crossed into Putnam county about 300 yards southeast of IL Highway 18, around 4:44 pm CST, and later overturned a semi on Hwy 18. Several large trees were uprooted or snapped along the path. In addition, some damage to a few outbuildings was observed. The tornado then dissipated in an open field that was seen by a chaser. Estimated peak winds reached 110 mph.","Several thunderstorms developed across much of eastern Iowa and northwest Illinois on the afternoon and early evening of February 8, 2024. Many of these storms had pea to dime size hail. The strongest storms occurred in Jackson County, IA and Jo Daviess, Stephenson, and Putnam counties in IL. Quarter to ping pong ball size fell with the storms in Jackson, Jo Daviess, and Stephenson counties, with the larger hailstones reported near Freeport, IL. A brief tornado developed just south of the Quad Cities County Warning Area in Marshall county and moved into Putnam county. A stronger tornado developed in Wisconsin.",98
1153460,GREEN CO.,JUDA,02/08/2024,1723,Tornado, ,EF1,0,0,500000,0,WI,CST-6, ,187815,C,45,MKX,0,0,NWS Storm Survey, ,8.33,50,2,NW,2,SE,ALBANY,02/08/2024,1733,42.5992,-89.5278,42.6831,-89.4101,"Damage was mainly to small barns and outbuildings though one home south of Albany took a hit and lost it's roof.  Condensation funnel may not have been visible for much of the life of the tornado until it's end near Albany.","A historic tornado event for Wisconsin as the first documented tornado occurred in the month of February. An approaching cold front and upper level disturbance initiated the severe thunderstorms from late afternoon into the early evening.  An EF-1 tornado occurred in Green County near Juda/Albany and then a second tornado developed which was stronger and produced EF-2 level damage.  The long track tornado impacted 30 houses and numerous barns and outbuildings.  Only 1 injury occurred when the tornado hit someone driving a car near Hwy 14 and Territorial Rd.  A high volume of hail also occurred with these storms, but the largest hailstone were generally just at or above severe levels.",99
1153884,ROCK CO.,MAGNOLIA,02/08/2024,1739,Tornado, ,EF2,0,1,6800000,0,WI,CST-6, ,187815,C,105,MKX,0,0,NWS Storm Survey, ,13.71,750,4,W,3,SW,EDGERTON ALBION ARPT,02/08/2024,1757,42.7242,-89.3316,42.8471,-89.1193,"Beginning section of the second tornado to ever occur in February in Wisconsin.  Storm chaser/spotter/public videos show the tornado beginning around 5:39pm south of Evansville.  The tornado intensified as it tracked to the east of Evansville where it impacted 30 primary residences (2 destroyed, 10 major impacts, 13 minor impacts, 5 affected).  Numerous barns and outbuildings were destroyed along the path as it tracked to the northwest of Edgerton.  The main EF-2 damage was confined to a stretch from east of Evansville to just southwest of the Yahara River.  There was one person in a car that was hit by the tornado that had injuries serious enough to warrant transportation to the hospital, but they were deemed minor and released.  Almost every person that was impacted by the tornado that the damage surveyors talked to said that they received the warning via Wireless Emergency Alert on their cell phone and then went to their shelter to gather more information via TV, radio, social media.  County wide estimates of damage was at about $2.5 million.","A historic tornado event for Wisconsin as the first documented tornado occurred in the month of February. An approaching cold front and upper level disturbance initiated the severe thunderstorms from late afternoon into the early evening.  An EF-1 tornado occurred in Green County near Juda/Albany and then a second tornado developed which was stronger and produced EF-2 level damage.  The long track tornado impacted 30 houses and numerous barns and outbuildings.  Only 1 injury occurred when the tornado hit someone driving a car near Hwy 14 and Territorial Rd.  A high volume of hail also occurred with these storms, but the largest hailstone were generally just at or above severe levels.",100
1153885,DANE CO.,HANERVILLE,02/08/2024,1757,Tornado, ,EF1,0,0,0,0,WI,CST-6, ,187815,C,25,MKX,0,0,NWS Storm Survey, ,6.11,500,3,ESE,3,ENE,ALBION,02/08/2024,1807,42.8471,-89.1193,42.8895,-89.0133,"For the Dane County portion of this tornado, it was mainly at EF-1 intensity and entered the county just to the northwest of Edgerton and exited on the northwest side of Lake Koshkonong.  It went through the far south side of Albion and appeared to cross Interstate 39 just north of the Highway 73 exit.","A historic tornado event for Wisconsin as the first documented tornado occurred in the month of February. An approaching cold front and upper level disturbance initiated the severe thunderstorms from late afternoon into the early evening.  An EF-1 tornado occurred in Green County near Juda/Albany and then a second tornado developed which was stronger and produced EF-2 level damage.  The long track tornado impacted 30 houses and numerous barns and outbuildings.  Only 1 injury occurred when the tornado hit someone driving a car near Hwy 14 and Territorial Rd.  A high volume of hail also occurred with these storms, but the largest hailstone were generally just at or above severe levels.",101
1154238,JEFFERSON CO.,BUSSEYVILLE,02/08/2024,1807,Tornado, ,EF1,0,0,0,0,WI,CST-6, ,187815,C,55,MKX,0,0,NWS Storm Survey, ,6.08,400,2,WSW,3,W,FT ATKINSON,02/08/2024,1817,42.8895,-89.0133,42.9263,-88.9041,"This portion of the tornado was also mainly EF-0 or EF-1 type damage as it tracked along the north side of Lake Koshkonong through Busseyville.  A few barns and outbuildings made of sheet metal had damage to them along with one residence.","A historic tornado event for Wisconsin as the first documented tornado occurred in the month of February. An approaching cold front and upper level disturbance initiated the severe thunderstorms from late afternoon into the early evening.  An EF-1 tornado occurred in Green County near Juda/Albany and then a second tornado developed which was stronger and produced EF-2 level damage.  The long track tornado impacted 30 houses and numerous barns and outbuildings.  Only 1 injury occurred when the tornado hit someone driving a car near Hwy 14 and Territorial Rd.  A high volume of hail also occurred with these storms, but the largest hailstone were generally just at or above severe levels.",102
1164046,FINNEY CO.,PIERCEVILLE,02/09/2024,1415,Tornado, ,EFU,0,0,0,0,KS,CST-6, ,189277,C,55,DDC,0,0,Social Media, ,0.1,25,2,SSW,2,SSW,PIERCEVILLE,02/09/2024,1420,37.8502,-100.6815,37.8502,-100.6815,"Photos were sent into the NWS on social media of the landspout tornado.","A brief landspout tornado was reported through social media over rural areas of Finney county. A few photos of the landspout were taken.",103
1162837,SALINE CO.,SARDIS,02/09/2024,1846,Tornado, ,EF1,0,0,0,0,AR,CST-6, ,188711,C,125,LZK,0,0,NWS Storm Survey, ,2.51,500,0,SE,1,SSW,EAST END,02/09/2024,1850,34.5247,-92.3942,34.5382,-92.3532,"This tornado impacted areas generally along East Sardis Road in Saline County between North Sardis Road and Highway 367. Most of the damage consisted of uprooted trees with some trees being snapped. Some powerlines were knocked down in the area as well. Damage to homes was largely caused by the abundance of falling trees with some sheds/outbuildings and a few other structures experiencing some roof damage as well. This tornado was rated an EF1 with maximum estimated winds of 95 mph and a path length of 2.5 miles.","Severe thunderstorms brought large hail to parts of Arkansas on February 9, 2024.",104
1163772,CLARK CO.,UNDERWOOD,02/10/2024,449,Tornado, ,EF1,0,0,0,0,IN,EST-5, ,189031,C,19,LMK,0,0,NWS Storm Survey, ,1.03,75,1,S,1,SE,UNDERWOOD,02/10/2024,450,38.5899,-85.7786,38.5888,-85.7596,"The National Weather Service conducted a storm damage assessment|survey in Clark County, Indiana after the pre-dawn storms of|February 10, 2024. The survey team found a tornado on the south|side of Underwood starting at the shoulder on Interstate 65 and|continuing to just east of US 31.||The tornado touched down just east of mile marker 23 on Interstate|65. Some trees were snapped near the interstate with wind speeds|estimated at 85 mph, which is EF-0 with a width of 50 yards.||The tornado increased in windspeed and width at the end of|Henretty Road. The tornado destroyed two large older barns, taking|the metal sheeting from the barn and twisting it around numerous|trees. Some boards were impaled in the ground. Drone photography|was instrumental in determining the tornado by delineating downed|tree damage. Trees were snapped, uprooted, and topped, with trees|lying from the north northeast to the east southeasterly|direction. A nearby family home had soffit, gutter, and shingle|damage. Winds were estimated at 90 mph with a width of 75 yards.||The tornado continued to the east, snapping power poles along US|31 and uprooting a couple of trees. Winds were estimated at 80 mph|with a width of 60 yards.||The tornado did extensive damage along Old State Road. A mixture|of hardwood and softwood trees were facing from the north|northeast all the way to the southerly direction. Winds were|estimated at 87 mph with a width of 60 yards. There was no |evidence of any further tornadic damage off Beagle Club Road past |the large pond just east of Old State Road.||Even though there was a tornado, there were many dozens of trees|that were topped and uprooted by straight line winds in the|Underwood community. Some trees fell on outbuildings, power |lines, and blocked roads including US 31. One home at 310 Henretty|Road had a large portion of the roof collapse into the bedroom. |Fortunately, the homeowner had gone down to check on his sump pump|just before a large portion of the roof collapsed onto his bed. |Winds were 85 mph at this location. The straight line winds|started by knocking over an Amazon truck on Interstate 65 at the|23 mile marker. Straight line wind damage in Underwood ranged from|75 to 85 mph.||There was sporadic straight line wind damage from Underwood to|Marysville and New Washington. The most significant damage was|near IN 3 and IN 203 at a sod farm, where a large 100 x 50 foot|barn had major roof and siding damage. Drone photography showed no|tree damage next to this barn and all of the barn damage fell to|the east into a field. Wind speeds were estimated to be 85 mph.||The survey team drove to Washington County, Indiana, and looked at|damage along Canton South Boston Road. Straight line winds of 80 |to 85 mph uprooted or snapped 11 trees in a forest grove on the |west side of the road and destroyed two storage buildings. Debris |from the storage buildings was thrown over the road and downwind |up to 300 yards, all to the east northeast.","A line of showers and thunderstorms developed in the early morning hours of February 10, 2024, ahead of a cold front in an environment that had very strong shear but little instability. The storms, mainly in southern Indiana and portions of north-central Kentucky, ended up morphing into a convective line that produced both wind damage and a couple of isolated tornadoes before weakening and pushing east of the region by sunrise. A total of two small, short-lived EF-1 tornadoes developed with the line, one in southern Indiana and one is central Kentucky.",105
1164314,HENRY CO.,PORT ROYAL,02/10/2024,532,Tornado, ,EF1,0,0,0,0,KY,EST-5, ,189316,C,103,LMK,0,0,NWS Storm Survey, ,1,75,1,NW,1,NE,PORT ROYAL,02/10/2024,534,38.5553,-85.0889,38.5585,-85.0713,"NWS Louisville conducted a storm damage survey near and in the|town of Port Royal and determined an EF-1 tornado with 90mph|winds impacted the community. The tornado first touched down east|of Gullion Branch Road and caused scattered tree damage. Damage in|these areas consisted of snapped tree trunks and broken limbs.|The tornado then moved into the town of Port Royal and did the most|significant damage near Port Royal Road. A pole barn was|completely destroyed, and its debris was carried more than a|quarter mile to the ENE. Several other structures had roof and|siding damage. Several trees were snapped or sheared apart, with|roof debris wrapping around some of the trees. Tree debris was in|a convergent pattern, with most of it pointing towards the SE to |NE. Nearby vehicles had mud splatter from the|tornado as it tore through that portion of the town. One vehicle|was picked up and moved several feet and turned 90 degrees. ||The tornado then pushed east of Port Royal Road and mainly |impacted trees. The observed damage was consistent with high end |EF0 to low end EF1 damage. The tornado then lifted in a field as |damage could no longer be observed by drone to the east.","A line of showers and thunderstorms developed in the early morning hours of February 10, 2024, ahead of a cold front in an environment that had very strong shear but little instability. The storms, mainly in southern Indiana and portions of north-central Kentucky, ended up morphing into a convective line that produced both wind damage and a couple of isolated tornadoes before weakening and pushing east of the region by sunrise. A total of two small, short-lived EF-1 tornadoes developed with the line, one in southern Indiana and one is central Kentucky.",106
1165400,MONROE CO.,SUMMERLAND KEY,02/18/2024,1302,Tornado, ,EF0,0,0,75000,0,FL,EST-5, ,189486,C,87,KEY,0,0,NWS Storm Survey, ,4.62,120,2,WSW,3,NNE,SUMMERLAND KEY,02/18/2024,1311,24.655,-81.476,24.704,-81.426,"A waterspout was observed by resident video of a |mature waterspout passing just to the north of the southern end of |Cudjoe Key, entering Cudjoe Bay on a northeast path. The waterspout |made landfall in a residential section along Cudjoe Bay near Spanish |Main Drive and moved through the Venture Out residential community of mixed single |family and manufactured residences. The EF0 rating is based on tree |damage including snapped hardwood branches and a healthy palm trunk |roughly 15 feet above the ground. The top portion of the tree fell |onto a manufactured residence with major wall damage and release of |numerous roofing panels deposited as far as 300 yards to the |northeast. Siding was removed from several residences. The tornado |exited the northeast portion of the community and traveled over the |western portion of Kemp Channel, before crossing U.S. Highway One |just west of the Kemp Channel Bridge. A small hardwood tree and |several large hardwood limbs were downed to the north just west of |the western bridge abutment.  Maximum winds near 85 mph were estimated at the Venture Out community with a patch width near 120 yards.  ||The continuing waterspout observed by resident video of a |mature waterspout approaching the western shore of Big Torch Key |from Niles Channel approximately 2.5 miles north of the Niles |Channel Bridge. The waterspout made landfall as a tornado north of |Osprey Lane and moved northeast, crossing Dorn Road about three |miles north of U.S. Highway 1. Numerous large hardwood branches |were broken off from area trees with a lightweight residential |amenities deposited along a narrow path about 125 yards to the |northeast. No assessment could be made further northeast due to |dense mangrove marshland as the tornado moved toward the northern |portion of Pine Channel. Maximum winds were estimated near 75 mph with a path width of about 80 yards on Big Torch Key.","A waterspout originating southwest of Cudjoe Bay made landfall as an EF0 tornado  over southern portions of Cudjoe Key.  The tornado crossed U.S. Highway 1, and continued northeast as a waterspout until a second landfall as an EF0 tornado over central Big Torch Key.  The tornado was associated with a supercell thunderstorm with a well-defined mesocyclone moving northeast over the Lower Florida Keys.",107
1161486,MIAMI-DADE CO.,PENNSUCO,02/18/2024,1457,Tornado, ,EFU,0,0,0,0,FL,EST-5, ,188851,C,86,MFL,0,0,Public, ,0.63,30,8,WSW,7,WSW,PENNSUCO,02/18/2024,1459,25.84,-80.49,25.8444,-80.4811,"A brief tornado touched down in Miami-Dade County approximately 4 miles north of the intersection of SW 8th street and Highway 997 (Krome Avenue). A driver reported a tornado crossing Krome Ave via social media. Minor vegetation damage was noted. Time, path length, and path width are estimated by radar and video reports from the public. Maximum wind speed and EF rating are unknown.","A low-topped supercell embedded within a line of showers moved across a portion of Broward and Miami-Dade Counties on the afternoon of February 18th, 2024 in association with a cold front moving through the area. During several different cycles in the lifetime of this low-topped supercell, tornadic activity was reported. Due to the cyclic nature of this low-topped supercell, these tornadoes' paths were discontinuous.",108
1161483,BROWARD CO.,MIRAMAR,02/18/2024,1520,Tornado, ,EF0,0,0,10000,0,FL,EST-5, ,188851,C,11,MFL,0,0,NWS Storm Survey, ,3.36,100,4,ESE,5,WNW,HOLLYWOOD N PERRY AR,02/18/2024,1525,25.98,-80.34,26.02,-80.31,"A tornado was observed in the cities of Miramar and Pembroke Pines as showers passed in the mid-afternoon. Most damage observed along the path was minor and mainly to vegetation and fencing. The tornado was rated as an EF-0 with an estimated maximum winds near 75 mph. The tornado had a non-continuous damage path length of 3.6 miles with a maximum width of 100 yards. Damage amount is estimated.","A low-topped supercell embedded within a line of showers moved across a portion of Broward and Miami-Dade Counties on the afternoon of February 18th, 2024 in association with a cold front moving through the area. During several different cycles in the lifetime of this low-topped supercell, tornadic activity was reported. Due to the cyclic nature of this low-topped supercell, these tornadoes' paths were discontinuous.",109
1161484,BROWARD CO.,DAVIE,02/18/2024,1533,Tornado, ,EF0,0,0,15000,0,FL,EST-5, ,188851,C,11,MFL,0,0,NWS Storm Survey, ,3.4,350,2,W,2,WNW,LAUDERHILL,02/18/2024,1541,26.07,-80.26,26.11,-80.23,"A tornado was observed in portions of Cooper City, Davie, and Plantation as showers passed in the mid-afternoon. Damage was mainly to vegetation, including hardwood trees, which impacted some structures. There were public reports of tree damage and metal siding debris at the Bamford Sports Complex in Davie. The tornado was rated as an EF-0 with estimated an maximum winds near 80 mph. The tornado had a non-continuous damage path length of 3.4 miles with a maximum 350 yards. Damage amount is estimated.","A low-topped supercell embedded within a line of showers moved across a portion of Broward and Miami-Dade Counties on the afternoon of February 18th, 2024 in association with a cold front moving through the area. During several different cycles in the lifetime of this low-topped supercell, tornadic activity was reported. Due to the cyclic nature of this low-topped supercell, these tornadoes' paths were discontinuous.",110
1161485,BROWARD CO.,OAKLAND PARK,02/18/2024,1555,Tornado, ,EFU,0,0,40000,0,FL,EST-5, ,188851,C,11,MFL,0,0,Social Media, ,0.19,50,1,W,1,W,OAKLAND PARK,02/18/2024,1556,26.1705,-80.143,26.17,-80.14,"The broadcast media and public described, via social media posts and pictures, a tornado occurred within a residential neighborhood in the city of Oakland Park. There were pictures of flipped cars and damaged trees. Time, path length, and path width are estimated based on radar and satellite imagery. Due to an inability to survey the area, maximum wind speeds and EF rating are unknown. Damage amount is estimated.","A low-topped supercell embedded within a line of showers moved across a portion of Broward and Miami-Dade Counties on the afternoon of February 18th, 2024 in association with a cold front moving through the area. During several different cycles in the lifetime of this low-topped supercell, tornadic activity was reported. Due to the cyclic nature of this low-topped supercell, these tornadoes' paths were discontinuous.",111
1162852,HENRY CO.,ATKINSON,02/27/2024,1756,Tornado, ,EF1,0,0,0,0,IL,CST-6, ,189100,C,73,DVN,0,0,NWS Storm Survey, ,2.83,425,3,SE,2,NW,ANNAWAN,02/27/2024,1804,41.39,-89.98,41.4207,-89.9431,"A high end EF1 tornado formed about 4 miles west of Annawan, IL at 556 PM CST.  The tornado initially caused damage to tree limbs before intensifying as it approached Highway 6.  At this point the tornado hit two homesteads causing damaging to siding and shingles at each homestead.  One of the homesteads saw a shed|destroyed.  The tornado reached peak intensity just north of Highway 6, where a well constructed shop was destroyed by the tornado. This damage was rated at 110 MPH winds.  The tornado then started to occlude and move more to the left as it crossed I-80. A semi was flipped around I-80 mile marker 31.  A couple of branches were broken on the other side of I-80.  Around 604 PM CST, the tornado dissipated just north of I-80.  The overall path was 2.8 miles and the max width of the tornado was around 425 yards.","A strong cold front coupled with an anomalously warm air mass (highs in the 70s that broke records for the day, month, and season) and sufficient moisture set the stage for the development of severe thunderstorms across portions of northwest Illinois between 4 PM and 7 PM on Tuesday, February 27.||Storms quickly became severe after they developed across northwest Illinois during the late afternoon. As they tracked eastward, they produced hail up the size of golf balls, most notably around the Geneseo, IL and Atkinson, IL vicinities, and one confirmed EF1 tornado in the vicinity of Annawan, IL around 6 PM. A Tornado Warning was issued near 5:30 PM for this storm (NWS headline map at that time).||Storms progressed east across northern Illinois during the evening with several more tornadoes in the NWS Chicago County Warning Area. The storms were soon followed by strong non-thunderstorm winds gusting 40-50 MPH with the cold front passage.",112
1155954,LEE CO.,PAW PAW AIRPORT,02/27/2024,1815,Tornado, ,EF0,0,0,0,0,IL,CST-6, ,188190,C,103,LOT,0,0,NWS Storm Survey, ,0.05,10,1,W,1,W,PAW PAW AIRPORT,02/27/2024,1816,41.7168,-89.0537,41.7173,-89.0529,"A brief tornado, which was sighted by storm chasers, touched down along Beemerville Road northeast of Compton and caused roof damage to a farm outbuilding.","Following summer-like, record warmth, severe thunderstorms developed in the late afternoon of February 27th over northwest Illinois and spread east through the evening across the Chicago metro area. A total of 11 tornadoes touched down in Illinois. There were 11 tornadoes in total across the NWS Chicago area of responsibility, which is the most in a February event since official NWS tornado records began in 1950. In addition to the tornadoes, the storms produced numerous instances of severe hail and damaging straight-line wind.",113
1155956,DE KALB CO.,WATERMAN,02/27/2024,1828,Tornado, ,EFU,0,0,0,0,IL,CST-6, ,188190,C,37,LOT,0,0,NWS Storm Survey, ,1.3,120,3,NNE,2,NW,HINCKLEY AIRFIELD,02/27/2024,1830,41.8034,-88.7514,41.7982,-88.7295,"High resolution satellite imagery showed a ground swirl pattern in a field beginning near Miller Road and IL-23 northeast of Waterman. The tornado moved through a field to the southeast, then turned to the east as it crossed Crego Road. The tornado lifted just east of Crego Road. Because this tornado did not impact any buildings or trees, no intensity estimates could be made, and thus, this tornado was assigned an EF-U rating.","Following summer-like, record warmth, severe thunderstorms developed in the late afternoon of February 27th over northwest Illinois and spread east through the evening across the Chicago metro area. A total of 11 tornadoes touched down in Illinois. There were 11 tornadoes in total across the NWS Chicago area of responsibility, which is the most in a February event since official NWS tornado records began in 1950. In addition to the tornadoes, the storms produced numerous instances of severe hail and damaging straight-line wind.",114
1155959,DE KALB CO.,HINCKLEY,02/27/2024,1853,Tornado, ,EF0,0,0,0,0,IL,CST-6, ,188190,C,37,LOT,0,0,NWS Storm Survey, ,2.59,175,1,SSW,2,ESE,HINCKLEY,02/27/2024,1856,41.7507,-88.652,41.7544,-88.602,"Storm chasers documented a tornado touching down in a field south of Hinckley near Somonauk Road and Bastian Road. High resolution satellite imagery showed that this tornado first moved to the northeast mostly in open fields, but likely caused tree damage to properties just north of Bastian Road as it crossed into Kane County. The tornado then turned to the east and caused damage to multiple farm outbuildings, peeled shingles off of roofs, and caused tree damage before lifting as it tracked into Big Rock.","Following summer-like, record warmth, severe thunderstorms developed in the late afternoon of February 27th over northwest Illinois and spread east through the evening across the Chicago metro area. A total of 11 tornadoes touched down in Illinois. There were 11 tornadoes in total across the NWS Chicago area of responsibility, which is the most in a February event since official NWS tornado records began in 1950. In addition to the tornadoes, the storms produced numerous instances of severe hail and damaging straight-line wind.",115
1155961,KANE CO.,MAPLE PARK,02/27/2024,1855,Tornado, ,EF0,0,0,0,0,IL,CST-6, ,188190,C,89,LOT,0,0,NWS Storm Survey, ,7.89,125,2,SE,2,SW,CAMPTON HILLS,02/27/2024,1911,41.8799,-88.5694,41.9395,-88.4386,"This tornado touched down along Keslinger Road just west of Watson Road between Maple Park and Elburn. The tornado then may have lifted intermittently as it approached, crossed, and then eventually paralleled Route 38 before sustaining itself on the ground as it tracked northeast into the southwest side of Campton Hills. The path of the tornado was characterized by damage to trees, a grain elevator, a windmill, and roofing. The tornadic damage was consistent with an EF-0 rating with 80 mph winds.","Following summer-like, record warmth, severe thunderstorms developed in the late afternoon of February 27th over northwest Illinois and spread east through the evening across the Chicago metro area. A total of 11 tornadoes touched down in Illinois. There were 11 tornadoes in total across the NWS Chicago area of responsibility, which is the most in a February event since official NWS tornado records began in 1950. In addition to the tornadoes, the storms produced numerous instances of severe hail and damaging straight-line wind.",116
1155960,KANE CO.,BIG ROCK,02/27/2024,1856,Tornado, ,EF0,0,0,0,0,IL,CST-6, ,188190,C,89,LOT,0,0,NWS Storm Survey, ,2.8,175,3,W,0,N,BIG ROCK,02/27/2024,1859,41.7544,-88.602,41.7638,-88.5492,"Storm chasers documented a tornado touching down in a field south of Hinckley near Somonauk Road and Bastian Road. High resolution satellite imagery showed that this tornado first moved to the northeast mostly in open fields, but likely caused tree damage to properties just north of Bastian Road as it crossed into Kane County. The tornado then turned to the east and caused damage to multiple farm outbuildings, peeled shingles off of roofs, and caused tree damage before lifting as it tracked into Big Rock.","Following summer-like, record warmth, severe thunderstorms developed in the late afternoon of February 27th over northwest Illinois and spread east through the evening across the Chicago metro area. A total of 11 tornadoes touched down in Illinois. There were 11 tornadoes in total across the NWS Chicago area of responsibility, which is the most in a February event since official NWS tornado records began in 1950. In addition to the tornadoes, the storms produced numerous instances of severe hail and damaging straight-line wind.",117
1155974,KANE CO.,(ARR) AURORA MUNICIPAL AIRPORT,02/27/2024,1906,Tornado, ,EF1,0,0,0,0,IL,CST-6, ,188190,C,89,LOT,0,0,NWS Storm Survey, ,8.13,125,2,N,1,WNW,BATAVIA,02/27/2024,1916,41.7949,-88.4686,41.8543,-88.3324,"This tornado touched down near Hartner Road southwest of Waubonsee Community College and trekked northeastward eventually lifting near McKee Street and Western Avenue in Batavia. Some of the more noteworthy damage along the storm's over 8 mile path include a large wooden barn that had been displaced from its foundation and collapsed near Lake Run as well as damage to some industrial equipment. Several trees, roofs, and business signs also sustained damage along the path. The storm also moved across the Waubonsee Community College campus shortly after touching down where it damaged trees and signs and toppled one parking lot light pole.","Following summer-like, record warmth, severe thunderstorms developed in the late afternoon of February 27th over northwest Illinois and spread east through the evening across the Chicago metro area. A total of 11 tornadoes touched down in Illinois. There were 11 tornadoes in total across the NWS Chicago area of responsibility, which is the most in a February event since official NWS tornado records began in 1950. In addition to the tornadoes, the storms produced numerous instances of severe hail and damaging straight-line wind.",118
1155975,KANE CO.,GENEVA,02/27/2024,1917,Tornado, ,EF1,0,0,0,0,IL,CST-6, ,188190,C,89,LOT,0,0,NWS Storm Survey, ,1.16,125,1,WSW,0,SE,GENEVA,02/27/2024,1919,41.8827,-88.3482,41.8866,-88.3262,"This tornado touched down along Keslinger Road west of Randall Road in Geneva. The first instance of damage was noted to a metal garage/storage building, which had portions of roofing and walls damaged or removed and was shifted off its foundation. The structure did not appear to be properly anchored to its foundation. Trees and a traffic light were then damaged as the tornado crossed the intersection, with shingle, soffit, and siding damage noted at a commercial building before the tornado moved into a residential area. A concentrated corridor of damage consistent with EF-1 wind speeds near 95 mph occurred along Cambridge Drive and Essex Court, where damage to several roofs and windows was observed. In addition, nearby trees were significantly damaged with almost all large branches snapped. The tornado weakened and narrowed as it moved east just north of Kaneville Road, with tree damage noted until the tornado dissipated near Kaneville Road and Burgess Road. The tornado was on the ground for fewer than two minutes.","Following summer-like, record warmth, severe thunderstorms developed in the late afternoon of February 27th over northwest Illinois and spread east through the evening across the Chicago metro area. A total of 11 tornadoes touched down in Illinois. There were 11 tornadoes in total across the NWS Chicago area of responsibility, which is the most in a February event since official NWS tornado records began in 1950. In addition to the tornadoes, the storms produced numerous instances of severe hail and damaging straight-line wind.",119
1155976,COOK CO.,STREAMWOOD,02/27/2024,1929,Tornado, ,EF0,0,0,0,0,IL,CST-6, ,188190,C,31,LOT,0,0,NWS Storm Survey, ,3.83,300,2,NW,0,SE,SOUTH BARRINGTON,02/27/2024,1935,42.047,-88.1991,42.0855,-88.1453,"This tornado touched down just west of Sutton Road and north of Golf Road in the Carl Hansen Woods of the Arthur L. Janura Preserve, initially producing tree damage and peeling part of the roof off of a picnic shelter. The tornado may have lifted temporarily as it tracked northeast through the preserve toward Bartlett Road and Shoe Factory Road, but access to these forest preserve areas was limited. Along Higgins Road, roof and fascia damage was noted to several buildings in an office complex before the tornado caused damage at Goebbert`s Farm across the road. In the subdivision to the northeast of the farm, a few trees were uprooted along Star Lane. The tornado then moved into The Glen subdivision, where it produced a swath of concentrated tree damage and damaged roofs and chimneys at a few residences as it reached its peak width. The tornado then produced tree damage along and north of Mundhank Road before it dissipated as it entered the Terra Vita Estates subdivision.","Following summer-like, record warmth, severe thunderstorms developed in the late afternoon of February 27th over northwest Illinois and spread east through the evening across the Chicago metro area. A total of 11 tornadoes touched down in Illinois. There were 11 tornadoes in total across the NWS Chicago area of responsibility, which is the most in a February event since official NWS tornado records began in 1950. In addition to the tornadoes, the storms produced numerous instances of severe hail and damaging straight-line wind.",120
1155977,COOK CO.,HOFFMAN ESTATES,02/27/2024,1932,Tornado, ,EF1,0,0,0,0,IL,CST-6, ,188190,C,31,LOT,0,0,NWS Storm Survey, ,2.58,110,0,SSE,2,S,INVERNESS,02/27/2024,1935,42.0572,-88.1184,42.0898,-88.0937,"This tornado touched down in the area near Della Drive in Hoffman Estates and tracked northeast, snapping tree branches, downing power lines along Hassell Road, and damaging shingles, fascia, and gutters on homes. The tornado then tracked across I-90 and entered the Paul Douglas Forest Preserve, where it snapped and uprooted several trees. The tornado then exited the forest preserve and entered the subdivision to the northwest of Algonquin Road and Ela Road, where it caused roof, soffit, and fascia damage to several residences. Shortly thereafter, the tornado lifted as it entered Inverness.","Following summer-like, record warmth, severe thunderstorms developed in the late afternoon of February 27th over northwest Illinois and spread east through the evening across the Chicago metro area. A total of 11 tornadoes touched down in Illinois. There were 11 tornadoes in total across the NWS Chicago area of responsibility, which is the most in a February event since official NWS tornado records began in 1950. In addition to the tornadoes, the storms produced numerous instances of severe hail and damaging straight-line wind.",121
1155978,COOK CO.,SOUTH BARRINGTON,02/27/2024,1934,Tornado, ,EF1,0,0,0,0,IL,CST-6, ,188190,C,31,LOT,0,0,NWS Storm Survey, ,2.45,160,1,S,2,SSW,INVERNESS,02/27/2024,1937,42.0722,-88.1485,42.0994,-88.1177,"This tornado formed near Studio Drive in South Barrington, with the first damage observed at the South Barrington Tennis Club. The tornado moved northeastward through eastern sections of The Glen subdivision, producing sporadic tree damage. As the tornado crossed Barrington Road near Mundhank Road, significant tree damage occurred, with numerous branches and trunks snapped. The tornado continued northeast toward Willow Creek Church, where it uprooted at least one tree and damaged metal bus shelters. Damage became less severe as the tornado neared Algonquin Road, but increased again as the tornado turned to the east toward Whispering Trails Drive and Huntington Boulevard in Hoffman Estates. Damage was noted to residences along Chesapeake Court, Fir Court, and Crimson Drive with two residences losing a significant amount of roofing material. Other homes in the neighborhood had shingle damage, and a window was damaged at another residence. Tree damage, including broken limbs, was also observed. Roofing material removed from a home on Fir Court was deposited to the northwest, with plywood impaled into the ground and other debris penetrating the wall of a house, ending up in its living room. The tornado dissipated near Crimson Drive in Hoffman Estates.","Following summer-like, record warmth, severe thunderstorms developed in the late afternoon of February 27th over northwest Illinois and spread east through the evening across the Chicago metro area. A total of 11 tornadoes touched down in Illinois. There were 11 tornadoes in total across the NWS Chicago area of responsibility, which is the most in a February event since official NWS tornado records began in 1950. In addition to the tornadoes, the storms produced numerous instances of severe hail and damaging straight-line wind.",122
1170410,LAKE CO.,MUNDELEIN,02/27/2024,1955,Tornado, ,EF1,0,1,0,0,IL,CST-6, ,188190,C,97,LOT,0,0,NWS Storm Survey, ,0.11,40,1,ENE,1,E,MUNDELEIN,02/27/2024,1956,42.262,-87.9874,42.2619,-87.9853,"This tornado had a very short path with damage confined primarily to a single two-story apartment building. Most of the roof was removed from the building, and a portion of the brick facade also collapsed when the roof was removed. Two large softwood trees in the parking lot east of the building were uprooted. Debris was deposited to the east across the street, where a few tree branches were also snapped. In the apartment building south of the main one that was damaged, a resident described seeing a second story glass patio door on the east side being pulled out and shattered by the winds. One 13 year old resident sustained bad bruising after part of his ceiling collapsed and struck him in the arm.","Following summer-like, record warmth, severe thunderstorms developed in the late afternoon of February 27th over northwest Illinois and spread east through the evening across the Chicago metro area. A total of 11 tornadoes touched down in Illinois. There were 11 tornadoes in total across the NWS Chicago area of responsibility, which is the most in a February event since official NWS tornado records began in 1950. In addition to the tornadoes, the storms produced numerous instances of severe hail and damaging straight-line wind.",123
1155980,LAKE CO.,(GYY) GARY AIRPORT,02/27/2024,2115,Tornado, ,EF1,0,0,0,0,IN,CST-6, ,188196,C,89,LOT,0,0,NWS Storm Survey, ,2.17,75,1,NNW,2,NE,(GYY) GARY AIRPORT,02/27/2024,2118,41.6349,-87.4305,41.6359,-87.3902,"A tornado touched down near Cline Avenue and Industrial Highway just north of Gary Airport. The tornado moved eastward through a wooded industrial area and damaged multiple power poles, including snapping several that were relatively new. Snapped tree limbs were also observed along the path of the tornado. The tornado then turned east-northeast and moved offshore onto Lake Michigan.","Following summer-like, record warmth, severe thunderstorms developed in the late afternoon of February 27th over northwest Illinois and spread east through the evening across the Chicago metro area. One tornado touched down in Indiana on the north side of Gary. There were 11 tornadoes in total across the NWS Chicago area of responsibility, which is the most in a February event since official NWS tornado records began in 1950.",124
1163626,CALHOUN CO.,MARSHALL,02/28/2024,29,Tornado, ,EF1,0,0,1000000,0,MI,EST-5, ,187973,C,25,GRR,0,0,NWS Storm Survey, ,5.79,300,3,NNW,3,W,RICE CREEK,02/28/2024,40,42.31,-84.98,42.33,-84.87,"A tornado touched down near sixteen and a quarter mile road and moved east northeast and uprooted or snapped hundreds of trees along its path. The tornado heavily damaged a few outbuildings and caused roof damage to a number of homes with shingles ripped off and tore away siding.  The tornado ended southwest of twenty one and a half mile road and L drive north. No injuries or fatalities were reported.","Record high temperatures were set across the area on February 27th, and the unseasonably warm and relatively humid airmass set the stage for an early season severe weather event.  A line of severe thunderstorms moved in from the southwest |and several supercell thunderstorms developed as well. ||One long lived supercell with a persistent mesocyclone caused damage along the I-94 corridor which included an EF-1 Tornado near Marshall Michigan. Along with this supercell, a line of storms brought hail up to two and a half inches in diameter to a few locations south of I-96.",125
1153881,GENESEE CO.,GRAND BLANC,02/28/2024,112,Tornado, ,EF2,0,0,1000000,0,MI,EST-5, ,187880,C,49,DTX,0,0,NWS Storm Survey, ,5.73,450,3,W,2,WNW,ATLAS,02/28/2024,122,42.92,-83.67,42.94,-83.56,"The tornado touched down in Creasey Bicentennial Park damaging the south pavilion and uprooting a pine tree. The tornado tracked east northeast across Westminster Cir where multiple trees were snapped, two garage doors were blown out, and a roof was partially stripped from one home. The tornado continued tracking east northeast across Porter Rd and Reid Rd where multiple limbs and trees were snapped. The peak of damage occurred at an industrial complex at the intersection of Reid and S Dort Hwy. Damage to the complex included blown out non load bearing walls and loss of the majority of the roof. Peak winds were estimated at 115 mph.  Multiple transmission poles were also snapped along S Dort Hwy. Damaged continued into the Indian Hill neighborhood near downtown Grand Blanc where multiple large trees were downed with some of them falling onto homes along Old Bridge Rd to Stonybrook Dr. The tornado tracked east northeast across Genesee Road to Belsay Rd snapping hardwood limbs and uprooting pine trees before greater damage occurred along Moonstone Dr and Brookview Dr. Damage in these areas included more widespread tree damage and one home with a garage door blown out and a roof partially uplifted. The tornado weakened and lifted shortly after it crossed Perry Rd.","Record February high temperatures in the lower 70s created enough instability to allow for strong thunderstorms as a very strong cold front pushed through during the overnight hours. A few thunderstorms reached severe limits, highlighted by an EF-2 tornado in Grand Blanc. Winds behind the cold front on February 28th frequently gusted between 40-50 mph throughout the day.",126
1154221,MONTGOMERY CO.,EASTVIEW,02/28/2024,437,Tornado, ,EF0,0,0,10000,0,OH,EST-5, ,187906,C,113,ILN,0,0,NWS Storm Survey, ,0.59,200,1,E,0,S,PAGE MANOR,02/28/2024,438,39.7698,-84.1095,39.774,-84.0985,"The tornado first touched down in far northeast Montgomery County, near dwellings located just south of Wright-Patterson Air Force Base. Large hardwood branches were broken near the intersection of Mitchell Drive and Spinning Road. Minor tree damage continued across Airway Road into portions of the Wright Field Airport, where it crossed into Greene County at 0438EST.  The tornado continued east-northeast into Greene County before lifting near Wright State University at 0441EST.","Showers and thunderstorms developed during the early morning hours ahead of a cold front moving through the Ohio Valley.",127
1154228,GREENE CO.,NEW GERMANY,02/28/2024,438,Tornado, ,EF1,0,0,500000,0,OH,EST-5, ,187906,C,57,ILN,0,0,NWS Storm Survey, ,1.8,200,1,WNW,1,E,(FFO)WRIGHT-PATT AFB,02/28/2024,441,39.774,-84.0985,39.7796,-84.0663,"The tornado initially touched down at 0437EST in far northeast Montgomery County, near the intersection of Mitchell Drive and Spinning Road. The tornado moved quickly east-northeast and entered Greene County, just past Airway Road as it moved into the far southern portions of Wright-Patterson Air Force Base at 0438EST. ||A restoration hangar at Wright-Patterson Air Force Base received minor structural damage with sheet metal ripped off. Some planes that were in the process of being restored also suffered damage due to flying debris. This damage was notable enough to warrant EF1 strength winds of around 100 mph. Additional damage occurred along Loop Road, where guard rails were bent and several hardwood trees were broken and snapped. A few of the dwellings on the eastern side of the base had damage to the roofs as shingles were ripped off. ||More residential damage was observed just east of the base, with quite a bit of shingles lost on the roof of an apartment complex, just behind a grocery store.  Based on the damage, the tornado weakened as it traveled further eastward from this point, with mainly tree damage observed. The last bit of tree damage was found near University Boulevard, just west of the Student Union at Wright State University.","Showers and thunderstorms developed during the early morning hours ahead of a cold front moving through the Ohio Valley.",128
1155080,CLARK CO.,PITCHIN,02/28/2024,452,Tornado, ,EF2,0,3,1000000,0,OH,EST-5, ,187906,C,23,ILN,0,0,NWS Storm Survey, ,13.12,500,2,NW,2,E,BRIGHTON,02/28/2024,506,39.8571,-83.7946,39.9204,-83.5416,"The first known damage from this tornado was in a stand of trees southwest of Selma Pike. Additional tree damage was found on Selma Pike south of Shawnee High School, where several trees were snapped. The tornado then strengthened and broadened as it moved east-northeast, eventually reaching EF2 intensity as it crossed Mitchell Road, Ridge Rd, and Highway 41, where three homes had complete roof loss. Intermittent EF1 and EF2 damage, consisting of around a dozen barns and outbuildings destroyed and more homes with complete roof loss, then continued for around 10 miles before the tornado entered Madison County about 1.5 miles east of Brighton at 0506EST. The tornado ended in Madison County at 0515EST, 4 miles north northeast of London.","Showers and thunderstorms developed during the early morning hours ahead of a cold front moving through the Ohio Valley.",129
1155082,MADISON CO.,SUMMERFORD,02/28/2024,506,Tornado, ,EF2,0,0,1000000,0,OH,EST-5, ,187906,C,97,ILN,0,0,NWS Storm Survey, ,7.99,500,2,WSW,1,NNE,LAFAYETTE,02/28/2024,515,39.9204,-83.5416,39.9436,-83.3938,"The tornado first touched down in Clark County at 0452EST, 5 miles south-southeast of Springfield. It moved east-northeast and crossed into Madison County at 0506EST, 2.3 miles west-southwest of Summerford. ||The tornado downed numerous trees and caused significant damage to several structures as it moved through western Madison County.  Notable damage occurred at the Madison County Airport where one of the metal hangars was completely collapsed. There was also significant damage to several other hangars and planes at the airport. Based on the damage, winds were estimated to be 130 mph at this location. The tornado continued east from here, damaging other dwellings and trees. One home in particular had its second story completely removed. The tornado then lifted in an open field, 1 mile north-northeast of Lafayette.","Showers and thunderstorms developed during the early morning hours ahead of a cold front moving through the Ohio Valley.",130
1155083,MADISON CO.,LONDON,02/28/2024,514,Tornado, ,EF1,0,0,250000,0,OH,EST-5, ,187906,C,97,ILN,0,0,NWS Storm Survey, ,9.17,250,2,E,2,ESE,WEST JEFFERSON,02/28/2024,525,39.8856,-83.4128,39.9223,-83.2424,"The tornado developed near State Route 665, east of London, and moved to the east-northeast. The tornado initially caused minor tree and structural damage, including a tipped over trailer. It then strengthened as it crossed Spring Valley Road and then across Glade Run Road, where it peaked in intensity as it crossed Wilson Road. At this location, a home lost part of its roof and tree damage was considerable, with snapped|off trunks. Damage in this area was consistent with wind speeds of around 110 mph.||The tornado continued across West Jefferson-Klousville Road and then onward to Olmstead Road. Additional damage meeting the EF1 category was found along Roberts Road, just southeast of Plain City Georgesville Road. The tornado then entered Franklin County at 0525EST, about 1.5 miles east-southeast of West Jefferson. It continued east-northeast for about 3 more miles before ending just before reaching Alton Hall Elementary School at 0528EST.","Showers and thunderstorms developed during the early morning hours ahead of a cold front moving through the Ohio Valley.",131
1155951,FRANKLIN CO.,DARBY DAN ARPT,02/28/2024,525,Tornado, ,EF0,0,0,50000,0,OH,EST-5, ,187906,C,49,ILN,0,0,NWS Storm Survey, ,3.13,250,2,WSW,1,NNW,COLUMBUS SOUTHWEST A,02/28/2024,528,39.9223,-83.2424,39.9274,-83.1836,"The tornado initially touched down in Madison County at 0514EST, 1 mile east of London. The tornado moved east-northeast and entered Franklin County at 0525EST, about 1.5 miles east southeast of West Jefferson.  The tornado caused damage to trees and outbuildings as it moved  through far Western Franklin County. The last known damage from this tornado occurred near the intersection of Alton Road and Murnan Road.","Showers and thunderstorms developed during the early morning hours ahead of a cold front moving through the Ohio Valley.",132
1155084,FRANKLIN CO.,MUDSOCK,02/28/2024,526,Tornado, ,EF1,0,0,100000,0,OH,EST-5, ,187906,C,49,ILN,0,0,NWS Storm Survey, ,3.81,200,0,NW,2,WNW,SAN MARGHERITA,02/28/2024,531,40.005,-83.1844,40.0087,-83.1125,"A weak tornado developed on the west side of Alton and Darby Creek Road and moved along the north side of Roberts Road through portions of the city of Hilliard.  Along the path, damage was a consistent mix of snapped trees, uprooted trees, numerous instances of minor roof and siding damage.  One home on Hilliard Rome Road lost part of its roof, and another home near Westbreeze Drive had an attached garage peeled away and shifted.  Damage in this area was consistent with wind speeds of around 110 mph.||The tornado weakened as it approached Interstate 270 and dissipated on the east side of the interstate. Additional damage was observed on both the west and east side of the interstate.","Showers and thunderstorms developed during the early morning hours ahead of a cold front moving through the Ohio Valley.",133
1155085,FRANKLIN CO.,WRIGHTSVILLE,02/28/2024,528,Tornado, ,EF0,0,0,25000,0,OH,EST-5, ,187906,C,49,ILN,0,0,NWS Storm Survey, ,0.51,60,2,SE,2,W,DARBYDALE,02/28/2024,529,39.8497,-83.2246,39.8505,-83.215,"The first known damage from this tornado occurred on the southeast corner of the intersection of Biggert Road and London Groveport Road. Several stands of trees in this area were damaged and some minor roof damage to outbuildings was also observed. One stand of trees south of London Groveport Road had several trees snapped at the trunk.||Additional minor tree damage was observed further west on London Groveport Road. After this, the tornado is believed to have moved over a forested area near Big Darby Creek and no additional damage was found.","Showers and thunderstorms developed during the early morning hours ahead of a cold front moving through the Ohio Valley.",134
1155086,PICKAWAY CO.,HARRISBURG,02/28/2024,529,Tornado, ,EF0,0,0,250000,0,OH,EST-5, ,187906,C,129,ILN,0,0,NWS Storm Survey, ,2.18,80,2,W,0,N,HARRISBURG,02/28/2024,532,39.8038,-83.2097,39.8057,-83.1687,"The first known damage from this tornado occurred south of Carson Road, where several trees were damaged and some of the debris was blown onto southbound Interstate 71.||Additional damage was found further east on Carson Road, where roof damage occurred to some homes and a stand of trees had a notable but narrow path of damage. More tree damage was located on the southwest side of Harrisburg, along Harrisburg Road and U.S. Route 62. Finally, some trees and tree branches were downed on Ohio State Route 762, just south of U.S. Route 62.","Showers and thunderstorms developed during the early morning hours ahead of a cold front moving through the Ohio Valley.",135
1155087,FRANKLIN CO.,GROVEPORT,02/28/2024,548,Tornado, ,EF0,0,0,50000,0,OH,EST-5, ,187906,C,49,ILN,0,0,NWS Storm Survey, ,4.4,50,1,SSW,1,E,CANAL WINCHESTER,02/28/2024,552,39.8381,-82.8863,39.8495,-82.8004,"The tornado began within or near the Walnut Woods Metro Park area, more specifically west of Richardson Road. Numerous pine trees were snapped and uprooted, likely indicating the strongest period of the tornado. The tornado continued eastward over Lithopolis Road where more tree damage was observed. In the Canal Winchester area, additional tree damage and light structure damage was observed throughout the city, with the damage centered on West Waterloo Street on the north side of town. The tornado then moved into Fairfield County as it crossed U.S. Route 33 at 0552EST.  The tornado ended at 0554EST, about 1.5 miles north of Waterloo.","Showers and thunderstorms developed during the early morning hours ahead of a cold front moving through the Ohio Valley.",136
1155089,FRANKLIN CO.,BLACKLICK,02/28/2024,549,Tornado, ,EF2,0,0,300000,0,OH,EST-5, ,187906,C,49,ILN,0,0,NWS Storm Survey, ,2.92,300,2,N,3,ESE,HEADLEYS CORNERS,02/28/2024,553,40.0221,-82.8191,40.0402,-82.7684,"The tornado began in the Havens Corners area near Blacklick Elementary School and quickly strengthened as it moved through the Havenswood neighborhood, where it produced tree and minor structural damage indicative of winds between 85 mph and 100 mph. The tornado continued to rapidly strengthen as it approached McOwen Road, where considerable tree damage was observed and numerous stands of soft and hard wood trees were uprooted or completely snapped off. A shipping container was also tossed and a home suffered extensive roof loss along with the loss of one exterior wall. In this area, winds were estimated to be around 120 mph. The tornado began weakening slightly as it crossed into Licking County at 0553EST,  near the intersection of Dixon and McOwen Roads. The tornado continued east-northeast across western Licking County and ended at 0603EST, about 2 miles west southwest of Granville.","Showers and thunderstorms developed during the early morning hours ahead of a cold front moving through the Ohio Valley.",137
1155955,FAIRFIELD CO.,WATERLOO,02/28/2024,552,Tornado, ,EF0,0,0,10000,0,OH,EST-5, ,187906,C,45,ILN,0,0,NWS Storm Survey, ,1.31,75,2,NW,2,N,WATERLOO,02/28/2024,554,39.8495,-82.8004,39.852,-82.7758,"The tornado initially touched down in Franklin County at 0548EST, 1 mile south of Groveport. It moved east-northeast and entered Fairfield County at 0552EST, as it moved across U.S. Route 33 in Canal Winchester. The tornado caused minor damage to trees and structures south of Dove Parkway before ending.","Showers and thunderstorms developed during the early morning hours ahead of a cold front moving through the Ohio Valley.",138
1155090,LICKING CO.,JERSEY,02/28/2024,553,Tornado, ,EF2,0,0,200000,0,OH,EST-5, ,187906,C,89,ILN,0,0,NWS Storm Survey, ,11.12,300,3,WSW,2,WSW,GRANVILLE,02/28/2024,603,40.0402,-82.7684,40.0617,-82.5592,"The tornado began in Franklin County at 0549EST in the Havens Corners area. It moved east-northeast and entered Licking County near the intersection of Dixon and McOwen Roads at 0553EST.  The tornado caused a wide swath of tree and structural damage along its path across Graham Road SW and the Jersey area. Structural damage was mainly in the form of windows blown out, destroyed barns, and minor roof removal. The tornado slowly weakened as it moved east-northeast toward the southwest side of Granville where it dissipated. Along this stretch, mainly tree and very minor structural damage was noted.","Showers and thunderstorms developed during the early morning hours ahead of a cold front moving through the Ohio Valley.",139
1161853,MONROE CO.,MILTONSBURG,02/28/2024,722,Tornado, ,EF2,0,0,500000,0,OH,EST-5, ,188887,C,111,PBZ,1,0,NWS Storm Survey, ,4.05,200,2,SE,1,SE,OZARK,02/28/2024,726,39.8154,-81.1448,39.8216,-81.0689,"A NWS Storm Survey confirmed an EF-2 tornado tracked roughly 4 miles from Miltonsburg to Ozark in Monroe County. The tornado was embedded within a wider swath of straight-line wind damage. Maximum wind gusts were near 120mph. There was widespread tree damage and many outbuildings were affected. The most significant damage was located off Minder Road where a house sustained major damage, which consisted of it being shifted off its foundation, windows blown out, and a complete collapse of the attached garage. There was one indirect injury during cleanup efforts.","A strong upper-level low tracked through the Great Lakes and into the Ohio River Valley early on February 28th. Nocturnal convection was mainly elevated before 5 AM, with a few hail reports noted. However, with a surge of warm air after 6 AM, there was just enough instability to develop a tornado within a line of storms in Monroe County. Based on sounding profiles from PIT and ILN (06Z and 12Z profiles), shear was strong within the low-levels, ranging from 50kts to 60kts. Directional wind shear, noted in the hodograph, indicated that the threat for tornadoes was also elevated.",140
1197546,BROOME CO.,CASTLE CREEK,02/28/2024,1719,Tornado, ,EF0,0,0,30000,0,NY,EST-5, ,193816,C,7,BGM,0,0,NWS Storm Survey, ,0.61,150,1,S,1,SE,CASTLE CREEK,02/28/2024,1721,42.2196,-75.9215,42.2224,-75.9103,"A line of showers and thunderstorms along a powerful cold |front, produced widespread winds of 40-55 mph across the area. |However, embedded within the line, a NWS storm survey confirmed that |a shortly-lived tornado spun up on Brooks Road, just west of its intersection with |Route 11 Castle Creek Road. The tornado then crossed Route 11 |with a path of enhanced damage especially focused on two |properties between Route 11 and Interstate 81. Numerous large |trees, a mix of softwoods and hardwoods, were uprooted or |snapped. A large chimney came down on the roof of a residence, |damaging it. A gazebo on the property was lofted and destroyed.|A barn of the same residence had an entire wall and portions of |the roof sheared off of the structure. Pieces of the |barn could be found in the form of missiles, deeply impaling the |ground. Numerous tree branches and other wood pieces throughout |the path similarly impaled the ground. As the tornado continued, |it moved two hay wagons at least 100 feet, totally dismantling |one of them and heavily bending the other. A corridor of tree |damage could be found in the woods across the field, before it |ended at the Castle Creek stream itself just before reaching |Interstate 81.","A quasi-linear convective system (QLCS) advanced across the area late in the afternoon on February 28 along a powerful cold front. Despite a lack of lightning, a kink in the strong line of showers spun up a brief tornado in Broome County, just south of Castle Creek. Gusty winds throughout the line also knocked a tree down in a yard near the Hamlet of Maine.",141
1154869,MADERA CO.,KISMET,03/01/2024,1550,Tornado, ,EF0,0,0,50000,0,CA,PST-8, ,188027,C,39,HNX,0,0,Trained Spotter, ,0.42,10,2,SSE,2,SE,KISMET,03/01/2024,1555,37.0233,-120.0594,37.0243,-120.0519,"A funnel cloud which had been previously reported by a trained spotter spawned a small tornado in northeast Madera which was on the ground for around 5 minutes and moved eastward around a half mile. The tornado damaged some portable classrooms at Berenda Elementary School in Madera.","A large cold upper trough dropped out of the Gulf of Alaska on February 29 and had deepened off the Pacific Northwest coast on March 1 spreading widespread precipitation as far south a central California. The trough then slowly moved east across the Pacific Northwest on March 2 and 3 before moving east of the region on March 4. This system brought moderate to heavy precipitation to the Sierra Nevada which picked up between 2 and 4 inches of liquid precipitation north of Kings Canyon and 1 to 2 inches further south. The precipitation fell as snow above 5000 feet for the duration of the event and produced 2 to 4 feet on new snowfall north of Kings Canyon and 1.5 to 3 feet of snow further south. This system also produced a half inch to an inch of rainfall in Merced County and a quarter to half inch across most of the remainder of the San Joaquin Valley. Most of the Kern County Mountains and Deserts picked up 1 to 2 tenths of an inch of rainfall. In addition to the precipitation, strong winds also accompanied this system and combined with the snow to produce near blizzard conditions over the Sierra Nevada north of Kings Canyon between the morning of March 1 and the morning of March 3. Scattered thunderstorms also broke out during the afternoons of March 1 and March 2 over parts of the San Joaquin Valley. While the thunderstorms were not heavy rain producers, several funnel clouds were observed and one cell produced a weak tornado in northeast Madera during the afternoon of March 1. In addition to the precipitation, several stations in the Kern County Mountains and Deserts measured wind gusts exceeding 45 mph between the evening of March 2 and the early morning of March 4.",142
1167329,STEPHENSON CO.,BOLTON,03/04/2024,1359,Tornado, ,EFU,0,0,0,0,IL,CST-6, ,189645,C,177,DVN,0,0,Storm Chaser, ,0.1,30,3,WNW,3,WNW,BOLTON,03/04/2024,1400,42.24,-89.78,42.24,-89.78,"Pictures and video from a storm chaser confirm a brief tornado southeast of Pearl City Monday afternoon. The Stephenson County Emergency Manager surveyed the area and did not see any damage. Therefore, the tornado is rated EF-Unknown.","Scattered storms developed during the afternoon of March 4th, with numerous storms throughout the area by the evening. Most storms produced small hail, with several storms producing upwards to one-inch hail or larger. The largest hail seen was golf ball-sized in northeast Missouri and southern Iowa. One brief tornado was also seen, southeast of Pearl City Illinois, with no damage observed.",143
1200045,UMATILLA CO.,BLUE MTN,03/05/2024,1000,Tornado, ,EF0,0,0,0,0,OR,PST-8, ,194218,C,59,PDT,0,0,Public, ,0.15,3,1,SW,1,SW,BLUE MTN,03/05/2024,1100,45.87,-118.42,45.871,-118.4173,"At least one, possibly multiple landspouts were observed by a member of the public west of Highway 11 between Athena and Milton Freewater. Pictures taken show one well defined landspout and another much smaller landspout within it's vicinity.","A frontal boundary slowly moving south across the region and the passage of a shortwave in northwest flow aloft led to the development of convective showers developing in the late morning and early afternoon of March 5th. Under these convective showers, at least one landspout was able to develop south of Milton-Freewater in the late morning hours.",144
1197019,PUTNAM CO.,OTTAWA PUTNAM CO ARP,03/05/2024,1434,Tornado, ,EF0,0,0,75000,0,OH,EST-5, ,193738,C,137,IWX,0,0,Emergency Manager, ,0.24,50,2,N,2,N,OTTAWA PUTNAM CO ARP,03/05/2024,1435,41.0589,-83.9805,41.0596,-83.976,"A brief EF-0 land spout with winds estimated at 70 mph was confirmed near Leipsic, OH. Emergency manager and trained spotters confirmed tornado. Several photos and videos of the land spout along SR65. One home near the intersection of Road H5 and SR65 sustained damage to the roof and siding. An attached garage collapsed and debris was scattered to the northeast of the property. Time was estimated from radar.","A brief EF-0 land spout tornado occurred south of Leipsic, Ohio on the afternoon of March 5th. Several photos and videos were taken of the tornado along SR65 near the intersection with Road H5. The tornado caused damage to one home on Road H5, with loss of the roof, shingles, and some siding. A poorly built attached garage collapsed, and debris could be seen scattered to the northeast of the home. The tornado quickly dissipated in an open field just north of the intersection of Road H5 and Road 5H, just east of SR65.",145
1169944,ELLIS CO.,FORRESTON,03/05/2024,1645,Tornado, ,EF0,0,0,0,0,TX,CST-6, ,188986,C,139,FWD,0,0,Broadcast Media, ,0.25,50,1,E,1,E,FORRESTON,03/05/2024,1648,32.25,-96.86,32.25,-96.86,"Multiple pictures and videos were received of a landspout that occurred near Forreston in Ellis County. The landspout remained over rural land.","Periodic storms ahead of and along a slow-moving cold front produced mainly hail across North Texas March 4th through 6th. A short-lived landspout was observed in Ellis County near Forreston on the 5th. Additional rounds of showers and storms formed to our west and moved east over the 6th through the 8th, producing hail and damaging wind gusts.",146
1170527,PINAL CO.,ARIZONA CITY,03/07/2024,1439,Tornado, ,EFU,0,0,0,0,AZ,MST-7, ,190436,C,21,PSR,0,0,Storm Chaser, ,0.32,40,1,ENE,1,ENE,ARIZONA CITY,03/07/2024,1447,32.79,-111.7014,32.7911,-111.6997,"Visual photos showed a weak landspout developed over an open field near the Casa Grande Mountains just south of Casa Grande, AZ from a thunderstorm cell moving over the area. The landspout lasted for about 8 minutes with no evidence of any damages or injuries.","A low pressure system moving across the Desert Southwest resulted in shower and thunderstorm activity across most of south-central AZ during the afternoon hours on the 7th. A landspout was generated from a thunderstorm cell moving just south of Casa Grande, AZ. The landspout developed over an open field area near the Casa Grande Mountains with no damages nor injuries reported. Landspout lasted for about 8 minutes.",147
1167762,DALE CO.,MABSON,03/09/2024,140,Tornado, ,EF1,0,0,200000,0,AL,CST-6, ,189146,C,45,TAE,0,0,NWS Storm Survey, ,4.35,1020,1,NNW,1,SSW,WARD BRIDGE,03/09/2024,148,31.4718,-85.5663,31.4914,-85.4961,"An NWS team conducted a combined aerial and ground survey. Aerial imagery indicated that the tornado touched down in a wooded area just west of Mabson Abry Road in Mabson, AL, snapping trees and causing significant damage to the roof of an outbuilding. The ground crew noted extensive tree damage along Mabson Abry Road, Caldonia Way and East County Road 36. A couple of utility poles were also snapped in this area. Aerial photographs indicated tree damage continued through a forested area between Mabson Abry Road and CR 33. The ground crew noted minor roof damage to a manufactured home near the intersection of Herman Strickland Road. Several more trees were snapped or uprooted further north along CR 33. Further east, more tree damage occurred on Herman Strickland Road where most of the structural damage was also noted. One home saw over 50% of its roofing material removed and a well-built outbuilding in the back yard had its doors blown in. The roof suffered some damage as well. Snapped trees were noted extending west into the woods. Further up the road, a home suffered the removal of its roof on the southern end of the house and the destruction of the back porch, much of which wound up on the roof. A large outbuilding in the back yard was shifted off its foundation. A neighboring home suffered similar damage to its house and large outbuilding. The tornado was at its strongest at this point with wind speeds estimated at 105 mph, which is EF-1 strength. Aerial photos indicated that tree damage occurred a bit further north along Herman Strickland Road and then east through a forested area, including the Cedar Creek, and then along CRs 335 and 337. The tornado then lifted before reaching Ward Creek.","A line of thunderstorms moved through the tri-state area ahead of a cold front. Severe weather and flash flooding accompanied this line, mainly across southeast Alabama and southwest Georgia, although a few trees were also blown down in northwest Florida. One tornado was reported in Dale County, AL, and another tornado briefly occurred in northeast Leon County, FL extending into Jefferson county, FL.",148
1167778,LEON CO.,MICCOSUKEE,03/09/2024,1042,Tornado, ,EF1,0,0,0,0,FL,EST-5, ,189147,C,73,TAE,0,0,NWS Storm Survey, ,2.75,355,2,NNW,3,NE,MICCOSUKEE,03/09/2024,1045,30.611,-84.0518,30.624,-84.008,"A severe thunderstorm produced a swath of straight-line wind damage on a plantation just east of Straw Pond north of Moccasin Gap Road. Winds were estimated to be at least 80 mph on this property. The storm then produced a tornado that touched down on a nearby plantation just east of Alberta Lake Road. Numerous softwood and hardwood trees were snapped and uprooted, being felled in multiple directions. Damage in this area was consistent with 100 mph winds which warrants an EF-1 rating. After causing minor damage as it crossed Veterans Memorial Drive, the tornado then paralleled T.S. Green Road in Leon County, which becomes Lake Road in Jefferson County, lifting just east of Norias Road in Jefferson County. Damage along this stretch of roads was also consistent with EF-1 damage with wind speeds generally estimated around 90 mph. The worst of the damage occurred just west of the intersection of Lake and Norias Roads, where winds were once again estimated at 100 mph.","A line of thunderstorms moved through the tri-state area ahead of a cold front. Severe weather and flash flooding accompanied this line, mainly across southeast Alabama and southwest Georgia, although a few trees were also blown down in northwest Florida. One tornado was reported in Dale County, AL, and another tornado briefly occurred in northeast Leon County, FL extending into Jefferson county, FL.",149
1167779,JEFFERSON CO.,FINCHER,03/09/2024,1045,Tornado, ,EF1,0,0,0,0,FL,EST-5, ,189147,C,65,TAE,0,0,NWS Storm Survey, ,0.67,355,3,SW,2,SW,FINCHER,03/09/2024,1051,30.624,-84.008,30.6274,-83.9974,"A severe thunderstorm produced a swath of straight-line wind damage on a plantation just east of Straw Pond north of Moccasin Gap Road. Winds were estimated to be at least 80 mph on this property. The storm then produced a tornado that touched down on a nearby plantation just east of Alberta Lake Road. Numerous softwood and hardwood trees were snapped and uprooted, being felled in multiple directions. Damage in this area was consistent with 100 mph winds which warrants an EF-1 rating. After causing minor damage as it crossed Veterans Memorial Drive, the tornado then paralleled T.S. Green Road in Leon County, which becomes Lake Road in Jefferson County, lifting just east of Norias Road in Jefferson County. Damage along this stretch of roads was also consistent with EF-1 damage with wind speeds generally estimated around 90 mph. The worst of the damage occurred just west of the intersection of Lake and Norias Roads, where winds were once again estimated at 100 mph.","A line of thunderstorms moved through the tri-state area ahead of a cold front. Severe weather and flash flooding accompanied this line, mainly across southeast Alabama and southwest Georgia, although a few trees were also blown down in northwest Florida. One tornado was reported in Dale County, AL, and another tornado briefly occurred in northeast Leon County, FL extending into Jefferson county, FL.",150
1163820,CLINCH CO.,COGDELL,03/09/2024,1209,Tornado, ,EF1,0,0,0,0,GA,EST-5, ,189231,C,65,JAX,0,0,NWS Storm Survey, ,0.85,150,3,ESE,4,E,COGDELL,03/09/2024,1211,31.1551,-82.6736,31.1599,-82.6597,"The tornado touched down in an inaccessible marshy timberland in|northeastern Clinch County southeast of the Cogdell Community,|uprooting and snapping several trees as it moved parallel to and |just south of Camp Branch Road. The tornado then moved into Ware |county with additional tree damage noted as it crossed old manor |Millwood Road just east of the county line.","High moisture content and the entire area in the warm sector ahead of an approaching pre-frontal squall line produced strong to severe storms and a couple of tornadoes.",151
1164959,WARE CO.,MANOR,03/09/2024,1211,Tornado, ,EF1,0,0,0,0,GA,EST-5, ,189231,C,299,JAX,0,0,NWS Storm Survey, ,4.74,150,6,NW,5,S,HASTY,03/09/2024,1219,31.1599,-82.6596,31.1842,-82.5846,"The tornado touched down in an inaccessible marshy timberland in|northeastern Clinch County southeast of the Cogdell Community. The tornado then moved into Ware county with additional tree damage noted as it crossed old manor |Millwood Road just east of the county line. The storm weakened as |it continued east-northeast with only light timber damage where it|crossed Windmill Road. The tornado re-intensified as it approached |Manor Millwood Road South (CR-472) and produced the only |structural damage along its path. A metal outbuilding had half of its|tin roof removed, with some of it tossed nearly 300 yards |down-wind. The adjacent home suffered slight roof damage, while |several trees on the property were snapped or uprooted. Continuing|east just south of Highway 122, the tornado began to weaken a |final time. It crossed Farms Edge Road, producing sporadic tree |damage along and near the roadway. Special thanks to one of our Georgia media broadcast partners for information pertaining to this narrative.","High moisture content and the entire area in the warm sector ahead of an approaching pre-frontal squall line produced strong to severe storms and a couple of tornadoes.",152
1163819,BRANTLEY CO.,NAHUNTA,03/09/2024,1339,Tornado, ,EF2,0,5,0,0,GA,EST-5, ,189231,C,25,JAX,0,0,NWS Storm Survey, ,4.72,400,2,SSE,3,SSE,NAHUNTA BRANTLEY ARP,03/09/2024,1346,31.1686,-81.968,31.1754,-81.8887,"A strong EF2 tornado tracked west to east parallel to Georgia Highway 82, about 2.5 to 3 miles SW of Nahunta. Touchdown was near Santa Fe Road. Extensive mobile home damage and tree damage occurred. Some homes were flattened, blown off of their foundations and completely destroyed. One mobile home was blown off of its foundation and launched into the nearby forest resulting in its total destruction along Matthews Cir. A large section of a roof was removed on a home at Matthews Circle. Additional mobile home and tree damage occurred near Long Lake Road and Buffalo Creek Dr.","High moisture content and the entire area in the warm sector ahead of an approaching pre-frontal squall line produced strong to severe storms and a couple of tornadoes.",153
1156448,WABAUNSEE CO.,ALTA VISTA,03/13/2024,1845,Tornado, ,EF2,0,0,0,0,KS,CST-6, ,188241,C,197,TOP,0,0,NWS Storm Survey, ,8.14,300,2,E,2,NE,VOLLAND,03/13/2024,1915,38.87,-96.45,38.97,-96.37,"NWS damage survey along with multiple video accounts show a tornado formed just east of Alta Vista then tracked over mainly rural areas of Wabaunsee County to the northeast producing damage along an 8.5 mile long track.  The tornado was most intense just northeast of Alta Vista and southeast of Volland where EF2 damage was found to hardwood trees where widespread healthy tree trunks were snapped on the west side of the circulation.  The survey crew could not access further east closer to the center point or eastern flank of the tornado circulation damage path however it is estimated that this was around 300 yards wide at its widest point.  Maximum winds estimated to around 115 mph based upon damage to hardwood trees.","Supercell thunderstorms formed along a warm front on the evening of March 13th.  The supercells produced numerous reports of large hail some as large as baseballs and softballs.  The supercells also produced at least 2 strong tornadoes.  One tracked across mainly rural areas in Wabaunsee County and another formed just to the northwest of the city of Rossville, Kansas.  No injuries were reported from the storms.",154
1156449,SHAWNEE CO.,ROSSVILLE,03/13/2024,1927,Tornado, ,EF2,0,0,0,0,KS,CST-6, ,188241,C,177,TOP,0,0,NWS Storm Survey, ,4.94,100,2,W,3,WNW,GROVE,03/13/2024,1946,39.13,-95.98,39.19,-95.93,"NWS damage survey revealed that a tornado formed just WSW of Rossville and tracked to the northeast along a path that was around 4.5 miles long.  The tornado did sporadic damage along the path with the worst damage to a well built home where portions of the roof were removed.  This home had above average construction quality with hurricane clips used when it was built.  The damage at this location was estimated at 115 to 120 mph winds which is a low end EF2.  The tornado path was narrow in spots and wider at others based on drone footage and at most 100 yards.  No injuries were reported.","Supercell thunderstorms formed along a warm front on the evening of March 13th.  The supercells produced numerous reports of large hail some as large as baseballs and softballs.  The supercells also produced at least 2 strong tornadoes.  One tracked across mainly rural areas in Wabaunsee County and another formed just to the northwest of the city of Rossville, Kansas.  No injuries were reported from the storms.",155
1167312,WARREN CO.,GREENBUSH,03/14/2024,336,Tornado, ,EF1,0,0,0,0,IL,CST-6, ,189648,C,187,DVN,0,0,NWS Storm Survey, ,0.95,150,4,SE,5,ESE,GREENBUSH,03/14/2024,337,40.686,-90.463,40.687,-90.445,"A brief tornado developed early Thursday morning, just northwest of Avon in Warren County Illinois. The tornado caused significant damage at two farmsteads, which included destroyed outbuildings and machine sheds, damaged grain bins, uprooted trees, and snapped power poles. The tornado was on the ground for about one mile, and dissipated just into Fulton County IL, east of North Twin Bridge Road. Maximum winds were estimated around 110 mph, and the tornado was rated a high-end EF1. There were no reports of any injuries.","Widespread severe weather was seen overnight from March 13 into 14 across southeast Iowa, northeast Missouri, and western Illinois.  Several severe wind and hail reports were received, along with an EF1 tornado in Warren County.",156
1171535,FULTON CO.,AVON,03/14/2024,336,Tornado, ,EF1,0,0,0,0,IL,CST-6, ,190303,C,57,ILX,0,0,NWS Storm Survey, ,0.11,125,1,NW,1,NNW,AVON,03/14/2024,337,40.6867,-90.4448,40.6871,-90.4427,"This tornado initially touched down in the National Weather Service Quad Cities County Warning Area (CWA) in eastern Warren County, then crossed into far northwestern Fulton County about 2 miles northwest of Avon at 4:36 AM CDT.  It broke a few large tree branches in Fulton County before quickly dissipating at 4:37 AM CDT.","A nearly stationary frontal boundary extending from northern Indiana to northern Missouri triggered several bands of thunderstorms across west-central Illinois during the pre-dawn hours of March 14th.  One of the storms produced an EF-1 tornado in eastern Warren County that crossed into far northwestern Fulton County north of Avon before dissipating.  No injuries were reported.",157
1168696,JERSEY CO.,FIELDON,03/14/2024,628,Tornado, ,EF0,0,0,0,0,IL,CST-6, ,189632,C,83,LSX,0,0,NWS Storm Survey, ,8.65,100,3,E,3,WNW,DELHI,03/14/2024,638,39.096,-90.449,39.065,-90.295,"A tornado touched down 2.8 miles southeast of Fieldon, on Richey Hollow Road, snapping off several large tree branches. As it moved to the southeast it crossed County Road 1100N. In this area numerous trees and tree limbs were snapped off. Also, an open sided barn had the majority of it���s roof ripped off and a large barn had around a quarter of it���s roof ripped off and thrown east into a nearby field. Before it crossed Beaty Mound Road it snapped off several large trees as well as numerous tree limbs. A nearby house sustained minor shingle damage. As it crossed Lodi Road it snapped off several more trees and tree limbs and began to move in a more easterly direction. As it crossed Illinois Route 109, around 3.8 miles south of Jerseyville, it snapped off a few more trees. Before lifting and dissipating 4 miles south southeast of Jerseyville, it caused a very old open sided barn to lean and minor damage to a large machine shed and roof of a chicken coop. Overall, the tornado was rated EF0 with a path length of 8.65 miles and a max path width of 100 yards. No deaths or injuries were reported.","Just after sunrise, a quasi-linear convective system (QLCS) produced five confirmed EF-0 tornadoes. Four of these occurred in rural south-central Illinois, and another tracked through Charlack, Missouri in northern St. Louis County. No reported injuries or fatalities with these tornadoes. Also, there were a few reports of damaging winds and large hail.",158
1168702,JERSEY CO.,FIDELITY,03/14/2024,644,Tornado, ,EF0,0,0,0,0,IL,CST-6, ,189632,C,83,LSX,0,0,NWS Storm Survey, ,2.28,75,1,SW,1,ESE,FIDELITY,03/14/2024,646,39.137,-90.187,39.143,-90.146,"A weak tornado touched down 1.7 miles southwest of Fidelity in Jersey County, on Bowman Station Road. In this location is destroyed a small shed, snapped off several trees and tree limbs and damaged a power pole. It then tracked east northeast. As it crossed Fidelity Road it tore a carport off of a house and threw it into a nearby field. A bit further east it caused minor roof damage to a farm house, uprooted a large tree and caused damage to two older brick grain silos. Then the tornado tracked east into Macoupin County. The tornado was rated EF0 in Jersey County with a path length of 2.28 miles and a max path width of 75 yards. No deaths or injuries were reported.","Just after sunrise, a quasi-linear convective system (QLCS) produced five confirmed EF-0 tornadoes. Four of these occurred in rural south-central Illinois, and another tracked through Charlack, Missouri in northern St. Louis County. No reported injuries or fatalities with these tornadoes. Also, there were a few reports of damaging winds and large hail.",159
1168733,ST. LOUIS CO.,HANLEY HILLS,03/14/2024,646,Tornado, ,EF0,0,0,0,0,MO,CST-6, ,189633,C,189,LSX,0,0,NWS Storm Survey, ,0.1,50,1,W,0,WNW,HANLEY HILLS,03/14/2024,647,38.7015,-90.3398,38.702,-90.338,"A weak tornado touched down 3.7 miles southeast of Lambert International Airport, on Lackland Road. As it tracked to the northeast, it snapped off several large trees and caused minor shingle, soffit and gutter damage to two houses. Another home sustained moderate siding damage. Overall, the tornado was rated EF0 with a path length of 0.10 miles and a maximum width of 50 yards. The maximum sustained winds were estimated to be near 75 mph. No deaths or injuries were reported.","Just after sunrise, a quasi-linear convective system (QLCS) produced five confirmed EF-0 tornadoes. Four of these occurred in rural south-central Illinois, and another tracked through Charlack, Missouri in northern St. Louis County. No reported injuries or fatalities with these tornadoes. Also, there were a few reports of damaging winds and large hail.",160
1168731,JERSEY CO.,DELHI,03/14/2024,646,Tornado, ,EF0,0,0,0,0,IL,CST-6, ,189632,C,83,LSX,0,0,NWS Storm Survey, ,0.39,200,5,ENE,5,SSE,FIDELITY,03/14/2024,647,39.071,-90.152,39.074,-90.146,"A weak tornado touched down 2.3 miles north northwest of Brighton in Jersey County, on W. Miles Station Road. In this area it destroyed a small outbuilding and damaged a pickup truck that was parked in it. It also caused minor to moderate roof damage to at least 4 other outbuildings, destroyed another small outbuilding and snapped off a couple of trees. As it tracked to the northeast, it crossed into Macoupin County. In Jersey County, the tornado was rated EF0 with a path length of  0.39 miles and a max path width of 200 yards.","Just after sunrise, a quasi-linear convective system (QLCS) produced five confirmed EF-0 tornadoes. Four of these occurred in rural south-central Illinois, and another tracked through Charlack, Missouri in northern St. Louis County. No reported injuries or fatalities with these tornadoes. Also, there were a few reports of damaging winds and large hail.",161
1168704,MACOUPIN CO.,MEDORA,03/14/2024,646,Tornado, ,EF0,0,0,0,0,IL,CST-6, ,189632,C,117,LSX,0,0,NWS Storm Survey, ,1.62,75,2,SSW,2,N,PIASA,03/14/2024,648,39.143,-90.146,39.143,-90.116,"As it moved into Macoupin County it crossed Illinois Route 111, just north of the intersection with Three Trees Road. As it crossed Piasa Road, it damaged a farm outbuilding and threw debris to the south in a nearby field. Then before lifting and dissipating 2.7 miles southeast of Fidelity, it snapped off a few large tree limbs. In Macoupin County the tornado was rated EF0 with a path length of 1.62 miles and a max path width of 75 yards. Overall, the tornado was rated EF0 with a path length of 3.90 miles and a max path width of 75 yards. No deaths or injuries were reported.","Just after sunrise, a quasi-linear convective system (QLCS) produced five confirmed EF-0 tornadoes. Four of these occurred in rural south-central Illinois, and another tracked through Charlack, Missouri in northern St. Louis County. No reported injuries or fatalities with these tornadoes. Also, there were a few reports of damaging winds and large hail.",162
1168732,MACOUPIN CO.,BRIGHTON,03/14/2024,647,Tornado, ,EF0,0,0,0,0,IL,CST-6, ,189632,C,117,LSX,0,0,NWS Storm Survey, ,2.36,200,3,NNW,2,SSE,PIASA,03/14/2024,648,39.074,-90.146,39.088,-90.106,"After crossing into Macoupin County it damaged a small outbuilding throwing the debris west into a field that was just over the county line in Jersey County. As it continued to the northeast it crossed Illinois Route 111 uprooting a large tree. Before lifting and dissipating 3.8 miles north northeast of Brighton, it snapped off several power poles along Bachman Road. In Macoupin County the tornado was rated EF0 with a path length of 2.36 miles and a max path width of 200 yards. Overall, the tornado was rated EF0 with a path length of 2.75 miles and a max path width of 200 yards. No deaths or injuries were reported.","Just after sunrise, a quasi-linear convective system (QLCS) produced five confirmed EF-0 tornadoes. Four of these occurred in rural south-central Illinois, and another tracked through Charlack, Missouri in northern St. Louis County. No reported injuries or fatalities with these tornadoes. Also, there were a few reports of damaging winds and large hail.",163
1168736,MACOUPIN CO.,MACOUPIN STATION,03/14/2024,658,Tornado, ,EF0,0,0,0,0,IL,CST-6, ,189632,C,117,LSX,0,0,NWS Storm Survey, ,2.13,100,2,ENE,4,E,MACOUPIN STATION,03/14/2024,700,39.231,-89.941,39.222,-89.904,"A weak tornado touched down 4.7 miles southwest of Carlinville on Shipman Road. At this location, it damaged a couple of small sheds, snapped off several large tree limbs, blew down a large tree and caused minor shingle damage to a house. As the tornado tracked to the southeast, it snapped off several more tree limbs and caused minor roof damage to another house on Stagecoach Road before lifting and dissipating 4.2 miles south southeast of Carlinville. Overall, the tornado was rated EF0 with a path length of 2.13 miles and a maximum width of 100 yards. The maximum sustained winds were estimated to be near 80 mph. No deaths or injuries were reported.","Just after sunrise, a quasi-linear convective system (QLCS) produced five confirmed EF-0 tornadoes. Four of these occurred in rural south-central Illinois, and another tracked through Charlack, Missouri in northern St. Louis County. No reported injuries or fatalities with these tornadoes. Also, there were a few reports of damaging winds and large hail.",164
1176014,BRECKINRIDGE CO.,RAYMOND,03/14/2024,932,Tornado, ,EF0,0,0,0,0,KY,CST-6, ,190521,C,27,LMK,0,0,NWS Storm Survey, ,0.46,20,1,E,1,ESE,RAYMOND,03/14/2024,933,37.9278,-86.3549,37.9246,-86.3476,"On March 14th at approximately 9:32 PM CST, radar data showed a Tornado Debris Signature (TDS) at around 2,000 feet just east of Finley and Norton Road on Highway 477. Two minutes later the TDS was larger and reached to around 3,000 feet just under a mile away to the east-southeast, still near Highway 477. ||A National Weather Service storm damage assessment survey was conducted on Thursday, March 21st, in the area of the TDS. In addition to walking the area, information was also gathered using a drone and from talking with an area homeowner. In the following weeks, additional information was gathered from other property owners. ||Just north of Highway 477, about halfway between Finley and Norton Road and Horsley Ridge Lane, the first area of damage was located. The woodline sticks out into the field separating two corn fields. At this point, a large dead tree was blown towards the southeast into the field. From here, the tornado crossed Highway 447. No damage was observed to the power lines or poles along the highway.||After crossing another large cut corn field, the tornado approached a residence on the southwest side of Highway 477. The tornado overturned a small old wood shed to the south-southwest. Winds are estimated to have been between 65-70 mph. A piece of |lumber from the shed was found 60 yards to the south of where the shed originated. ||For the next 100 yards or so, there was a scattering of aluminum housing trim that came from a pile near an outbuilding, but there was also a path of corn stover and lots of broken limbs from several dead trees in the area. Near the end of this path of light|debris, a large dead tree was uprooted and blown to the south. This was the most impressive damage from the tornado with estimated winds of 75 mph. Also in the area, an aluminum piece of gutter was bent around a small tree. ||Around 65 yards to the east-southeast, another smaller tree was freshly uprooted and fell to the east. This was the last area of observed damage from the tornado.","On March 14, 2024, in the warm sector ahead of a cold front, a supercell formed on the southern side of a convective line moving east through central Indiana. As the supercell moved east across southern Indiana and northern Kentucky, it produced a tornado which formed near Hanover, Indiana, crossed the Ohio River into Milton, Kentucky, and then crossed the Ohio River two more times before ending east of Carrollton, Kentucky. This tornado reached a maximum strength of 115 mph (EF2) and was on the ground for over 18 miles.||Later that night, ahead of the cold front, a line of thunderstorms brought down multiple  trees and a few power lines. It also produced a weak tornado in Breckinridge County. Multiple reports of severe hail were also received from across the region.",165
1163022,MCINTOSH CO.,BURNEY,03/14/2024,1244,Tornado, ,EF0,0,0,10000,0,OK,CST-6, ,188867,C,91,TSA,0,0,NWS Storm Survey, ,2.7,350,2,W,1,N,BURNEY,03/14/2024,1247,35.4302,-95.8635,35.451,-95.8237,"This tornado developed just south of I-40, about half a mile east of the Okmulgee/McIntosh County line. It moved northeast snapping large tree limbs and damaging an outbuilding, before dissipating prior to reaching Lake Eufaula. The tornado was reported by a storm chaser, who recorded it after it crossed I-40. Based on this damage, maximum estimated wind in the tornado was 75 to 80 mph.","Severe thunderstorms developed across eastern Oklahoma on the 14th, as a cold front moved through the area. The combination of very strong instability and strong deep-layer wind shear resulted in some supercell thunderstorms developing. The strongest storms produced very large hail to grapefruit size, damaging wind gusts, and a tornado.",166
1171148,JEFFERSON CO.,ANTIOCH GRANGE,03/14/2024,1258,Tornado, ,EF1,0,0,0,0,IN,EST-5, ,189317,C,77,LMK,0,0,NWS Storm Survey, ,2.23,200,0,NNW,2,E,ANTIOCH GRANGE,03/14/2024,1302,38.7359,-85.4744,38.7295,-85.4339,"The National Weather Service in Louisville, KY in coordination with the National Weather Service in Wilmington, OH conducted a 2 day storm damage assessment survey. The survey found a 18.6 mile long EF-2 tornado with peak winds of 115 mph occurred on the afternoon of March 14, 2024. The tornado was on the ground for 26 minutes as it touched down 1 mile north of Hanover, IN, and lifted just east of Carrollton, KY. The tornado crossed the Ohio River three times as it started in Jefferson County, IN, crossed the Ohio River into Trimble County, KY, entered Carroll County, KY, crossed the Ohio River back into Jefferson County, IN, crossed into Switzerland County, IN, and crossed the Ohio River for the last time before entering Carroll County, KY. The tornado was 500 yards wide at its maximum.||The tornado touched down on Paradise Lane off of Highway 256 on the north side of Hanover, Indiana. the tornado caused shingle and gutter damage, and a couple of large limbs down. The tornado was initially 80 mph, EF-0, with a width of 60 yards. It increased to 90 mph, EF-1, on County Manor Boulevard, taking a roof off a home|with sections of the roof twisted around limbs and trees. The width increased to 80 yards.||In the area by Birch St. and Ash Dr, the tornado did sporadic tree damage with a few topped and uprooted trees. The width remained at 80 yards and wind speed were EF-0, 80 mph.||Next the tornado did extensive damage in Jefferson Manor subdivision. Several homes had extensive roof damage and one newer house had the roof completely ripped off. A 1500 pound brick mailbox was knocked over. Several garages sustained major damage|and one outbuilding was destroyed. National Weather Service drone photography showed debris thrown up to an eight of a mile. The tornado was 110 mph, EF-1, with a width of 150 yards at this spot.||The tornado crossed Indiana 56 and did extensive tree damage on South Revonah Dr. Trees were snapped, uprooted, and twisted in multiple directions. Witnesses saw the tornado, had photography, and heard a loud wind and had their ears pop. Wind speeds of 90 mph EF-1, with a width of 200 yards. There were also some uprooted|trees along River Bottom Road. ||The tornado crossed the Ohio River between River Bottom Road on the Indiana side and Coopers Bottom Road on the Kentucky side, just south of the Clifty Creek Power Plant.","On March 14, 2024, in the warm sector ahead of a cold front, a supercell formed on the southern side of a convective line moving east through central Indiana. As the supercell moved east across southern Indiana and northern Kentucky, it produced a tornado which formed near Hanover, Indiana, crossed the Ohio River into Milton, Kentucky, and then crossed the Ohio River two more times before ending east of Carrollton, Kentucky. This tornado reached a maximum strength of 115 mph (EF2) and was on the ground for over 18 miles.||Later that night, ahead of the cold front, a line of thunderstorms brought down multiple  trees and a few power lines. Multiple reports of severe hail were also received from across the region.",167
1171166,TRIMBLE CO.,MILTON,03/14/2024,1302,Tornado, ,EF2,0,2,0,0,KY,EST-5, ,190521,C,223,LMK,0,0,NWS Storm Survey, ,5.78,500,4,W,2,E,MILTON,03/14/2024,1308,38.7295,-85.4339,38.7231,-85.327,"The National Weather Service in Louisville, KY in coordination with the National Weather Service in Wilmington, OH conducted a 2 day storm damage assessment survey. The survey found a 18.6 mile long EF-2 tornado with peak winds of 115 mph occurred on the afternoon of March 14, 2024. The tornado was on the ground for 26 minutes as it touched down 1 mile north of Hanover, IN, and lifted just east of Carrollton, KY. The tornado crossed the Ohio River three times as it started in Jefferson County, IN, crossed the Ohio River into Trimble County, KY, entered Carroll County, KY, crossed the Ohio River back into Jefferson County, IN, crossed into Switzerland County, IN, and crossed the Ohio River for the last time before entering Carroll County, KY. The tornado was 500 yards wide at its maximum.||The tornado crossed the Ohio River between River Bottom Road on the Indiana side and Coopers Bottom Road on the Kentucky side, just south of the Clifty Creek Power Plant. After the tornado crossed the river, the next observed damage was along Race Track Road. There was extensive tree damage, consisting of uprooted, topped, and twisted trees facing in all directions. Two greenhouses had the plastic roofing material thrown several hundred yards. Three well-built barns next to the greenhouses sustained no damage, nor did the farmhouse. NWS drone photography showed distinct tree damage and greenhouse debris. The tornado was 80 to 85 mph, EF0, with a|width of around 200 yards.||The tornado then started moving more to the northeast and damaged roof panels on some older barns at the end of Detmer Lane. The  tornado was 85 mph, EF0, with a width of 250 yards.||At this point, the tornado came down the large hill overlooking Milton and widened significantly, moving parallel to the sharpest curve on US 421. Half of the tornado was over the Ohio River and the other half was just north of US 421 mainly along Coopers|Bottom Road. There was a plethora of tree damage all the way to the Milton-Madison Bridge. The tornado was 90 mph, EF1, with a width of around 400 yards. Some of the most dramatic tornado video shows the tornado partially over the Ohio River, sucking up water and throwing it in all directions.||EF-0 and EF-1 damage continued as the southern half of the funnel entered Milton, doing roof and structural damage to numerous homes and businesses. In addition, numerous hardwood trees were either snapped or uprooted. Just east of downtown Milton, a large brick home under renovation had a large section of its back wall blown|out, with estimated winds of 105 mph, which was a bit stronger than points to the west. Noted strengthening occurred over the next mile eastward as more concentrated medium to high end EF-1 damage was noted. Evidence that the center of the tornado was still out over water at this point was strong, given that the downed trees were facing toward the river in almost all instances from Milton eastward until Paradise Point along Highway 36 about 1 mile east of downtown Milton.||The center of the tornado finally came on shore at Paradise Point and was immediately at low-end EF-2 strength as several large campers and a motorhome were demolished. One tri-axle camper weighing well over 10,000 pounds was rolled and thrown over 100 yards to the ESE, with debris scattered much farther downstream. Just across Highway 36, a well-built single family residence sustained major roof damage as half of the structure was removed by the tornado. This was also rated at EF-2 strength with winds of 115 mph. Just east of that house, a semi trailer was rolled, a large barn was  completely collapsed and shifted, and nearly every tree was snapped in a grove. This was a notable uptick in intensity from areas to the west as snapped trees were more sporadic in those areas. This was more justification for the increase to EF-2. It was at this point that a clear northern portion of the tornado track became evident as downed trees along Highway 36 were laying in a SE direction, pointing inward toward the center of the circulation. It was unclear just how wide the tornado was as it crossed through Milton, since half of the funnel was out over water, however the tornado was around 500 yards wide (roughly a third of a mile) by the time it reached the Trimble/Carroll county line at North Spillman Lane. EF-1/EF-2 intensity remained here as a large span of telephone polls were snapped.","On March 14, 2024, in the warm sector ahead of a cold front, a supercell formed on the southern side of a convective line moving east through central Indiana. As the supercell moved east across southern Indiana and northern Kentucky, it produced a tornado which formed near Hanover, Indiana, crossed the Ohio River into Milton, Kentucky, and then crossed the Ohio River two more times before ending east of Carrollton, Kentucky. This tornado reached a maximum strength of 115 mph (EF2) and was on the ground for over 18 miles.||Later that night, ahead of the cold front, a line of thunderstorms brought down multiple  trees and a few power lines. It also produced a weak tornado in Breckinridge County. Multiple reports of severe hail were also received from across the region.",168
1160988,CARROLL CO.,LOCUST,03/14/2024,1308,Tornado, ,EF2,0,0,50000,0,KY,EST-5, ,188482,C,41,ILN,0,0,NWS Storm Survey, ,5.51,500,4,WNW,1,ENE,LOCUST,03/14/2024,1315,38.7238,-85.3275,38.7075,-85.2274,"The tornado first developed in Jefferson County, Indiana, at 1258EST, on the north side of Hanover. The tornado moved east across the Ohio River into Trimble County, Kentucky, and then into Carroll County at 1308EST. ||There was extensive tree damage just inside of western Carroll County where winds were estimated to be 115 mph, EF-2 strength, before weakening across the rugged Fairview ridge. There was one large barn along Hampton Road that had extensive roof paneling damage and a door blown out. Wind speeds here were estimated to be 90 mph, EF-1. There was a lot of topped tree damage along Locust Creek and Kentucky State Route 36, where wind speeds were estimated to be 85 mph, EF-0.||At 1315EST, the tornado moved across the Ohio River again and back into Jefferson County, Indiana. The tornado continued east across southwest Switzerland County, Indiana, before crossing the Ohio River one more time and moving back into Carroll County, Kentucky, and ending at 1324EST, 2 miles east of Carrollton.","Thunderstorms developed in an unseasonably warm and humid airmass ahead of an approaching cold front.",169
1171160,JEFFERSON CO.,BROOKSBURG,03/14/2024,1315,Tornado, ,EF2,0,0,0,0,IN,EST-5, ,189317,C,77,LMK,0,0,NWS Storm Survey, ,1.42,400,2,SE,3,SE,BROOKSBURG,03/14/2024,1318,38.7072,-85.2263,38.7005,-85.2015,"The National Weather Service in Louisville, KY in coordination with the National Weather Service in Wilmington, OH conducted a 2 day storm damage assessment survey. The survey found a 18.6 mile long EF-2 tornado with peak winds of 115 mph occurred on the afternoon of March 14, 2024. The tornado was on the ground for 26 minutes as it touched down 1 mile north of Hanover, IN, and lifted just east of Carrollton, KY. The tornado crossed the Ohio River three times as it started in Jefferson County, IN, crossed the Ohio River into Trimble County, KY, entered Carroll County, KY, crossed the Ohio River back into Jefferson County, IN, crossed into Switzerland County, IN, and crossed the Ohio River for the last time before entering Carroll County, KY. The tornado was 500 yards wide at its maximum.||After exiting Carroll County, KY, the tornado crossed the Ohio River for a second time, and increased significantly at the Route 56 Campground. The tornado snapped dozens of trees. The 400 yard wide twister knocked over several RV trailers, and lifting them in the air and wrapping two around trees. The team looked up owner's manuals to determine that actual weight of the various types of trailers. One trailer in particular was a 46-footer, and weighed about 14000 pounds, and was knocked over and moved 5 inches.||Numerous boat ports, had anchor supports pulled out of the ground, including several buried in a foot of concrete. Debris from the RV park was thrown onto Highway 56 and well beyond into the trees on the north side of the highway. Outbuildings and small barns were destroyed. Wind speeds at the RV Park were 115 mph, EF-2.||The tornado crossed in Switzerland county near Green Valley Road.","On March 14, 2024, in the warm sector ahead of a cold front, a supercell formed on the southern side of a convective line moving east through central Indiana. As the supercell moved east across southern Indiana and northern Kentucky, it produced a tornado which formed near Hanover, Indiana, crossed the Ohio River into Milton, Kentucky, and then crossed the Ohio River two more times before ending east of Carrollton, Kentucky. This tornado reached a maximum strength of 115 mph (EF2) and was on the ground for over 18 miles.||Later that night, ahead of the cold front, a line of thunderstorms brought down multiple  trees and a few power lines. Multiple reports of severe hail were also received from across the region.",170
1160989,SWITZERLAND CO.,VEVAY ROBINSON ARPT,03/14/2024,1318,Tornado, ,EF1,0,0,250000,0,IN,EST-5, ,188480,C,155,ILN,0,0,NWS Storm Survey, ,2.59,500,0,WNW,2,ENE,LAMB,03/14/2024,1322,38.7004,-85.2018,38.6927,-85.1549,"The tornado first developed in Jefferson County, Indiana, at 1258EST, on the north side of Hanover. The tornado moved east across the Ohio River into Trimble County, Kentucky, and then into Carroll County, Kentucky, before crossing the Ohio River again and moving back into Jefferson County, Indiana. The tornado continued east and entered Switzerland County at 1318EST. ||While in Switzerland County, the tornado damaged three barns along Green Valley Road. All the barns sustained significant roof panel damage. Some trees were also uprooted and numerous other trees were topped and snapped. The tornado continued  east and caused widespread tree damage on the north hillside along State Route 56. The tornado did extensive power pole and powerline damage, along with tree damage, near the intersection of Patton Hollow Road and State Route 56. Wind speeds were estimated to be 90 mph here with a tornado width of 150 yards. From here, the tornado moved out of Switzerland County at 1322EST as it crossed the Ohio River for a third time, going back into Carroll County, Kentucky. Once in Carroll County, the tornado quickly weakened and ended at 1324EST, 2 miles east of Carrollton.","Thunderstorms developed in an unseasonably warm and humid airmass ahead of an approaching cold front.",171
1164886,CARROLL CO.,PRESTONVILLE,03/14/2024,1322,Tornado, ,EF0,0,0,20000,0,KY,EST-5, ,188482,C,41,ILN,0,0,NWS Storm Survey, ,0.44,150,2,ENE,2,NE,CARROLLTON,03/14/2024,1324,38.6927,-85.1549,38.6906,-85.1418,"The tornado first developed in Jefferson County, Indiana, at 1258EST, on the north side of Hanover. The tornado moved east across the Ohio River into Trimble County, Kentucky, and then into Carroll County, Kentucky, at 1308EST.  The tornado moved across the Ohio River again and back into Jefferson County, Indiana, and then  Switzerland County, Indiana, before crossing the Ohio River one more time and moving back into Carroll County, Kentucky, at 1322EST, just east of Carrollton on US 42. The tornado was very narrow at this point and produced some sporadic tree damage before ending at 1324EST.  Wind speeds were estimated to be around 75 mph, EF-0. The Kentucky Mesonet site 2E of Carrollton measured 68 mph as the weakening tornado lifted.","Thunderstorms developed in an unseasonably warm and humid airmass ahead of an approaching cold front.",172
1157335,CHRISTIAN CO.,MC CRACKEN,03/14/2024,1440,Tornado, ,EF0,0,0,15000,0,MO,CST-6, ,188306,C,43,SGF,0,0,NWS Storm Survey, ,0.96,50,1,NNW,2,N,MC CRACKEN,03/14/2024,1441,37.029,-93.174,37.042,-93.17,"Intermittent tornado path with EF-0 damage occurred just northeast of Ozark. The tornado traveled one mile with a maximum width of 50 yards. Multiple trees were uprooted or snapped along the path. The tornado also damaged a barn and outbuilding.","A cluster of severe thunderstorms moved through southern Missouri during the afternoon and evening hours on the 14th. A swath of damaging winds occurred along with intermittent large hail and one weak tornado.",173
1157001,ADAMS CO.,CEYLON,03/14/2024,1740,Tornado, ,EF1,0,0,0,0,IN,EST-5, ,188301,C,1,IWX,0,0,NWS Storm Survey, ,0.98,450,7,ESE,8,ESE,CEYLON,03/14/2024,1745,40.5743,-84.8211,40.5732,-84.8025,"The tornado initially began over an open field north of the intersection of East County Road 1200 South and South County Road 600 East and moved east towards the Indiana/Ohio state line. Damage was limited to an outbuilding, some tree damage and shingle damage to a home along East 1200 South in Adams County, Indiana. The tornado then entered Mercer County, Ohio.","A second round of thunderstorms on this date resulted in a couple instances of damaging wind gusts. A third and final round of thunderstorms late in the afternoon resulted in large hail up to 2 and a few reports of wall clouds in Wells and Grant Counties.",174
1161942,MERCER CO.,WABASH,03/14/2024,1745,Tornado, ,EF1,0,0,250000,0,OH,EST-5, ,188481,C,107,ILN,0,0,NWS Storm Survey, ,8.36,450,4,WNW,3,E,DURBIN,03/14/2024,1755,40.57,-84.815,40.5555,-84.6418,"The tornado initially began at 1740EST over an open field in Adams County, Indiana, north of the intersection of East County Road 1200 South and South County Road 600 East and moved east toward the Indiana/Ohio State line.||The tornado entered Mercer County, Ohio, at 1745EST, along Skeels Road, where minor damage was observed to a house. The most confident corridor of EF-1 tornado damage, estimated to be around 100 mph, occurred shortly after the tornado developed. Most of the damage was confined to a few properties south of the intersection of Skeels Road and State Route 49. Several outbuildings were completely destroyed and one house received some roof damage. The tornado continued eastward and followed Carmel Church Road, where it caused numerous tree and additional outbuilding damage. ||A more southeast motion of the tornado started at the intersection of Carmel Church Road and Erastus Durbin Road. Additional damage was observed between this location and the intersection of Now and Mud Pike Roads. The final corridor of damage was observed along Mud Pike Road and toward the intersection at State Route 118, where several homes were damaged. The tornado dissipated east of this location.","Thunderstorms developed in an unseasonably warm and humid airmass ahead of an approaching cold front.",175
1163362,COLLIN CO.,ROCKHILL,03/14/2024,1759,Tornado, ,EF0,0,0,25000,0,TX,CST-6, ,189143,C,85,FWD,0,0,NWS Storm Survey, ,0.2,15,1,SE,1,ESE,ROCKHILL,03/14/2024,1800,33.19,-96.81,33.19,-96.8,"A brief EF-0 tornado formed on the UNT Frisco campus damaging a few signs and moving a car. The tornado then quickly moved northeast, crossing Preston Road, where it uprooted some young trees and broke additional tree limbs. The tornado dissipated soon after that, before reaching the Camden Panther Creek Apartments. Maximum winds with this tornado were 85 mph. The tornado was initially confirmed by video.","Scattered storms formed ahead of a dryline and cold front on the afternoon and night of March 14th, producing hail near and east of I-35 and north of I-20. 3 inch hail was reported west of Roanoke. Wind damage was reported in Collin County. A tornado briefly touched down just north of Frisco Thursday evening. Flash flooding was also observed with heavier training storms in Lamar County.",176
1161959,MERCER CO.,CELINA,03/14/2024,1800,Tornado, ,EF1,0,0,500000,0,OH,EST-5, ,188481,C,107,ILN,0,0,NWS Storm Survey, ,6.09,1050,0,N,3,SSE,NEPTUNE,03/14/2024,1808,40.55,-84.57,40.566,-84.456,"The tornado initially began in the city of Celina, a couple of blocks east of North Main Street, along East Anthony Street. A few houses received light damage to roofs and a few trees were knocked down. Additional light tree debris was noted along East Anthony Street toward College Avenue. The tornado continued eastward, causing tree and minor roofing damage to houses on Devonshire and Cumberland Drive. One house on Devonshire Drive had more significant roof damage. The tornado moved east from there, causing damage to the Menards store and Eastview Park, before crossing State Route 29. Sporadic tree damage was found between State Route 703 and State Route 29 as the tornado continued east. A few homes on Long Pine Drive and surrounding courts were damaged.||As the tornado neared Riley Road, it took on a more northeast motion, damaging several buildings south of State Route 29 before crossing from south to north. Damaged outbuildings, homes, and snapped/uprooted trees were then observed along Four Turkey Road north of State Route 29. After the tornado crossed State Route 29, the width of observed damage grew quite significantly, suggesting the circulation of the tornado grew. The observed damage, mostly consisting of damaged out-buildings, a few houses, and numerous trees, indicated an intensification of the tornado as well, with a swath of EF-1 damage stretching from Four Turkey Road to the Mercer/Auglaize County line. The tornado entered Auglaize County at 1808EST and continued east across the western part of the county before ending between Bay Road and Kettlersville Road at 1824EST.","Thunderstorms developed in an unseasonably warm and humid airmass ahead of an approaching cold front.",177
1161963,AUGLAIZE CO.,VILLA NOVA,03/14/2024,1808,Tornado, ,EF1,0,0,250000,0,OH,EST-5, ,188481,C,11,ILN,0,0,NWS Storm Survey, ,9.86,1050,2,WNW,2,NE,MOULTON,03/14/2024,1824,40.566,-84.456,40.5675,-84.2681,"The tornado initially began in the city of Celina in Mercer County, Ohio, at 1800EST. It moved east and entered Auglaize County, just north of State Route 29 at 1808EST. The tornado continued east, producing EF1 damage from the county line to around the intersection of State Route 116 and Markey Road, where the observed damage consisted mostly of damaged out-buildings, a few damaged houses, and numerous downed trees. ||To the east of State Route 116, the tornado began to slowly contract in size as it continued eastward. Radar data showed a steady eastward motion with the circulation remaining intact for seven additional miles. The observed damage during this portion of the tornado was mostly tree related. The final observed damage was found along Bay Road, north of U.S. Route 33.","Thunderstorms developed in an unseasonably warm and humid airmass ahead of an approaching cold front.",178
1166700,HANCOCK CO.,WEST INDEPENDENCE,03/14/2024,1809,Tornado, ,EFU,0,0,0,0,OH,EST-5, ,189802,C,63,CLE,0,0,NWS Storm Survey, ,0.06,50,4,S,4,S,WEST INDEPENDENCE,03/14/2024,1810,41.0276,-83.4217,41.0276,-83.4205,"Based on several social media photos and videos, eyewitness reports, and law enforcement reports, an intermittent tornado of unknown intensity began just southwest of the intersection of Township Roads 6, 7, 11, and 57 in far-eastern Hancock County, southwest of Alvada. The tornado tracked east-southeastward and entered Seneca County after crossing Township Road 11. Maximum width was estimated because no damage path was found.","A cold front drifted south-southeastward from near the northern shore of Lake Erie and southern Lower MI to near the southern shore of Lake Erie and far-northwestern OH during the evening of the 14th as a warm and relatively-moist sector preceded the front in northern OH. Multicell and supercell thunderstorms occurred along and ahead of the front, and persisted generally eastward. Severe hail, some large, and isolated straight-line convective wind damage occurred as the storms encountered weak to moderate MUCAPE, relatively-steep midlevel lapse rates near 7C/km, and moderate to strong effective bulk shear. Three separate supercells spawned a tornado amidst favorably-strong, surface-based effective storm relative helicity and favorably-low mixed layer lifting condensation levels less than 1500 meters AGL. The training supercell thunderstorms with heavy rainfall produced isolated flash flooding as well.",179
1166701,SENECA CO.,ALVADA,03/14/2024,1810,Tornado, ,EFU,0,0,0,0,OH,EST-5, ,189802,C,147,CLE,0,0,NWS Storm Survey, ,1.23,50,2,SW,2,S,ALVADA,03/14/2024,1812,41.0276,-83.4205,41.0263,-83.397,"Based on several social media photos and videos, eyewitness reports, and law enforcement reports, an intermittent tornado of unknown intensity tracked east-southeastward from Hancock County into Seneca County before dissipating just southeast of Township Road 6 and U.S. Route 23. This tornado occurred about two-miles south of Alvada. The maximum width was estimated because no damage path was found.","A cold front drifted south-southeastward from near the northern shore of Lake Erie and southern Lower MI to near the southern shore of Lake Erie and far-northwestern OH during the evening of the 14th as a warm and relatively-moist sector preceded the front in northern OH. Multicell and supercell thunderstorms occurred along and ahead of the front, and persisted generally eastward. Severe hail, some large, and isolated straight-line convective wind damage occurred as the storms encountered weak to moderate MUCAPE, relatively-steep midlevel lapse rates near 7C/km, and moderate to strong effective bulk shear. Three separate supercells spawned a tornado amidst favorably-strong, surface-based effective storm relative helicity and favorably-low mixed layer lifting condensation levels less than 1500 meters AGL. The training supercell thunderstorms with heavy rainfall produced isolated flash flooding as well.",180
1166417,AUGLAIZE CO.,FRYBURG,03/14/2024,1829,Tornado, ,EF3,0,2,1000000,0,OH,EST-5, ,188481,C,11,ILN,0,0,NWS Storm Survey, ,9.19,1000,1,W,3,ESE,GUTMAN,03/14/2024,1843,40.5193,-84.1664,40.497,-83.994,"The tornado began immediately east of Interstate 75, south of Wapakoneta, where it damaged a farm on the west side of Cemetery Road. Video shared on social media showed the tornado rapidly strengthened west of Glacier Hill Lakes RV Resort, causing significant damage to a grove of trees west of the resort. After crossing a field, the tornado moved through the center of the resort, lofting campers and snapping trees. Two individuals at the resort suffered injuries that required hospitalization. The tornado continued eastward toward Wapak-Freyburg Road and caused significant damage to the Resort clubhouse and residential homes on the west side of the road. The collective damage done to the trees and buildings within this corridor of damage justified wind estimates of 140 mph, EF-3. The tornado moved into an open field east of Wapak-Freyburg Road at an unknown intensity. ||Three-tenths of a mile south of Pusheta Road, the tornado caused significant tree damage to three separate groves of trees as it neared Town Line Road. Aerial images provided by the Auglaize County EMA/CERT confirmed the tornado was still strong, at least EF-2 strength, south of Pusheta Road. The tornado likely remained fairly strong as it impacted homes and outbuildings along Town Line Road, Ashburn Road, and Geyer Road. A brief weakening period, or narrowing of the tornado was observed near Geyer, where the tornado remained mainly over open fields. ||The next period of intensification occurred between State Route 65 and Valley Road. Damage to a few homes and outbuildings, along with significant damage to a few groves of trees confirmed this period of intensification. The tornado began to make a more significant southeast turn between Wrestle Creek Road and Valley Road. The strong, likely EF2 tornado continued to move southeastward and entered Logan County at 1843EST, just north of Santa Fe. ||The tornado continued east-southeast across much of Logan County before ending at 1916EST, 3 miles west-southwest of West Mansfield.","Thunderstorms developed in an unseasonably warm and humid airmass ahead of an approaching cold front.",181
1166699,HANCOCK CO.,MT CORY,03/14/2024,1830,Tornado, ,EF1,0,0,75000,0,OH,EST-5, ,189802,C,63,CLE,0,0,NWS Storm Survey, ,3.34,100,4,S,2,SW,JENERA,03/14/2024,1834,40.8763,-83.8087,40.8822,-83.7453,"An EF1 tornado with estimated peak winds of 105 mph tracked east-northeastward for about three-miles in Orange Township. The tornado began near the intersection of Township Roads 29 and 56 and ended near Township Road 60, just south of Township Road 32. The tornado damaged several homes and outbuildings during its lifespan.","A cold front drifted south-southeastward from near the northern shore of Lake Erie and southern Lower MI to near the southern shore of Lake Erie and far-northwestern OH during the evening of the 14th as a warm and relatively-moist sector preceded the front in northern OH. Multicell and supercell thunderstorms occurred along and ahead of the front, and persisted generally eastward. Severe hail, some large, and isolated straight-line convective wind damage occurred as the storms encountered weak to moderate MUCAPE, relatively-steep midlevel lapse rates near 7C/km, and moderate to strong effective bulk shear. Three separate supercells spawned a tornado amidst favorably-strong, surface-based effective storm relative helicity and favorably-low mixed layer lifting condensation levels less than 1500 meters AGL. The training supercell thunderstorms with heavy rainfall produced isolated flash flooding as well.",182
1165939,JEFFERSON CO.,MT VERNON,03/14/2024,1832,Tornado, ,EF1,0,0,700000,0,IL,CST-6, ,189631,C,81,PAH,0,0,NWS Storm Survey, ,0.5,150,2,NNW,2,S,IDLEWOOD,03/14/2024,1833,38.3445,-88.9175,38.3516,-88.9155,"A cell merger led to a brief tornado along IL Hwy 37. Two metal buildings had much of their roofs removed, bay doors blown out, and large portions of walls removed. Several buses inside sustained significant damage from debris with 6 out of 14 buses totaled. Building material was pulverized and embedded in the ground and adjacent walls downstream of the start of the damage with other debris wrapped around nearby trees, fences, and powerlines. A nearby metal building sustained roof damage. Trees were uprooted and snapped near the start and end of the path. Peak winds were estimated near 90 mph.","A cold front, which stretched from Oklahoma to Central Illinois over to Northern Ohio, progressed slowly through the Quad State region, with an MCS moving through during the evening hours. An early afternoon SGF sounding placed MLCAPE at around 2000 J/kg. Deep layer shear was 50-55 kts with 0-1 km shear of 30 kts with 200 m2/s2 SRH. In Southern Illinois, there were two lines that developed. The southern line had a more SW to NE orientation further south and was weaker than portions further south in SE Missouri and far W Kentucky. The northern line had a more west to east orientation near the I-64 corridor and was much more active. Jefferson County in particular had severe damaging wind reports, large hail, and a brief EF-1 tornado north of Mount Vernon which did significant damage to a bus depot and several of the buses inside. A microburst developed just east of that tornado, scattering debris from a metal building system. A second EF-1 tornado occurred in Wayne County northeast of Fairfield, snapping many pine trees, and causing a mobile home to lean over. Additional wind damage reports were received along the I-64 corridor.",183
1161519,DELAWARE CO.,SELMA,03/14/2024,1834,Tornado, ,EF2,0,0,4000000,0,IN,EST-5, ,188228,C,35,IND,0,0,NWS Storm Survey, ,4.47,175,3,W,2,E,SELMA ARPT,03/14/2024,1840,40.203,-85.3173,40.1848,-85.2371,"The tornado started northwest of Selma northwest of Truitt Rd damaging roofs|on homes. It then moved east southeast through Selma damaging a|number of homes, uprooting and snapping trees, and knocking over|some utility poles. Highest wind intensity in Selma, indicated by|extensive damage to a couple homes, was estimated at 120 mph, or|EF2 on the Enhanced Fujita Scale. Maximum path width through Selma|was about 125-175 yards.","Two rounds of thunderstorms in total brought severe weather to half of central Indiana's counties.  During the late morning to early afternoon hours on the 14th, a decaying line of storms brought prolific small hail and isolated wind damage to much of the state.||Severe weather returned when early evening rotating supercells produced widespread large hail across north central Indiana, which gradually spread towards the southeast when a supercell tracking east of Muncie produced additional large hail, damaging winds, and two strong tornadoes.  An EF2 impacted Selma in eastern Delaware County, before a long-track EF3 crossed much of Randolph County, with significant damage and one fatality in Winchester, before continuing into Ohio.  The governor of Indiana signed an executive order declaring both Delaware and Randolph Counties disaster zones.",184
1166418,LOGAN CO.,LAKEVIEW VAN HORN AR,03/14/2024,1843,Tornado, ,EF3,3,25,5000000,0,OH,EST-5, ,188481,C,91,ILN,0,0,NWS Storm Survey, ,22.14,1000,4,W,1,NW,NORTH GREENFIELD,03/14/2024,1916,40.497,-83.994,40.3932,-83.5918,"The tornado began in Auglaize County at 1829EST, 3 miles north of Botkins and moved  east-southeast, entering Logan County at 1843EST, just north of Santa Fe. Areas of signifincant tree damage occurred along the path of the tornado across northwest Logan County. ||The tornado strengthened as it approached the village of Lakeview, producing severe damage over much of the Lakeview area, beginning along Pine Street and Poplar Court. On Poplar Court, one single family residence was destroyed, with all walls collapsed. A corridor of severe damage continued directly southeast across Main Street, where wall collapse was noted along one business building and another well built construction was destroyed. Another single family home on North Oak Street, just to the east of U.S. Route 33 and west of Indian Lake, also had all walls collapsed from the tornado. The most significant damage occurred along this stretch of Lakeview, with maximum winds estimated to be up to 155 mph, or EF-3. The width of the tornado was a half mile at this point. Three fatalities and 25 injuries occurred in the Lakeview area. ||Damage, primarily of EF-2 magnitude, continued southeast of Lakeview, affecting areas near U.S. Route 33 and State Route 366. The survey team noted roofs removed from single family homes, several outbuildings destroyed and also destruction of numerous manufactured homes. One business near the intersection of U.S. Route 33 and Township Highway 239 had total wall collapse, indicative of 140 mph winds, or low end EF-3 damage. ||The tornado then crossed a portion of Indian Lake and moved across Orchard Island. Numerous manufactured homes were completely destroyed in a mobile home park area at Orchard Island, with the damage on Orchard Island rated as high end EF-2. ||The tornado moved over another section of Indian Lake, producing damage over a community on the eastern side of the lake, affecting Park Drive, Maple Street and Walnut Street. Several homes had their roofs completely removed, although most walls remained standing. ||The tornado continued to move to the southeast, crossing State Route 366 and State Route 117 to the north of Huntsville. The tornado had weakened to EF-1 intensity at this point, with hardwood tree damage and outbuilding damage or destruction noted. Damage became much more sporadic and weaker across eastern Logan County with some minor tree damage noted just southwest of West Mansfield. The tornado is believed to have dissipated near County Road 8, just east of State Route 292.","Thunderstorms developed in an unseasonably warm and humid airmass ahead of an approaching cold front.",185
1161518,RANDOLPH CO.,FARMLAND,03/14/2024,1850,Tornado, ,EF3,1,37,25000000,0,IN,EST-5, ,188228,C,135,IND,0,0,NWS Storm Survey, ,17.14,700,0,ESE,2,ENE,SOUTH SALEM,03/14/2024,1920,40.1785,-85.1251,40.1622,-84.807,"The Selma tornado lifted in the open area and fields between|eastern Delaware county to near Farmland before redeveloping. As it|moved through Rural Randolph county it bent or snapped numerous|utility poles along State Road 32. Also, a large blade on one of|the wind turbines in the area was badly damaged.||As the tornado entered Winchester, it severely damaged many homes|and snapped and uprooted trees in a west-to-east path through|Winchester. There was clear evidence of the tornado`s rotational|circulation, with uprooted trees pointed to the east on the|immediate south side of the tornado, and to the northwest on the|immediate north side of the tornado. The damage pattern also|indicated the possibility of small multiple vortices rotating|around the main vortex. In the residential core of the town, the|maximum intensity of the tornado was estimated around 130 mph or|high-end EF2 strength.||The greatest damage in Winchester occurred on the east side of|town at the Taco Bell, as the anchored building was destroyed, as|was a church immediately east of the restaurant. In this|concentrated area, the NWS Team estimated maximum winds of 155-165|mph, or high- end EF3 damage. Maximum path width in Winchester|was estimated at up to 0.4 mile or 700 yards.||Farther east across more rural eastern Randolph County, a few|structures had significant damage, debris was blown in fields,|many trees were snapped, and a silo was damaged, all indicative of|EF2 maximum damage in the 115-125 mph range.||The tornado continued to the Indiana-Ohio state line, with less|intense damage primarily to trees before crossing into Ohio.","Two rounds of thunderstorms in total brought severe weather to half of central Indiana's counties.  During the late morning to early afternoon hours on the 14th, a decaying line of storms brought prolific small hail and isolated wind damage to much of the state.||Severe weather returned when early evening rotating supercells produced widespread large hail across north central Indiana, which gradually spread towards the southeast when a supercell tracking east of Muncie produced additional large hail, damaging winds, and two strong tornadoes.  An EF2 impacted Selma in eastern Delaware County, before a long-track EF3 crossed much of Randolph County, with significant damage and one fatality in Winchester, before continuing into Ohio.  The governor of Indiana signed an executive order declaring both Delaware and Randolph Counties disaster zones.",186
1166697,CRAWFORD CO.,NEW WASHINGTON,03/14/2024,1854,Tornado, ,EF2,0,0,300000,0,OH,EST-5, ,189802,C,33,CLE,0,0,NWS Storm Survey, ,5.79,250,1,ENE,3,E,NORTH AUBURN,03/14/2024,1901,40.977,-82.8358,40.9692,-82.7252,"An EF2 tornado with estimated peak winds of 120 mph impacted Crawford County. This tornado began along Marsh Road, just northeast of New Washington, and tracked east-southeastward. The tornado damaged trees and homes as it moved across Auburn Township and then intensified as it tracked along Kenestrick Road, where multiple residences and outbuildings were damaged. The tornado destroyed a single wide manufactured home and an outbuilding before moving into Richland County.","A cold front drifted south-southeastward from near the northern shore of Lake Erie and southern Lower MI to near the southern shore of Lake Erie and far-northwestern OH during the evening of the 14th as a warm and relatively-moist sector preceded the front in northern OH. Multicell and supercell thunderstorms occurred along and ahead of the front, and persisted generally eastward. Severe hail, some large, and isolated straight-line convective wind damage occurred as the storms encountered weak to moderate MUCAPE, relatively-steep midlevel lapse rates near 7C/km, and moderate to strong effective bulk shear. Three separate supercells spawned a tornado amidst favorably-strong, surface-based effective storm relative helicity and favorably-low mixed layer lifting condensation levels less than 1500 meters AGL. The training supercell thunderstorms with heavy rainfall produced isolated flash flooding as well.",187
1163480,GARLAND CO.,MOUNTAIN VLY,03/14/2024,1857,Tornado, ,EF2,0,0,0,0,AR,CST-6, ,189144,C,51,LZK,0,0,NWS Storm Survey, ,4.77,1000,1,NW,1,ESE,HOT SPRINGS VILLAGE,03/14/2024,1910,34.64,-93.06,34.661,-92.98,"This tornado touched down just north of the Mountain Valley community near the intersection of Arkansas Highway 7 North and Casual Place. The tornado snapped multiple wooden utility poles in this area, indicating winds of 115 mph (EF-2) during the onset of the tornado. Extensive tree damage was noted as consistent with an EF-2 was observed as the tornado moved into the town of Hot Springs Village with an impressive number of snapped trunks and uprooted trees. Through this area, many homes sustained damage primarily from falling trees as opposed to direct tornado winds. This tornado was rated an EF-2 with maximum estimated winds of 115 mph within Garland County. This tornado continued into Saline County.","An Enhanced risk of severe weather was issued for a large part of northern and western Arkansas. The Enhanced risk would easily verify as a cold front careened into an unstable atmosphere in place across Arkansas. On March 14th, thunderstorms quickly developed ahead of the front with powerful updrafts and limited shear, but enough shear to produce a tornado in Hot Springs Village. Large hail and damaging winds became widespread across much of the state and the event turned into a flash flooding event as storms trained over the same locations across parts of central and southern Arkansas with efficient rainfall rates conducive for flash flooding.",188
1166698,RICHLAND CO.,NEW PITTSBURGH,03/14/2024,1901,Tornado, ,EF2,0,0,150000,0,OH,EST-5, ,189802,C,139,CLE,0,0,NWS Storm Survey, ,4.5,250,2,S,1,NW,LONDON,03/14/2024,1913,40.9692,-82.7252,40.963,-82.6394,"This EF2 tornado with estimated peak winds of 120 mph entered Richland County from Crawford County and tracked east-southeastward across southern portions of the Plymouth area. The tornado tracked near West and Opdyke Roads, and crossed OH-98, OH-61, and OH-191 before ending near Willet Road, between Opdyke Road and Richards Road. Extensive damage to homes, outbuildings, trees, and power poles occurred before the tornado dissipated.","A cold front drifted south-southeastward from near the northern shore of Lake Erie and southern Lower MI to near the southern shore of Lake Erie and far-northwestern OH during the evening of the 14th as a warm and relatively-moist sector preceded the front in northern OH. Multicell and supercell thunderstorms occurred along and ahead of the front, and persisted generally eastward. Severe hail, some large, and isolated straight-line convective wind damage occurred as the storms encountered weak to moderate MUCAPE, relatively-steep midlevel lapse rates near 7C/km, and moderate to strong effective bulk shear. Three separate supercells spawned a tornado amidst favorably-strong, surface-based effective storm relative helicity and favorably-low mixed layer lifting condensation levels less than 1500 meters AGL. The training supercell thunderstorms with heavy rainfall produced isolated flash flooding as well.",189
1163490,SALINE CO.,HOT SPRINGS VILLAGE,03/14/2024,1910,Tornado, ,EF2,0,0,0,0,AR,CST-6, ,189144,C,125,LZK,0,0,NWS Storm Survey, ,3.76,1000,1,SW,1,W,BLOCHER,03/14/2024,1919,34.661,-92.98,34.6828,-92.9193,"This tornado continued from Garland County into Saline County near Austurias Way in Hot Springs Village. As the tornado approached Montanoso Circle , the roof of a building along the bluff was blown off and thrown approximately 80 yards to the northeast indicating EF-2 damage (115 mph winds). The tornado then appeared to begin weakening as it continued with mainly EF-1 tree damage before lifting near the intersection of Danville Road and Saline County Road 23100. This tornado was rated an EF-2 with estimated maximum winds of 115 mph within Saline County. This tornado tracked for a total of 8.53 miles across the two counties.","An Enhanced risk of severe weather was issued for a large part of northern and western Arkansas. The Enhanced risk would easily verify as a cold front careened into an unstable atmosphere in place across Arkansas. On March 14th, thunderstorms quickly developed ahead of the front with powerful updrafts and limited shear, but enough shear to produce a tornado in Hot Springs Village. Large hail and damaging winds became widespread across much of the state and the event turned into a flash flooding event as storms trained over the same locations across parts of central and southern Arkansas with efficient rainfall rates conducive for flash flooding.",190
1165955,WAYNE CO.,MERRIAM,03/14/2024,1911,Tornado, ,EF1,0,0,120000,0,IL,CST-6, ,189631,C,191,PAH,0,0,NWS Storm Survey, ,2.8,75,3,N,4,NNW,GOLDEN GATE,03/14/2024,1915,38.408,-88.282,38.416,-88.232,"Numerous pine trees snapped near the base along the track northeast of Fairfield. One home near the beginning of the track had roof damage (a tarp covered half of the roof) with a nearby tree having many large branches broken. Further east, an anchored mobile home was lifted up and leaned over, not overturned but uninhabitable due to sustained major damage. Another home further ENE had substantial soffit and porch damage along with an old TV tower toppled and many snapped pine trees on the property. Peak winds were estimated at 90 mph.","A cold front, which stretched from Oklahoma to Central Illinois over to Northern Ohio, progressed slowly through the Quad State region, with an MCS moving through during the evening hours. An early afternoon SGF sounding placed MLCAPE at around 2000 J/kg. Deep layer shear was 50-55 kts with 0-1 km shear of 30 kts with 200 m2/s2 SRH. In Southern Illinois, there were two lines that developed. The southern line had a more SW to NE orientation further south and was weaker than portions further south in SE Missouri and far W Kentucky. The northern line had a more west to east orientation near the I-64 corridor and was much more active. Jefferson County in particular had severe damaging wind reports, large hail, and a brief EF-1 tornado north of Mount Vernon which did significant damage to a bus depot and several of the buses inside. A microburst developed just east of that tornado, scattering debris from a metal building system. A second EF-1 tornado occurred in Wayne County northeast of Fairfield, snapping many pine trees, and causing a mobile home to lean over. Additional wind damage reports were received along the I-64 corridor.",191
1161940,DARKE CO.,HILL GROVE,03/14/2024,1920,Tornado, ,EF1,0,2,500000,0,OH,EST-5, ,188481,C,37,ILN,0,0,NWS Storm Survey, ,20.04,250,3,WSW,1,N,BRADFORD,03/14/2024,1952,40.16,-84.81,40.146,-84.431,"The tornado developed at 1850EST in Randolph County, Indiana, just south of Farmland. The tornado traveled east across Randolph County and entered Darke County, Ohio, at 1920EST, about 2.5 miles west-southwest of Hill Grove. ||As the tornado moved east across Darke County, it produced EF-1 damage at several locations, with winds estimated to be as high as 110 MPH. Some of the roads with the greatest impact in Darke County were Fisher Dangler Road, Fox Road, and Horatio Harris Creek Road. Several homes had partial roof removal, with debris scattered into tree lines and across adjacent fields. Two injuries were reported in Greenville Township.||The tornado entered Miami County at 1952EST as it crossed State Route 721, just north of Grandview Drive. The tornado ended  along State Route 48, near the intersection with Klinger Road at 2000EST.","Thunderstorms developed in an unseasonably warm and humid airmass ahead of an approaching cold front.",192
1167914,UNION CO.,LUNDA,03/14/2024,1924,Tornado, ,EF2,0,0,500000,0,OH,EST-5, ,188481,C,159,ILN,0,0,NWS Storm Survey, ,15.6,600,1,W,4,NE,NEW DOVER,03/14/2024,1948,40.3718,-83.5251,40.29,-83.249,"The tornado developed in far western Union County near Newton Perkins Road and strengthened as it moved east across Lunda and Morse Roads where it caused some roof damage to homes. The tornado quickly strengthened further and affected a number of homes along Evans Road as it crossed State Route 739 and then continued southeast to areas just north of Broadway. Across portions of that corridor, damage was consistent with wind speeds of 115 to 125 mph. One modular home was completely destroyed with its contents thrown downstream nearly a half mile and another home lost a majority of its roof with exterior wall collapse. ||Significant tree damage was observed near Broadway, including in a cemetery just to the east of Broadway. As the tornado passed Broadway and continued southeast across State Routes 31 and 4, a number of additional homes and barns were impacted, with roof damage being common. Tree damage along the entire length of  the tornado was considerable with trees uprooted and trunks snapped. The tornado crossed into Delaware County about 4 miles northeast of New Dover at 1948EST. The tornado continued east across far western Delaware County before ending at 1952EST, about 2 miles northeast of Ostrander.","Thunderstorms developed in an unseasonably warm and humid airmass ahead of an approaching cold front.",193
1167916,DELAWARE CO.,OSTRANDER,03/14/2024,1948,Tornado, ,EF1,0,0,50000,0,OH,EST-5, ,188481,C,41,ILN,0,0,NWS Storm Survey, ,3.88,400,2,NW,1,SSW,WARRENSBURG,03/14/2024,1952,40.29,-83.249,40.2827,-83.176,"The tornado initially developed in Union County,  at 1924EST, about 1.3 mile west of Lunda. The tornado moved east-southeast and entered Delaware County at 1948EST, about 2 miles northwest of Ostrander.  As the tornado moved east across far western, it produced mainly tree damage before ending near U.S. Route 36.","Thunderstorms developed in an unseasonably warm and humid airmass ahead of an approaching cold front.",194
1161941,MIAMI CO.,BRADFORD,03/14/2024,1952,Tornado, ,EF2,0,0,750000,0,OH,EST-5, ,188481,C,109,ILN,0,0,NWS Storm Survey, ,4.16,250,1,N,1,N,COVINGTON,03/14/2024,2000,40.146,-84.431,40.1392,-84.3528,"The tornado developed at 1850EST in Randolph County, Indiana, just south of Farmland. The tornado traveled east across Randolph County, Indiana, and Darke County, Ohio, and entered Miami County at 1952EST, along State Route 721, just north of Grandview Drive. The tornado reached EF-2 intensity with winds of up to 120 mph near the intersection of Klinger and Rangeline Roads. Two homes had a significant amount of roof and some external wall removal while other nearby properties had outbuildings that were severely damaged.||The last damage was noted along State Route 48 near the intersection with Klinger Road. The tornado is believed to have dissipated near this location at 2000EST.","Thunderstorms developed in an unseasonably warm and humid airmass ahead of an approaching cold front.",195
1167932,DELAWARE CO.,STRATFORD,03/14/2024,2001,Tornado, ,EF1,0,0,1000000,0,OH,EST-5, ,188481,C,41,ILN,0,0,NWS Storm Survey, ,16.79,600,1,N,3,SSE,CONDIT,03/14/2024,2022,40.2599,-83.0678,40.211,-82.756,"The tornado developed in central Delaware County near U.S. Route 23. As the tornado crossed U.S. Route 23, it strengthened and widened and caused more widespread structural damage as it crossed the Olentangy River. Even more significant damage occurred as it moved along Berlin Station Road and in other areas of Berlin Township. Along this portion of the track, a number of homes sustained siding and roof damage and numerous trees were snapped and uprooted. Several barns were also destroyed. In the vicinity of Olentangy Berlin High School, parts of the school campus and athletic fields were damaged, signs were bent over, and several free-standing transmission towers were felled. In this area, maximum wind speeds were estimated to be around 110 mph.||The tornado crossed Alum Creek Reservoir and moved into neighborhoods southwest of Sunbury and west of Galena, where it caused widespread and significant tree damage and a large number of homes had windows blown out, roofs partially removed, and power poles snapped. Damage in these areas was consistent with wind speeds from 95 to 105 mph. ||As the tornado moved through the Galena area, there was a complex mix of straight-line wind damage through southern parts of the town of Galena with tornadic damage embedded across the north side of Galena. The damage field through this area was notably wide.||The tornado entered Licking County at 2022EST, about 3 miles SSE of Condit, and continued to moved east-southeast across much of northern Licking County before ending at 2050 EST, about 1 mile south-southeast of St. Louisville.","Thunderstorms developed in an unseasonably warm and humid airmass ahead of an approaching cold front.",196
1167943,LICKING CO.,HARTFORD,03/14/2024,2022,Tornado, ,EF1,0,0,500000,0,OH,EST-5, ,188481,C,89,ILN,0,0,NWS Storm Survey, ,18.59,500,4,WSW,1,SSE,ST LOUISVILLE,03/14/2024,2050,40.211,-82.756,40.1575,-82.4108,"The tornado developed at 2001EST, about 3 miles south of Delaware, and moved east southeast across Delaware County. It entered Licking County at 2021EST, about 4 miles west-southwest of Hartford, where the damage path remained quite wide and was likely a complex mix of straight-line winds on the immediate southern flank of the tornadic circulation. However, the damage was very consistent with wind speeds ranging from 90 to 100 mph across most of Licking County. Along this entire stretch of the damage path, the damage was a combination of partial roofs removed on some homes, barns completely destroyed or heavily damaged, widespread trees uprooted and snapped, and power poles snapped. ||The tornado dissipated between State Route 13 and Horns Hills Road south of St. Louisville.","Thunderstorms developed in an unseasonably warm and humid airmass ahead of an approaching cold front.",197
1172167,MCCURTAIN CO.,BROKEN BOW,03/14/2024,2200,Tornado, ,EF1,0,0,50000,0,OK,CST-6, ,190341,C,89,SHV,0,0,NWS Storm Survey, ,0.47,200,6,N,6,N,BROKEN BOW,03/14/2024,2201,34.1096,-94.7424,34.1162,-94.7401,"A brief EF-1 tornado began in a wooded area approximately five miles north of Broken Bow, exhibiting a convergent pattern of tree uproots and trunk snaps. The tornado then moved across a few properties and did minor to major structural damage to two homes and major damage to a few outbuildings. A single family residence had significant roof damage. The tornado then quickly exited this area and veered more northeast through a largely inaccessible wooded area. On the southside of the Hochatown community, the tornado produced considerable roof damage at a hotel on the west side of Highway 259 and lifted just in the wake of this structure. Peak wind speeds were estimated at 100 mph with the 200-yard wide tornado only on the ground for approximately a half mile, resulting in no injuries or fatalities.","A very unstable airmass developed across the Middle Red River Valley of Northeast Texas and Southeast Oklahoma during the afternoon and evening hours on March 14th. The flow aloft was from the southwest, and weak disturbances embedded within this flow pattern resulted in the development of scattered to numerous thunderstorms across this general region. Deep layer shear was sufficient enough that supercell thunderstorms developed, and these produced very large hail and damaging wind gusts across portions of the region, along with an isolated tornado in McCurtain County just north of Broken Bow.",198
1170763,UNION CO.,NEW ALBANY,03/15/2024,213,Tornado, ,EF1,0,0,200000,0,MS,CST-6, ,190425,C,145,MEG,0,0,NWS Storm Survey, ,0.85,150,1,WSW,1,SSW,NEW ALBANY,03/15/2024,215,34.4954,-89.017,34.489,-89.0042,"The tornado developed near Reed's Market in New Albany along West Bankhead St, causing intermittent tree damage as it moved across The Park Along the River. This tornado caused damage to the backside of the Police Department on King St, resulting in minor uplift of the roof. A more consistent damage path was observed east of King St as the tornado moved along East Main St, damaging numerous trees and structures. Numerous structures suffered roof damage, with the most significant affecting the County Clerk's office. The tornado caused additional minor roof and tree damage along Main St near Central Ave and Glade St, lifting before reaching Wilbanks St. Peak winds were estimated at 95 mph.","A weak surface low pressure system moved from the Southern Plains into the Mid-Mississippi Valley while a cold front slowly pressed southeast into the Mid-South during the afternoon of March 14th into the early morning hours of March 15th. The airmass ahead of this system was quite unstable with Mixed Layer Convective Available Potential Energy values of over 2000 J/kg with enough wind shear to support organized convection. Initially, supercells developed over northeast Mississippi and parts of West Tennessee. These storms dropped some large hail and caused some wind damage. Later on in the evening, a quasi-linear convective system pushed across the entire Mid-South resulting in more hail but mostly wind damage. A weak tornado occurred in New Albany, Mississippi.",199
1171265,FRANKLIN CO.,BELVIDERE,03/15/2024,338,Tornado, ,EF0,0,0,10000,0,TN,CST-6, ,189931,C,51,HUN,0,0,Emergency Manager, ,0.31,20,1,SE,1,SE,BELVIDERE,03/15/2024,339,35.1225,-86.1935,35.1228,-86.1881,"Drone imagery indicated a narrow and brief tornado touched down on a farm adjacent to U.S. Highway 64 southwest of Belvidere. The tornado snapped and uprooted a few trees on the farm before traveling east to a neighboring building materials company. Here, a number of small unsecured manufactured portable barns were shifted about, including one that was toppled over.","A line of thunderstorms dropped southeast through southern middle Tennessee during the early morning hours of the 15th. A brief EF-0 tornado occurred just southwest of Belvidere in Franklin County.",200
1163927,LOWNDES CO.,CALEDONIA,03/15/2024,404,Tornado, ,EF1,0,0,75000,0,MS,CST-6, ,189253,C,87,JAN,0,0,NWS Storm Survey, ,2.05,200,3,NE,5,ENE,CALEDONIA,03/15/2024,409,33.7102,-88.293,33.7096,-88.2581,"An EF-1 tornado touched down on Ott Road where it damaged a few hardwood trees and moved east. The tornado then damaged several outbuildings and the roof of a single family home, and then it downed trees near Flint Hill Road. From Flint Hill Road eastward to McCool Road, the tornado intensified. A mobile lost much of its roof as the tornado crossed McCool Road. The tornado continued east across Honnoll Mill Road and rural areas near Mayhew Creek where damage to vegetation continued to near the Alabama state line. Estimated peak wind speeds were 90 mph.","A cold front moved through the region and caused a line of storms to push across the area and bring some isolated severe storms.",201
1163926,LOWNDES CO.,STEENS,03/15/2024,407,Tornado, ,EF0,0,0,20000,0,MS,CST-6, ,189253,C,87,JAN,0,0,NWS Storm Survey, ,0.64,75,3,NNW,2,WSW,STEENS HOPPER ARPT,03/15/2024,408,33.607,-88.3313,33.6121,-88.3221,"An EF-0 tornado touched down near the community of Woodlawn in eastern Lowndes County. The path began near Caledonia Steens Road where the tornado damaged the roof to a home and a carport. It continued to damage a few trees along MS Highway|12 and then it dissipated.","A cold front moved through the region and caused a line of storms to push across the area and bring some isolated severe storms.",202
1167377,DEKALB CO.,TEN BROECK,03/15/2024,553,Tornado, ,EF0,0,0,0,0,AL,CST-6, ,188313,C,49,HUN,0,0,NWS Storm Survey, ,0.19,77,0,ESE,0,SE,TEN BROECK,03/15/2024,554,34.4187,-85.9763,34.416,-85.9766,"This tornado touched down just south of County Road 72 in Tenbroeck, Alabama. There was damage to the roof of a chicken house where roof panels were peeled off the structure. The structure is oriented from west to east with the roof panel damage oriented south to north indicating winds opposite of the primary storm motion. A second area of damage was to a pole barn that was pushed over along with the roof breaking off of its 4x4 support beams. The roof materials were spread to the east northeast which would have been away from the storm motion. A third area of damage was to a small barn which had several roof panels blown off. The structure was also leaning from west to east. The tornado lifted just south of the small barn with no other damage found.","A line of strong to severe thunderstorms dropped southeast through north Alabama during the early morning hours of the 15th.  Several trees were knocked down due to the high winds, especially in Morgan County. One brief EF-0 tornado also occurred in DeKalb County.||Heavy rainfall from thunderstorms repeatedly moving across portions of North Central and Northwestern Madison County resulted in flash flooding and water rescues. People drove their cars into the water in the wee hours of the morning, resulting in stalled vehicles and emergency services needed to assist people back to dry land. Later that morning, runoff from the heavy rainfall caused area creeks to swell and impact nearby roads and residential areas in further downstream on Indian Creek tributaries.",203
1168291,MCCULLOCH CO.,SATUIT,03/15/2024,807,Tornado, ,EF1,0,0,0,0,TX,CST-6, ,189866,C,307,SJT,0,0,NWS Storm Survey, ,0.02,10,3,SW,3,SW,SATUIT,03/15/2024,809,31.1734,-99.2324,31.1737,-99.2323,"A brief tornado touched down near a residence off Private Road 839 in McCulloch County and lifted a large metal barn into the air which landed on a neighbor's barn along their property line.","Thunderstorms developed across portions of the Heartland and the Northwest Hill Country during the late night of the 14th into the morning hours of the 15th. A few storms were severe and produced large hail and a tornado in McCulloch County.",204
1168726,HANCOCK CO.,CLAIBORNE,03/15/2024,1235,Tornado, ,EFU,0,0,0,0,MS,CST-6, ,190061,C,45,LIX,0,0,Public, ,0.6,75,1,W,1,W,CLAIBORNE,03/15/2024,1237,30.2,-89.54,30.2,-89.53,"A brief tornado touched down and crossed the Pearl River at the Mississippi/Louisiana border near the railroad bridge crossing around 1:35 PM CDT. The CSX bridge tender along the railroad at the Pearl River crossing reported railroad signs knocked over and a snapped pine tree. The width of the tornado was estimated by video of the tornado near the bridge. No further pictures or high resolution satellite analysis could be gathered to provide a rating and definitive track for this tornado beyond what was provided.","Showers and thunderstorms draped along a cold front in northern Louisiana began racing southeastward late morning on March 15th. Based on local upper air soundings, these storms were moving into an environment with ample mid and upper level instability. One thunderstorm near the LA/MS border produced a tornado.",205
1170801,MONROE CO.,BIG COPPIT IS,03/19/2024,301,Tornado, ,EF0,0,0,2000,0,FL,EST-5, ,190468,C,87,KEY,0,0,NWS Storm Survey, ,0.26,20,1,WSW,1,WSW,BIG COPPIT IS,03/19/2024,302,24.6756,-81.3952,24.6742,-81.3914,"A brief tornado was determined to have passed from State Road 4A through Diane Avenue and Linda Street on the northern portion of Little Torch Key.  The narrow path was marked by two downed buttonwood trees, broken small and medium-sized tree branches, a destroyed plastic storage shed, and three destroyed breakaway shade canopies.  No structural damage was observed.  Estimated maximum winds were 65 to 70 mph.","A tornado was observed at Little Torch Key as rapid development of showers and thunderstorms occurred directly over the Lower and Middle Florida Keys.  A cold front was approaching from the north, with the thunderstorms development over a pre-existing convergence boundary just as northerly surface winds were spreading over the Florida Keys.",206
1166020,OCHILTREE CO.,FARNSWORTH,03/24/2024,1343,Tornado, ,EFU,0,0,0,0,TX,CST-6, ,189640,C,357,AMA,0,0,NWS Storm Survey, ,0.73,30,7,SSW,7,S,FARNSWORTH,03/24/2024,1345,36.1773,-100.9957,36.187,-100.9904,"This tornado was photographed and filmed by multiple sources. It|remained in a field and resulted in no known damage.","Lingering surface moisture collected along a dryline which eventually lead to the formation of some general thunderstorms in a North/South line from Panhandle to Borger to Guymon. This eventually reached an environment of better shear and instability in the eastern 2 stacks of counties in the TX panhandle plus Beaver County in OK leading to intensification of the storms. A few of these storms became strong with up to 1/2 hail. Storms strengthened further and became severe producing 1 hail and winds up to 70 mph. Reports were heard that tornados were occurring thus tornado warning were issued for Perryton area, Shamrock/Wheeler area, and E of Lutie. Once the dryline passed the surface relative humidity dropped quickly with gusty winds spreading east across the rest of the Panhandles. This kept critical fire conditions in place across the rest of the Panhandles with severe storms exiting to the east. The strong winds associated with this system did pull in a significant amount of dust and pushed into the southern TX Panhandle.",207
1166022,OCHILTREE CO.,PERRYTON,03/24/2024,1358,Tornado, ,EF1,0,0,5000,0,TX,CST-6, ,189640,C,357,AMA,0,0,NWS Storm Survey, ,1.59,100,5,S,3,S,PERRYTON,03/24/2024,1411,36.3312,-100.8071,36.3518,-100.7945,"The tornado developed in a field to the south of County Road M.|It then crossed County Road M, where it snapped three power poles|and overturned a portion of an irrigation pivot. The tornado then|crossed Highway 83 where it caused loss of roofing material to a|roundtop quonset. As the tornado continued to track to the|northeast, it threw mud on several power poles and deposited|debris along County Road L. The tornado tracked northeast before|dissipating in a field. Video footage exists that confirms this|tornado was rather wide and possibly had multiple vortices.","Lingering surface moisture collected along a dryline which eventually lead to the formation of some general thunderstorms in a North/South line from Panhandle to Borger to Guymon. This eventually reached an environment of better shear and instability in the eastern 2 stacks of counties in the TX panhandle plus Beaver County in OK leading to intensification of the storms. A few of these storms became strong with up to 1/2 hail. Storms strengthened further and became severe producing 1 hail and winds up to 70 mph. Reports were heard that tornados were occurring thus tornado warning were issued for Perryton area, Shamrock/Wheeler area, and E of Lutie. Once the dryline passed the surface relative humidity dropped quickly with gusty winds spreading east across the rest of the Panhandles. This kept critical fire conditions in place across the rest of the Panhandles with severe storms exiting to the east. The strong winds associated with this system did pull in a significant amount of dust and pushed into the southern TX Panhandle.",208
1166023,OCHILTREE CO.,PERRYTON,03/24/2024,1405,Tornado, ,EF0,0,0,0,0,TX,CST-6, ,189640,C,357,AMA,0,0,NWS Storm Survey, ,0.72,30,3,S,2,S,PERRYTON,03/24/2024,1407,36.3605,-100.7945,36.3705,-100.7982,"This brief tornado touched down shortly after the first tornado|as the mesocyclone occluded. Damage to a barn included loss of a|door and some lifted roof panels near County Rd K, with|additional damage to the Ochiltree Hospital where shingles and|some roof material were blown off just before the tornado lifted.","Lingering surface moisture collected along a dryline which eventually lead to the formation of some general thunderstorms in a North/South line from Panhandle to Borger to Guymon. This eventually reached an environment of better shear and instability in the eastern 2 stacks of counties in the TX panhandle plus Beaver County in OK leading to intensification of the storms. A few of these storms became strong with up to 1/2 hail. Storms strengthened further and became severe producing 1 hail and winds up to 70 mph. Reports were heard that tornados were occurring thus tornado warning were issued for Perryton area, Shamrock/Wheeler area, and E of Lutie. Once the dryline passed the surface relative humidity dropped quickly with gusty winds spreading east across the rest of the Panhandles. This kept critical fire conditions in place across the rest of the Panhandles with severe storms exiting to the east. The strong winds associated with this system did pull in a significant amount of dust and pushed into the southern TX Panhandle.",209
1166019,WHEELER CO.,SHAMROCK,03/24/2024,1417,Tornado, ,EF1,0,0,8000,0,TX,CST-6, ,189640,C,483,AMA,0,0,NWS Storm Survey, ,0.18,25,1,NW,1,NW,SHAMROCK,03/24/2024,1418,35.231,-100.2652,35.232,-100.2623,"This quick, brief tornado touched down to the north of I-40.|Spotters had reported a funnel cloud had crossed I-40, but no|damage was noted. The tornado caused damage to the Dalton O|Gorman Rodeo Arena. Here it caused roof damage where a large|section of the eastern half of the roof was blown off and the|south facing wall was blown down. No other damage occurred in|this area so it is believed to be a narrow path. The tornado|lifted soon thereafter.","Lingering surface moisture collected along a dryline which eventually lead to the formation of some general thunderstorms in a North/South line from Panhandle to Borger to Guymon. This eventually reached an environment of better shear and instability in the eastern 2 stacks of counties in the TX panhandle plus Beaver County in OK leading to intensification of the storms. A few of these storms became strong with up to 1/2 hail. Storms strengthened further and became severe producing 1 hail and winds up to 70 mph. Reports were heard that tornados were occurring thus tornado warning were issued for Perryton area, Shamrock/Wheeler area, and E of Lutie. Once the dryline passed the surface relative humidity dropped quickly with gusty winds spreading east across the rest of the Panhandles. This kept critical fire conditions in place across the rest of the Panhandles with severe storms exiting to the east. The strong winds associated with this system did pull in a significant amount of dust and pushed into the southern TX Panhandle.",210
1167231,FINNEY CO.,GARDEN CITY,03/24/2024,1430,Tornado, ,EF1,0,0,0,0,KS,CST-6, ,189916,C,55,DDC,0,0,Law Enforcement, ,2.5,50,2,ESE,2,NE,GARDEN CITY,03/24/2024,1455,37.957,-100.8358,37.9926,-100.841,"Damage to roofs, power lines and fences, in the Wilson Addition residential area.","Severe thunderstorms developed in the afternoon, with hail of up to one and one half inch in diameter.||A tornado developed on the southeast side of Garden City near the Dairy Farmers of America plant, tracking to the north while producing high-end EF-0 to low-end EF-1 damage. Primary damage indicators were residential houses with roof/siding damage, along with some businesses with roof/siding damage. The tornado dissipated|on the northeast side of Garden City by the high school.",211
1172836,LOGAN CO.,OAKLEY MUNI ARPT,03/24/2024,1605,Tornado, ,EFU,0,0,0,0,KS,CST-6, ,189161,C,109,GLD,0,0,Public, ,1.31,100,5,ESE,6,E,OAKLEY MUNI ARPT,03/24/2024,1611,39.0944,-100.7298,39.1061,-100.7106,"Multiple reports with images of a landspout tornado in fields south of I-70 where it crossed from County Road 20 between County Roads BB and CC. No damage was observed. The tornado occurred over a duration of six minutes before dissipating.","A low pressure system and associated cold front moved across Northwest Kansas during the afternoon hours producing a line of thunderstorms that produced accumulating hail up to ping pong ball in size from Gove County to Norton County. The largest hail fell in the town of Seguin, Kansas in Sheridan County. Thunderstorm wind gusts of 50 to 63 mph were observed with the storms. The strongest gust was reported in the city of Norton. Localized blowing dust with visibility down to 50 feet was observed in Gove County; however, all nearby mesonets were reporting sub-severe thunderstorm wind gusts. Two brief EF-Unknown tornadoes also occurred south of Campus and I-70 in open fields.",212
1170539,GOVE CO.,CAMPUS,03/24/2024,1611,Tornado, ,EFU,0,0,0,0,KS,CST-6, ,189161,C,63,GLD,0,0,Public, ,1.84,100,2,SSW,1,SSW,CAMPUS,03/24/2024,1619,39.0852,-100.7604,39.1117,-100.7561,"A landspout tornado was reported south of Campus. KDOT cameras at mile markers 76 and 78 on I-70 captured a tornado that moved over open fields south of I-70 where it crossed CR BB and CC between CR 14 and Campus Road. The tornado occurred over a duration of eight minutes before dissipating.","A low pressure system and associated cold front moved across Northwest Kansas during the afternoon hours producing a line of thunderstorms that produced accumulating hail up to ping pong ball in size from Gove County to Norton County. The largest hail fell in the town of Seguin, Kansas in Sheridan County. Thunderstorm wind gusts of 50 to 63 mph were observed with the storms. The strongest gust was reported in the city of Norton. Localized blowing dust with visibility down to 50 feet was observed in Gove County; however, all nearby mesonets were reporting sub-severe thunderstorm wind gusts. Two brief EF-Unknown tornadoes also occurred south of Campus and I-70 in open fields.",213
1174044,WILBARGER CO.,SANTA ROSA LAKE DAM,03/24/2024,1627,Tornado, ,EFU,0,0,0,0,TX,CST-6, ,189662,C,487,OUN,0,0,Storm Chaser, ,0.5,30,7,SSE,7,SSE,SANTA ROSA LAKE DAM,03/24/2024,1627,33.854,-99.211,33.854,-99.211,"Numerous storm chasers observed a brief tornado in southern Wilbarger County estimated to be about 2 miles west of US-183/283 and a mile or two north of the Baylor County line. No damage is known to have occurred.","A powerful upper wave impacted the Southern Great Plains during the afternoon/evening of the 24th. Despite a synoptic pattern favoring organized and potentially widespread severe weather outcomes, mass return ahead of this system was paltry (low to mid-50s surface dewpoints by the mid-evening) owing to prior (highly modified) frontal intrusions across the Gulf of Mexico. Still, with marginally sufficient instability and strong wind shear, a few organized storms emerged off of a dryline across western Oklahoma into western-north Texas. The most significant (supercell) thunderstorm moved across the Red River Valley producing reports of large hail and the first tornado of 2024 across the WFO Norman area.",214
1163945,HINDS CO.,CLINTON,03/25/2024,2008,Tornado, ,EF1,0,0,50000,0,MS,CST-6, ,189255,C,49,JAN,0,0,NWS Storm Survey, ,8.31,880,4,NW,2,N,CYNTHIA,03/25/2024,2020,32.3757,-90.3705,32.431,-90.244,"This tornado started near West Northside Drive where it snapped a couple of trees. It traveled northeast and crossed Clinton-Tinnin Road and Kickapoo Road where the tornado continued to snap and uproot several trees. The tornado then crossed Pinehaven Drive and Highway 49 and snapped and uprooted a few more trees. Where it crossed Maclean Road, it snapped and uprooted trees including one which fell onto the roof of a home. The tornado dissipated shortly after it crossed County Line Road into Madison County. Maximum estimated wind speeds in Hinds County were 105 mph. The total path length was 8.84 miles across the two counties.","As a low pressure system moved across the country, strong to severe thunderstorms developed and moved across portions of Mississippi. These storms produced damaging wind gusts, hail, flooding rainfall, and a tornado.",215
1165347,MADISON CO.,ROCKY HILL,03/25/2024,2020,Tornado, ,EF1,0,0,10000,0,MS,CST-6, ,189255,C,89,JAN,0,0,NWS Storm Survey, ,0.53,800,1,W,1,WNW,ROCKY HILL,03/25/2024,2021,32.431,-90.244,32.434,-90.2357,"This tornado started near West Northside Drive where it snapped a couple of trees. It traveled northeast and crossed Clinton-Tinnin Road and Kickapoo Road where the tornado continued to snap and uproot several trees. The tornado then crossed Pinehaven Drive and Highway 49 and snapped and uprooted a few more trees. Where it crossed Maclean Road, it snapped and uprooted trees including one which fell onto the roof of a home. The tornado dissipated shortly after it crossed County Line Road into Madison County. Maximum estimated wind speeds in Madison County were 105 mph. The total path length was 8.84 miles across the two counties.","As a low pressure system moved across the country, strong to severe thunderstorms developed and moved across portions of Mississippi. These storms produced damaging wind gusts, hail, flooding rainfall, and a tornado.",216
1168223,PUEBLO CO.,PUEBLO WEST,03/26/2024,1635,Tornado, ,EFU,0,0,0,0,CO,MST-7, ,190000,C,101,PUB,0,0,Storm Chaser, ,0.18,10,6,NNE,6,NNE,PUEBLO WEST,03/26/2024,1637,38.3902,-104.7076,38.3902,-104.7076,"Video from a local on social media revealed a landspout tornado feature near Pueblo West. The video showed clear circulation from cloud to ground, the landspout was on the ground for approximately 2 to 3 minutes, moving in an eastward direction. No damage was reported.","During late March, yet another deep upper level trough dug in across the western US. This, along with a strong southwesterly flow from the subtropical jet, brought in sufficient moisture and synoptic/orographic lift for another round of snowfall for parts of SE Colorado. Additionally, the strong synoptic forcing and convective nature of parts of this system did allow for the formation of one landspout tornado on March 26th.",217
1169616,LINCOLN CO.,ROCKLYN,03/26/2024,1645,Tornado, ,EF0,0,0,0,0,WA,PST-8, ,190042,C,43,OTX,0,0,Trained Spotter, ,0.01,25,2,NNE,2,NNE,ROCKLYN,03/26/2024,1655,47.6507,-118.2383,47.6506,-118.2383,"Spotter confirmed visual evidence of condensation funnel connected to cloud base 2 miles Northwest of Davenport. Radar confirmed an outflow boundary in the area. No damage reported over open wheat country. Time and location estimated.","Weak afternoon convection was able to generate a landspout near Davenport.",218
1172327,ST. LOUIS CO.,SOUTH BELLEFONTAINE,04/01/2024,1732,Tornado, ,EF0,0,0,100000,0,MO,CST-6, ,190266,C,189,LSX,0,0,NWS Storm Survey, ,2.01,332,0,NNW,2,ENE,SOUTH BELLEFONTAINE,04/01/2024,1735,38.653,-90.551,38.657,-90.514,"An EF0 tornado with peak winds of 85 mph touched down just northeast of the Interstate 64 and Highway 340 interchange. The tornado traveled 2 miles east-northeast for approximately 3 minutes before lifting just west of Highway 141. Several tree limbs were damaged with minor damage to the roofs of multiple residences. Overall, the path length was 2.01 miles and the max path width was 332 yards. No deaths or injuries were reported.","Through the day of April 1, a warm front left much of the area in a warm, moist, and increasingly unstable airmass. This environment supported multiple waves of severe thunderstorms from the evening of April 1st through the early morning of April 2nd. Notable reports include large hail up to 2 inches in diameter, isolated damaging winds, a brief EF-0 tornado, and instances of flash flooding.",219
1163653,OSAGE CO.,HOMINY ARPT,04/01/2024,1817,Tornado, ,EF1,0,0,20000,0,OK,CST-6, ,189130,C,113,TSA,0,0,NWS Storm Survey, ,7,600,4,NNW,2,SE,WYNONA,04/01/2024,1827,36.4763,-96.4089,36.5295,-96.3013,"This tornado developed near the intersection of County Road 5408 and County Road 5257, and moved east-northeast. It crossed Highway 99, moved northeast, and dissipated after crossing County Road 2701. Numerous trees were uprooted or snapped, most heavily west of Highway 99, and numerous power poles were blown down. Based on this damage, maximum estimated wind in the tornado was 100 to 110 mph.","Severe thunderstorms developed along a dry line over central and western Oklahoma during the afternoon of the 1st, as a strong upper level disturbance translated into the Southern Plains. The storms moved through eastern Oklahoma during the late afternoon and evening hours. Moderately strong instability combined with strong deep layer shear to support the development of some supercell thunderstorms, which produced several tornadoes, and damaging wind gusts. The storms evolved into a squall line that also produced damaging wind gusts during the late evening.",220
1163656,OSAGE CO.,WYNONA,04/01/2024,1828,Tornado, ,EF1,0,0,35000,0,OK,CST-6, ,189130,C,113,TSA,0,0,NWS Storm Survey, ,5.5,1000,2,ESE,1,WSW,BARNSDALL,04/01/2024,1836,36.5385,-96.2887,36.5628,-96.1946,"This tornado developed east of County Road 2665, along the 330 Road. It moved east-northeast and dissipated after crossing County Road 2477. The tornado blew the roof from a garage, uprooted or snapped trees, and blew down numerous power poles. Based on this damage, maximum estimated wind in the tornado was 100 to 110 mph.","Severe thunderstorms developed along a dry line over central and western Oklahoma during the afternoon of the 1st, as a strong upper level disturbance translated into the Southern Plains. The storms moved through eastern Oklahoma during the late afternoon and evening hours. Moderately strong instability combined with strong deep layer shear to support the development of some supercell thunderstorms, which produced several tornadoes, and damaging wind gusts. The storms evolved into a squall line that also produced damaging wind gusts during the late evening.",221
1163658,OSAGE CO.,BARNSDALL,04/01/2024,1838,Tornado, ,EF1,0,0,250000,0,OK,CST-6, ,189130,C,113,TSA,0,0,NWS Storm Survey, ,2.2,550,1,SSE,3,E,BARNSDALL,04/01/2024,1841,36.5583,-96.1613,36.5694,-96.1242,"This tornado developed just east of Highway 11, over the southeastern side of Barnsdall. It damaged homes, destroyed outbuildings, and blew down trees and power poles as it moved east-northeast, dissipating north of County Road 2400 and west of County Road 2335. Based on this damage, maximum estimated wind in the tornado was 90 to 100 mph.","Severe thunderstorms developed along a dry line over central and western Oklahoma during the afternoon of the 1st, as a strong upper level disturbance translated into the Southern Plains. The storms moved through eastern Oklahoma during the late afternoon and evening hours. Moderately strong instability combined with strong deep layer shear to support the development of some supercell thunderstorms, which produced several tornadoes, and damaging wind gusts. The storms evolved into a squall line that also produced damaging wind gusts during the late evening.",222
1163666,OSAGE CO.,WOLCO,04/01/2024,1849,Tornado, ,EF0,0,0,0,0,OK,CST-6, ,189130,C,113,TSA,0,0,NWS Storm Survey, ,0.4,500,7,NE,7,NE,WOLCO,04/01/2024,1850,36.6335,-96.0079,36.634,-96.001,"This is the first segment of a two-segment tornado. The tornado developed just west of the Osage/Washington County line, between the 2700 Road and the 2600 Road. It moved east-northeast, snapping large tree limbs near the county line. Based on this damage, maximum estimated wind in this segment of the tornado was 75 to 80 mph. The tornado continued into Washington County.","Severe thunderstorms developed along a dry line over central and western Oklahoma during the afternoon of the 1st, as a strong upper level disturbance translated into the Southern Plains. The storms moved through eastern Oklahoma during the late afternoon and evening hours. Moderately strong instability combined with strong deep layer shear to support the development of some supercell thunderstorms, which produced several tornadoes, and damaging wind gusts. The storms evolved into a squall line that also produced damaging wind gusts during the late evening.",223
1163668,WASHINGTON CO.,OCHELATA,04/01/2024,1850,Tornado, ,EF1,0,0,20000,0,OK,CST-6, ,189130,C,147,TSA,0,0,NWS Storm Survey, ,4.5,550,3,NNW,3,WNW,OGLESBY,04/01/2024,1856,36.634,-96.001,36.6436,-95.9205,"This is the second segment of a two-segment tornado. After crossing into Washington County, it moved just north of east, and dissipated east of Highway 75 and south of the 2500 Road. The tornado damaged outbuildings, uprooted trees, and blew down power poles. Based on this damage, maximum estimated wind in this segment of the tornado was 95 to 105 mph.","Severe thunderstorms developed along a dry line over central and western Oklahoma during the afternoon of the 1st, as a strong upper level disturbance translated into the Southern Plains. The storms moved through eastern Oklahoma during the late afternoon and evening hours. Moderately strong instability combined with strong deep layer shear to support the development of some supercell thunderstorms, which produced several tornadoes, and damaging wind gusts. The storms evolved into a squall line that also produced damaging wind gusts during the late evening.",224
1163670,NOWATA CO.,DELAWARE,04/01/2024,1913,Tornado, ,EF1,0,1,20000,0,OK,CST-6, ,189130,C,105,TSA,0,0,NWS Storm Survey, ,4.2,600,2,WNW,2,NE,DELAWARE,04/01/2024,1919,36.7883,-95.6713,36.8026,-95.5974,"This tornado developed just north of the 1600 Road and west of the 4120 Road. It moved east-northeast across the 4130 Road, Highway 169, and the 4150 Road. It dissipated over open country north of the 150 Road and west of the 4160 Road. Trees were uprooted, large tree limbs were snapped, outbuildings were damaged, and power poles were blown down by the tornado. A tractor trailer was rolled over by the tornado as it crossed Highway 169, injuring the driver. Based on this damage, maximum estimated wind in the tornado was 90 to 100 mph.","Severe thunderstorms developed along a dry line over central and western Oklahoma during the afternoon of the 1st, as a strong upper level disturbance translated into the Southern Plains. The storms moved through eastern Oklahoma during the late afternoon and evening hours. Moderately strong instability combined with strong deep layer shear to support the development of some supercell thunderstorms, which produced several tornadoes, and damaging wind gusts. The storms evolved into a squall line that also produced damaging wind gusts during the late evening.",225
1174942,GREENE CO.,HICKORY BARREN,04/01/2024,2137,Tornado, ,EF1,0,0,90000,0,MO,CST-6, ,189023,C,77,SGF,0,0,NWS Storm Survey, ,2.08,100,4,NNW,4,N,HICKORY BARREN,04/01/2024,2144,37.4,-93.26,37.4053,-93.2227,"A NWS storm survey concluded that an EF-1 tornado with peak winds of 95 mph occurred near Fair Grove, Missouri. The width of the tornado was 100 yards. The tornado remained on the ground for around two miles while uprooting and snapping several trees. The tornado heavily damaged an outbuilding while also causing minor damage to a residence. A tornado debris signature was also present on radar.","Severe thunderstorms brought damaging wind, large hail, and five tornadoes to the Missouri Ozarks from the evening of April 1st to the early morning hours of April 2nd. A tornado that occurred near Fair Grove was rated in EF-1. The four other tornadoes were rated EF-0 with three of them occurring from eastern Dallas County into Laclede County. The fourth EF-0 tornado occurred in St. James.||In addition to the tornadoes, storm surveys revealed several different swaths of damaging straight line wind speeds of 70-100 mph. Wind speeds of 90-100 mph caused roof damage to businesses in downtown Carthage with power poles and trees also snapped. Other swaths of significant wind damage occurred near Halltown, Elkland, and along the I-44 corridor from Waynesville to Rolla.||Several thunderstorms also produced hail from the size of quarters to tennis balls. Hail ranging from one to two inches in diameter occurred in an around Bolivar. Tennis ball size hail fell in the town of Maple Grove.",226
1174986,DALLAS CO.,LONG LANE,04/01/2024,2206,Tornado, ,EF0,0,0,200000,0,MO,CST-6, ,189023,C,59,SGF,0,0,NWS Storm Survey, ,1.14,200,3,ENE,4,E,LONG LANE,04/01/2024,2211,37.63,-92.87,37.6268,-92.8495,"NWS storm survey indicated an EF-0 tornado with peak winds of 80 mph uprooted or snapped over 100 trees as it moved east southeast across extreme eastern Dallas before crossing into Laclede County. Along its path in Dallas County the tornado rolled an unanchored mobile home, damaged the roof of a residence, and damaged multiple outbuildings.","Severe thunderstorms brought damaging wind, large hail, and five tornadoes to the Missouri Ozarks from the evening of April 1st to the early morning hours of April 2nd. A tornado that occurred near Fair Grove was rated in EF-1. The four other tornadoes were rated EF-0 with three of them occurring from eastern Dallas County into Laclede County. The fourth EF-0 tornado occurred in St. James.||In addition to the tornadoes, storm surveys revealed several different swaths of damaging straight line wind speeds of 70-100 mph. Wind speeds of 90-100 mph caused roof damage to businesses in downtown Carthage with power poles and trees also snapped. Other swaths of significant wind damage occurred near Halltown, Elkland, and along the I-44 corridor from Waynesville to Rolla.||Several thunderstorms also produced hail from the size of quarters to tennis balls. Hail ranging from one to two inches in diameter occurred in an around Bolivar. Tennis ball size hail fell in the town of Maple Grove.",227
1174989,LACLEDE CO.,PHILLIPSBURG,04/01/2024,2211,Tornado, ,EF0,0,0,0,0,MO,CST-6, ,189023,C,105,SGF,0,0,NWS Storm Survey, ,0.89,200,6,NNW,5,NNW,PHILLIPSBURG,04/01/2024,2214,37.6268,-92.8495,37.6214,-92.8347,"A NWS storm survey indicated an EF-0 tornado with peak winds of 80 mph uprooted or|snapped over 100 trees as it moved east southeast out of extreme eastern Dallas County and continued across extreme western Laclede Counties before lifting near the town of north northwest of Phillipsburg.","Severe thunderstorms brought damaging wind, large hail, and five tornadoes to the Missouri Ozarks from the evening of April 1st to the early morning hours of April 2nd. A tornado that occurred near Fair Grove was rated in EF-1. The four other tornadoes were rated EF-0 with three of them occurring from eastern Dallas County into Laclede County. The fourth EF-0 tornado occurred in St. James.||In addition to the tornadoes, storm surveys revealed several different swaths of damaging straight line wind speeds of 70-100 mph. Wind speeds of 90-100 mph caused roof damage to businesses in downtown Carthage with power poles and trees also snapped. Other swaths of significant wind damage occurred near Halltown, Elkland, and along the I-44 corridor from Waynesville to Rolla.||Several thunderstorms also produced hail from the size of quarters to tennis balls. Hail ranging from one to two inches in diameter occurred in an around Bolivar. Tennis ball size hail fell in the town of Maple Grove.",228
1174998,LACLEDE CO.,MORGAN,04/01/2024,2220,Tornado, ,EF0,0,0,100000,0,MO,CST-6, ,189023,C,105,SGF,0,0,NWS Storm Survey, ,2.16,100,1,S,1,NW,PEASE,04/01/2024,2227,37.51,-92.68,37.5062,-92.6409,"A NWS storm survey indicated an EF-0 tornado caused intermittent damage to outbuildings and trees along Highway J southeast of Phillipsburg. Some trees were uprooted and a few snapped with debris falling in a convergent pattern. Tornado width was 100 yards with maximum wind speeds of 70 to 80 mph.","Severe thunderstorms brought damaging wind, large hail, and five tornadoes to the Missouri Ozarks from the evening of April 1st to the early morning hours of April 2nd. A tornado that occurred near Fair Grove was rated in EF-1. The four other tornadoes were rated EF-0 with three of them occurring from eastern Dallas County into Laclede County. The fourth EF-0 tornado occurred in St. James.||In addition to the tornadoes, storm surveys revealed several different swaths of damaging straight line wind speeds of 70-100 mph. Wind speeds of 90-100 mph caused roof damage to businesses in downtown Carthage with power poles and trees also snapped. Other swaths of significant wind damage occurred near Halltown, Elkland, and along the I-44 corridor from Waynesville to Rolla.||Several thunderstorms also produced hail from the size of quarters to tennis balls. Hail ranging from one to two inches in diameter occurred in an around Bolivar. Tennis ball size hail fell in the town of Maple Grove.",229
1174995,LACLEDE CO.,RUSS,04/01/2024,2224,Tornado, ,EF0,0,0,75000,0,MO,CST-6, ,189023,C,105,SGF,0,0,NWS Storm Survey, ,2.3,100,1,E,3,ENE,RUSS,04/01/2024,2230,37.58,-92.59,37.59,-92.55,"A NWS storm survey concluded that an EF-0 tornado caused an intermittent path of damage to outbuildings including one large equipment barn. The associated convergent debris pattern of roofing panels and varying trees extended eastward along Camelia Road between Highway H and Royal Drive. The tornado had a width of 100 yards with maximum wind speeds of 80 mph.","Severe thunderstorms brought damaging wind, large hail, and five tornadoes to the Missouri Ozarks from the evening of April 1st to the early morning hours of April 2nd. A tornado that occurred near Fair Grove was rated in EF-1. The four other tornadoes were rated EF-0 with three of them occurring from eastern Dallas County into Laclede County. The fourth EF-0 tornado occurred in St. James.||In addition to the tornadoes, storm surveys revealed several different swaths of damaging straight line wind speeds of 70-100 mph. Wind speeds of 90-100 mph caused roof damage to businesses in downtown Carthage with power poles and trees also snapped. Other swaths of significant wind damage occurred near Halltown, Elkland, and along the I-44 corridor from Waynesville to Rolla.||Several thunderstorms also produced hail from the size of quarters to tennis balls. Hail ranging from one to two inches in diameter occurred in an around Bolivar. Tennis ball size hail fell in the town of Maple Grove.",230
1174978,PHELPS CO.,ST JAMES,04/01/2024,2327,Tornado, ,EF0,0,0,25000,0,MO,CST-6, ,189023,C,161,SGF,0,0,NWS Storm Survey, ,0.26,10,1,SE,1,ESE,ST JAMES,04/01/2024,2331,37.9955,-91.6116,37.997,-91.6073,"A NWS storm survey concluded that a brief and weak EF-0 tornado damaged small outbuildings at an elementary school before causing damage to a light pole at the football stadium. A school camera showed footage of the tornado as it crossed over a school building.","Severe thunderstorms brought damaging wind, large hail, and five tornadoes to the Missouri Ozarks from the evening of April 1st to the early morning hours of April 2nd. A tornado that occurred near Fair Grove was rated in EF-1. The four other tornadoes were rated EF-0 with three of them occurring from eastern Dallas County into Laclede County. The fourth EF-0 tornado occurred in St. James.||In addition to the tornadoes, storm surveys revealed several different swaths of damaging straight line wind speeds of 70-100 mph. Wind speeds of 90-100 mph caused roof damage to businesses in downtown Carthage with power poles and trees also snapped. Other swaths of significant wind damage occurred near Halltown, Elkland, and along the I-44 corridor from Waynesville to Rolla.||Several thunderstorms also produced hail from the size of quarters to tennis balls. Hail ranging from one to two inches in diameter occurred in an around Bolivar. Tennis ball size hail fell in the town of Maple Grove.",231
1163672,BENTON CO.,GARFIELD,04/01/2024,2333,Tornado, ,EF1,0,0,0,0,AR,CST-6, ,189131,C,7,TSA,0,0,NWS Storm Survey, ,2.8,550,3,W,2,NNW,GARFIELD,04/01/2024,2337,36.4561,-94.0265,36.4737,-93.9818,"This tornado developed over the northeastern side of Pea Ridge National Military Park, northwest of Elkhorn Tavern. It moved east-northeast uprooting numerous trees on N Old Wire Road, and Limekiln Road. The tornado dissipated east of Limekiln Road. Based on this damage, maximum estimated wind in the tornado was 90 to 100 mph.","Severe thunderstorms developed along a dry line over central and western Oklahoma during the afternoon of the 1st, as a strong upper level disturbance translated into the Southern Plains. The storms evolved into a squall line and moved through northwestern Arkansas during the late evening and early morning hours of the 2nd, producing two tornadoes and damaging wind gusts.",232
1163675,BENTON CO.,GARFIELD,04/01/2024,2335,Tornado, ,EF1,0,0,40000,0,AR,CST-6, ,189131,C,7,TSA,0,0,NWS Storm Survey, ,2.4,300,2,W,0,NE,GARFIELD,04/01/2024,2338,36.449,-94.0057,36.4548,-93.9635,"This tornado developed north of Highway 62, over the far southeastern portion of Pea Ridge National Military Park. It moved east, damaging the roof of two homes, destroying an outbuilding, and uprooting trees on Alvin Seamster Road. Tree damage was noted as far east as Pinebrooke Road, and the tornado dissipated before reaching Highway 62. Based on this damage, maximum estimated wind in this tornado was 90 to 100 mph.","Severe thunderstorms developed along a dry line over central and western Oklahoma during the afternoon of the 1st, as a strong upper level disturbance translated into the Southern Plains. The storms evolved into a squall line and moved through northwestern Arkansas during the late evening and early morning hours of the 2nd, producing two tornadoes and damaging wind gusts.",233
1173083,CAPE GIRARDEAU CO.,GORDONVILLE,04/02/2024,315,Tornado, ,EF0,0,0,5000,0,MO,CST-6, ,190642,C,31,PAH,0,0,NWS Storm Survey, ,0.44,150,3,ENE,3,E,GORDONVILLE,04/02/2024,316,37.3283,-89.6342,37.3274,-89.6263,"A brief EF-0 tornado uprooted a few trees and downed several large tree limbs along County Rd 319 in central Cape Girardeau County during the early morning hours. The tornadic circulation quickly diminished as the storm moved east, but continued to produce sporadic straight line wind damage as it moved east-southeast into the west side of Cape Girardeau. Peak winds were estimated at 80 mph.","Early morning, the surface low was located just north of St. Louis, Missouri, lifting to the NNE as it rapidly deepened. For Southeast Missouri, early morning effective bulk shear was around 60 kts, with a very high 25-30 kts of 0-1 km shear, while SRHs were around 200 m2/s2. MLCAPE was 1000-1500 J/kg, and mid-level lapse rates were 6.5 C/km. A 70-90 kt mid-level jet was west of the Quad State. A strong capping inversion suppressed storm activity in the evening, but the strong lift and upper level diffluence won out early morning. Two lines of storms developed after midnight in Southeast Missouri. The first had its southern end move through Perry County from 0100-0230CST. The latter was a very potent thunderstorm line racing eastward early morning April 2nd. Weaker thunderstorm activity occurred further south in the Ozark Foothills and near the bootheel. This line continued throughout the day all the way to West Virginia, being designated a derecho. For Southeast Missouri, 1 brief EF-0 tornado occurred west of Cape Girardeau, which transitioned into a microburst that progressed through residential areas in western Cape Girardeau city. Other instances of straight-line wind damage occurred in Cape Girardeau, Scott, and Stoddard Counties. According to county EMA, Cape Girardeau County had a total of 2 barns and 12 houses with reported damage.",234
1173290,WILLIAMSON CO.,NEILSON,04/02/2024,346,Tornado, ,EF2,0,0,300000,0,IL,CST-6, ,190639,C,199,PAH,0,0,NWS Storm Survey, ,6.66,250,2,WNW,2,NE,PULLEYS MILL,04/02/2024,352,37.6341,-89.0017,37.6197,-88.8814,"An EF-2 tornado impacted the Lake Of Egypt community in the early morning hours of Tuesday, April 2nd. The tornado began near Highway 148, just west of Interstate 57, damaging limbs on several trees. Roof shingle damage and a snapped tree occurred on Teske Rd with tree trunks snapped on Whitecotton Rd and IL-37. After crossing IL-37 east of Interstate 57, the tornado passed along Lake of Egypt Rd, significantly damaging the roof of a home. The most severe damage occurred near the intersection of Lake of Egypt Rd and Market Rd, where severe roof and structural damage occurred to three businesses. The Lake of Egypt Fire Protection building nearby had one of its windows blown out. Paralleling Lake of Egypt Rd, the tornado did damage to homes and outbuildings before lifting just to the west of Wagon Creek Rd. Hundreds of trees were uprooted, snapped at the base, or suffered damage to large limbs along the path. Peak winds were estimated at 130 mph.","Early morning, the surface low was located just north of St. Louis, Missouri, lifting to the NNE as it rapidly deepened. For Southern Illinois, early morning effective bulk shear was 60-65 kts, with a very high 20-30 kts of 0-1 km shear, while SRHs near the Ohio River were around 150-200 m2/s2. MLCAPE was 1000 J/kg, and mid-level lapse rates were 6.5 C/km. A 70-90 kt mid-level jet was west of the Quad State. A strong capping inversion suppressed storm activity in the evening, but the strong lift and upper level diffluence won out early morning. Two lines of storms developed after midnight in Southeast Missouri. The first progressed through the I-64 corridor from 0100-0400 CST. The latter was a very potent thunderstorm line racing eastward early morning April 2nd. This line continued throughout the day all the way to West Virginia, being designated a derecho. For Southern Illinois, widespread wind damage occurred with this line, and sections of the line that took a north-south orientation had a much more favorable line-normal component of shear promoting QLCS tornado development. Seven tornadoes originated in Southern Illinois: 2 in Williamson County (EF-2 and EF-1), 1 in Saline County (EF-2), 3 in Gallatin County (all EF-1s), and 1 in White County (EF-2 with the EF-2 damage in Posey County Indiana). Two people suffered laceration injuries due to flying debris with the Saline County tornado. A total of 19 tornadoes were found during this event, the highest single day total for the NWS Paducah forecast area since Halloween 2003 (also 19).",235
1174122,WILLIAMSON CO.,CREAL SPGS,04/02/2024,356,Tornado, ,EF1,0,0,130000,0,IL,CST-6, ,190639,C,199,PAH,0,0,NWS Storm Survey, ,6.21,250,1,ENE,4,SE,PALZO,04/02/2024,401,37.6229,-88.8215,37.6158,-88.7084,"An EF-1 tornado impacted the Stonefort community during the early morning hours of Tuesday, April 2nd. The tornado began just east of Creal Springs along Saltpetre Road. Damage was mainly to trees as the tornado moved parallel to Pleasant Valley Road. The tornado moved directly through the community of Stonefort, causing extensive tree damage. Most damage to buildings was caused by trees falling onto the building. However, a couple of homes had portions of their roofs removed. The tornado continued east into Saline County in the middle of Stonefort. Estimated peak wind gusts for the tornado as a whole and in Williamson County were 110 mph.","Early morning, the surface low was located just north of St. Louis, Missouri, lifting to the NNE as it rapidly deepened. For Southern Illinois, early morning effective bulk shear was 60-65 kts, with a very high 20-30 kts of 0-1 km shear, while SRHs near the Ohio River were around 150-200 m2/s2. MLCAPE was 1000 J/kg, and mid-level lapse rates were 6.5 C/km. A 70-90 kt mid-level jet was west of the Quad State. A strong capping inversion suppressed storm activity in the evening, but the strong lift and upper level diffluence won out early morning. Two lines of storms developed after midnight in Southeast Missouri. The first progressed through the I-64 corridor from 0100-0400 CST. The latter was a very potent thunderstorm line racing eastward early morning April 2nd. This line continued throughout the day all the way to West Virginia, being designated a derecho. For Southern Illinois, widespread wind damage occurred with this line, and sections of the line that took a north-south orientation had a much more favorable line-normal component of shear promoting QLCS tornado development. Seven tornadoes originated in Southern Illinois: 2 in Williamson County (EF-2 and EF-1), 1 in Saline County (EF-2), 3 in Gallatin County (all EF-1s), and 1 in White County (EF-2 with the EF-2 damage in Posey County Indiana). Two people suffered laceration injuries due to flying debris with the Saline County tornado. A total of 19 tornadoes were found during this event, the highest single day total for the NWS Paducah forecast area since Halloween 2003 (also 19).",236
1174123,SALINE CO.,STONEFORT,04/02/2024,401,Tornado, ,EF1,0,0,75000,0,IL,CST-6, ,190639,C,165,PAH,0,0,NWS Storm Survey, ,1.36,250,1,ESE,1,NNW,OLDTOWN,04/02/2024,403,37.6158,-88.7084,37.6141,-88.6837,"This EF-1 tornado began in Williamson County during the early morning hours of Tuesday, April 2nd, crossing over into Saline County in the middle of Stonefort. The tornado continued to produce tree and roof damage in Stonefort, then proceeded eastward along Battleford Rd damaging a few more trees before lifting around a mile east of Stonefort, past the railroad crossing on Brattleford Rd. Estimated peak wind gusts in the Saline County portion of this tornado were 105 mph.","Early morning, the surface low was located just north of St. Louis, Missouri, lifting to the NNE as it rapidly deepened. For Southern Illinois, early morning effective bulk shear was 60-65 kts, with a very high 20-30 kts of 0-1 km shear, while SRHs near the Ohio River were around 150-200 m2/s2. MLCAPE was 1000 J/kg, and mid-level lapse rates were 6.5 C/km. A 70-90 kt mid-level jet was west of the Quad State. A strong capping inversion suppressed storm activity in the evening, but the strong lift and upper level diffluence won out early morning. Two lines of storms developed after midnight in Southeast Missouri. The first progressed through the I-64 corridor from 0100-0400 CST. The latter was a very potent thunderstorm line racing eastward early morning April 2nd. This line continued throughout the day all the way to West Virginia, being designated a derecho. For Southern Illinois, widespread wind damage occurred with this line, and sections of the line that took a north-south orientation had a much more favorable line-normal component of shear promoting QLCS tornado development. Seven tornadoes originated in Southern Illinois: 2 in Williamson County (EF-2 and EF-1), 1 in Saline County (EF-2), 3 in Gallatin County (all EF-1s), and 1 in White County (EF-2 with the EF-2 damage in Posey County Indiana). Two people suffered laceration injuries due to flying debris with the Saline County tornado. A total of 19 tornadoes were found during this event, the highest single day total for the NWS Paducah forecast area since Halloween 2003 (also 19).",237
1173001,MCCRACKEN CO.,WOODVILLE,04/02/2024,405,Tornado, ,EF1,0,0,75000,0,KY,CST-6, ,190641,C,145,PAH,0,0,NWS Storm Survey, ,0.6,50,1,ESE,1,ESE,WOODVILLE,04/02/2024,406,37.0941,-88.8666,37.0909,-88.8565,"A brief EF-1 tornado struck just east of the Woodville community in far Western McCracken County, KY. The tornado moved parallel along the south side of Woodville Road. The most severe damage was to a house that had a portion of its roof removed. A couple more homes suffered facia and siding damage. About a dozen trees had large limbs downed. Peak winds were estimated at 90 mph.","Early morning, the surface low was located just north of St. Louis, Missouri, lifting to the NNE as it rapidly deepened. For Western Kentucky, early morning effective bulk shear was 60 kts, with a very high 30 kts of 0-1 km shear, while SRHs near the Ohio River were around 200 m2/s2. MLCAPE was 1000-1500 J/kg, and mid-level lapse rates were 7 C/km. A 70-90 kt mid-level jet was west of the Quad State. A strong capping inversion suppressed storm activity in the evening, but the strong lift and upper level diffluence won out early morning. Two lines of storms developed after midnight in Southeast Missouri. The latter was a very potent thunderstorm line racing eastward early morning April 2nd with the southern end of the line of severe weather just over the Ohio River in Western Kentucky. Weaker thunderstorm activity occurred further south in the southern Jackson Purchase and most of the Pennyrile. This line continued throughout the day all the way to West Virginia, being designated a derecho. For Western Kentucky, 4 tornadoes occurred, 1 in far Western McCracken County (EF-1), and 3 in Union County (1 EF-2, 2 EF-1), with 1 injury due to a tree falling on a manufactured home from the Sullivan tornado in Union County.  According to county EMA, in Union County, 22 homes were damaged, with 8 destroyed and 3 suffering major damage. A few instances of straight-line wind damage also occurred in counties bordering the Ohio River (Ballard, McCracken, and Union).",238
1173281,SALINE CO.,GRAYSON,04/02/2024,415,Tornado, ,EF2,0,2,225000,0,IL,CST-6, ,190639,C,165,PAH,0,0,NWS Storm Survey, ,1.14,100,1,NE,2,NE,BROOKLYN,04/02/2024,416,37.7913,-88.4029,37.7892,-88.3822,"An EF-2 tornado occurred approximately two miles southeast of Eldorado during the early morning hours of Tuesday, April 2nd. The tornado began near the intersection of Highway 142 and Ridgway Road. Here, the tornado destroyed an outbuilding, uprooted several large trees, and removed portions of the roofs of two homes. Crossing Ridgway Road and the intersection of White Road, the tornado severely damaged an industrial garage and two manufactured homes. One manufactured home was moved several feet off its foundation and had one of its walls torn open. Two occupants of the home suffered laceration injuries due to flying debris. About five large hardwood trees just behind this home were all snapped at the base. Moving east-southeast, the tornado lifted near Dusty Road just south of Ridgway Road. Peak winds were estimated at 115 mph.","Early morning, the surface low was located just north of St. Louis, Missouri, lifting to the NNE as it rapidly deepened. For Southern Illinois, early morning effective bulk shear was 60-65 kts, with a very high 20-30 kts of 0-1 km shear, while SRHs near the Ohio River were around 150-200 m2/s2. MLCAPE was 1000 J/kg, and mid-level lapse rates were 6.5 C/km. A 70-90 kt mid-level jet was west of the Quad State. A strong capping inversion suppressed storm activity in the evening, but the strong lift and upper level diffluence won out early morning. Two lines of storms developed after midnight in Southeast Missouri. The first progressed through the I-64 corridor from 0100-0400 CST. The latter was a very potent thunderstorm line racing eastward early morning April 2nd. This line continued throughout the day all the way to West Virginia, being designated a derecho. For Southern Illinois, widespread wind damage occurred with this line, and sections of the line that took a north-south orientation had a much more favorable line-normal component of shear promoting QLCS tornado development. Seven tornadoes originated in Southern Illinois: 2 in Williamson County (EF-2 and EF-1), 1 in Saline County (EF-2), 3 in Gallatin County (all EF-1s), and 1 in White County (EF-2 with the EF-2 damage in Posey County Indiana). Two people suffered laceration injuries due to flying debris with the Saline County tornado. A total of 19 tornadoes were found during this event, the highest single day total for the NWS Paducah forecast area since Halloween 2003 (also 19).",239
1173278,GALLATIN CO.,RIDGWAY,04/02/2024,421,Tornado, ,EF1,0,0,80000,0,IL,CST-6, ,190639,C,59,PAH,0,0,NWS Storm Survey, ,0.98,100,1,N,2,NNE,RIDGWAY,04/02/2024,422,37.7953,-88.2712,37.8064,-88.26,"A brief EF-1 tornado impacted the west side of Ridgway, IL, during the early morning hours of Tuesday, April 2nd. The tornado began just south of Main Street along St. Joseph Road, where one home suffered minor roof damage and several large tree limbs were downed. Moving northeast, the tornado damaged a grain bin just south of Main Street and collapsed an outbuilding just north of Main Street. The tornado did limited tree damage in the city park before lifting near the intersection of City Park Drive and Murphy Street. Peak winds were estimated at 90 mph.","Early morning, the surface low was located just north of St. Louis, Missouri, lifting to the NNE as it rapidly deepened. For Southern Illinois, early morning effective bulk shear was 60-65 kts, with a very high 20-30 kts of 0-1 km shear, while SRHs near the Ohio River were around 150-200 m2/s2. MLCAPE was 1000 J/kg, and mid-level lapse rates were 6.5 C/km. A 70-90 kt mid-level jet was west of the Quad State. A strong capping inversion suppressed storm activity in the evening, but the strong lift and upper level diffluence won out early morning. Two lines of storms developed after midnight in Southeast Missouri. The first progressed through the I-64 corridor from 0100-0400 CST. The latter was a very potent thunderstorm line racing eastward early morning April 2nd. This line continued throughout the day all the way to West Virginia, being designated a derecho. For Southern Illinois, widespread wind damage occurred with this line, and sections of the line that took a north-south orientation had a much more favorable line-normal component of shear promoting QLCS tornado development. Seven tornadoes originated in Southern Illinois: 2 in Williamson County (EF-2 and EF-1), 1 in Saline County (EF-2), 3 in Gallatin County (all EF-1s), and 1 in White County (EF-2 with the EF-2 damage in Posey County Indiana). Two people suffered laceration injuries due to flying debris with the Saline County tornado. A total of 19 tornadoes were found during this event, the highest single day total for the NWS Paducah forecast area since Halloween 2003 (also 19).",240
1174128,GALLATIN CO.,COTTONWOOD,04/02/2024,422,Tornado, ,EF1,0,0,110000,0,IL,CST-6, ,190639,C,59,PAH,0,0,NWS Storm Survey, ,7.06,100,1,NNE,6,NE,INMAN,04/02/2024,428,37.8893,-88.2139,37.8857,-88.0846,"An EF-1 tornado impacted far northeast Gallatin County, IL during the early morning hours of Tuesday, April 2nd. The tornado began in the Cottonwood community along Noel Road. Here, several large trees were uprooted, one crushing a small brick building. One manufactured home was severely damaged and a nearby outbuilding had a part of its roof removed. Moving eastward the tornado did mainly tree damage as it passed south of the community of New Haven. The tornado crossed the Wabash River into Posey County, IN, just south of the confluence of the Little Wabash and Wabash Rivers. Estimated peak winds for this tornado path as a whole and for Gallatin County were 100 mph.","Early morning, the surface low was located just north of St. Louis, Missouri, lifting to the NNE as it rapidly deepened. For Southern Illinois, early morning effective bulk shear was 60-65 kts, with a very high 20-30 kts of 0-1 km shear, while SRHs near the Ohio River were around 150-200 m2/s2. MLCAPE was 1000 J/kg, and mid-level lapse rates were 6.5 C/km. A 70-90 kt mid-level jet was west of the Quad State. A strong capping inversion suppressed storm activity in the evening, but the strong lift and upper level diffluence won out early morning. Two lines of storms developed after midnight in Southeast Missouri. The first progressed through the I-64 corridor from 0100-0400 CST. The latter was a very potent thunderstorm line racing eastward early morning April 2nd. This line continued throughout the day all the way to West Virginia, being designated a derecho. For Southern Illinois, widespread wind damage occurred with this line, and sections of the line that took a north-south orientation had a much more favorable line-normal component of shear promoting QLCS tornado development. Seven tornadoes originated in Southern Illinois: 2 in Williamson County (EF-2 and EF-1), 1 in Saline County (EF-2), 3 in Gallatin County (all EF-1s), and 1 in White County (EF-2 with the EF-2 damage in Posey County Indiana). Two people suffered laceration injuries due to flying debris with the Saline County tornado. A total of 19 tornadoes were found during this event, the highest single day total for the NWS Paducah forecast area since Halloween 2003 (also 19).",241
1173277,GALLATIN CO.,INMAN,04/02/2024,426,Tornado, ,EF1,0,0,80000,0,IL,CST-6, ,190639,C,59,PAH,0,0,NWS Storm Survey, ,1.96,75,3,S,3,SSE,INMAN,04/02/2024,428,37.7915,-88.1777,37.7892,-88.142,"A brief EF-1 tornado occurred in eastern Gallatin County during the early morning hours of Tuesday, April 2nd. The tornado began about five miles east of Ridgway along Maloney Road. A couple of large farm outbuildings had significant portions of their roofs removed, with debris tossed hundreds of feet. A cattle feed barn was knocked down. One home on Maloney Road suffered shingle damage. After crossing Big Hill Road, the tornado lifted just west of the intersection of Hulda Lake Road and Sand Road. Several trees along the path were uprooted or had large limbs broken. Peak winds were estimated at 95 mph.","Early morning, the surface low was located just north of St. Louis, Missouri, lifting to the NNE as it rapidly deepened. For Southern Illinois, early morning effective bulk shear was 60-65 kts, with a very high 20-30 kts of 0-1 km shear, while SRHs near the Ohio River were around 150-200 m2/s2. MLCAPE was 1000 J/kg, and mid-level lapse rates were 6.5 C/km. A 70-90 kt mid-level jet was west of the Quad State. A strong capping inversion suppressed storm activity in the evening, but the strong lift and upper level diffluence won out early morning. Two lines of storms developed after midnight in Southeast Missouri. The first progressed through the I-64 corridor from 0100-0400 CST. The latter was a very potent thunderstorm line racing eastward early morning April 2nd. This line continued throughout the day all the way to West Virginia, being designated a derecho. For Southern Illinois, widespread wind damage occurred with this line, and sections of the line that took a north-south orientation had a much more favorable line-normal component of shear promoting QLCS tornado development. Seven tornadoes originated in Southern Illinois: 2 in Williamson County (EF-2 and EF-1), 1 in Saline County (EF-2), 3 in Gallatin County (all EF-1s), and 1 in White County (EF-2 with the EF-2 damage in Posey County Indiana). Two people suffered laceration injuries due to flying debris with the Saline County tornado. A total of 19 tornadoes were found during this event, the highest single day total for the NWS Paducah forecast area since Halloween 2003 (also 19).",242
1174133,POSEY CO.,HOVEY,04/02/2024,428,Tornado, ,EF0,0,0,1000,0,IN,CST-6, ,190640,C,129,PAH,0,0,NWS Storm Survey, ,0.38,75,8,W,8,W,HOVEY,04/02/2024,429,37.8857,-88.0846,37.8853,-88.0776,"An EF-1 (peak of EF-0 for the Posey County portion) tornado that began in far northeast Gallatin County, IL crossed into extreme southwest Posey County, IN during the early morning hours of Tuesday, April 2nd, just south of the confluence of the Little Wabash and Wabash Rivers. The tornado lifted shortly after crossing into Posey County, producing tree damage visible from the Illinois side of the river. Estimated peak winds on the Posey County side of the track were 80 mph.","Early morning, the surface low was located just north of St. Louis, Missouri, lifting to the NNE as it rapidly deepened. For Southwest Indiana, early morning effective bulk shear was 65-70 kts, with a very high 25-30 kts of 0-1 km shear, while SRHs were around 150-200 m2/s2. MLCAPE was 1000 J/kg, and mid-level lapse rates were 7 C/km. A 70-90 kt mid-level jet was west of the Quad State. A strong capping inversion suppressed storm activity in the evening, but the strong lift and upper level diffluence won out early morning. Two lines of storms developed after midnight in Southeast Missouri. The first just missed to the north of Gibson County. The latter was a very potent thunderstorm line racing eastward early morning April 2nd. This line continued throughout the day all the way to West Virginia, being designated a derecho. For Southwest Indiana, widespread wind damage occurred with this line, and sections of the line that took a north-south orientation had a much more favorable line-normal component of shear promoting QLCS tornado development. This was the case for Posey, Vanderburgh, and Warrick Counties. Seven tornadoes originated in Southwest Indiana: 2 (both EF-2) in Posey County, 3 in Vanderburgh County (1 EF-2 and 2 EF-1), and 2 in Warrick County (both EF-1). Including county crossovers, there were 4 tornadoes in Posey County, 4 in Vanderburgh County, and 6 in Warrick County. Four tornadoes crossed from Vanderburgh into Warrick County at approximately the same time. There were also 3 microbursts/macrobursts south of the tornado tracks: a microburst in Posey County, a macroburst that progressed from Parkers Settlement in Posey County to Melody Hill in Vanderburgh County, and a microburst south of Boonville in Warrick County. A total of 19 tornadoes were found during this event, the highest single day total for the NWS Paducah forecast area since Halloween 2003 (also 19). Vanderburgh County EMA tallied up at least 42 structures damaged (including 5 with roof damage, 7 houses damaged or destroyed, 7 hours with trees on them, 15 barns or storage structures damaged or destroyed, a gas station overhang blown over, and a radio tower blown over). Additionally, 4 semis or semi-trailers and 4 cars were blown over. Numerous metal power poles were blown over and bent in half along US-41.",243
1174137,WHITE CO.,GARNERVILLE,04/02/2024,430,Tornado, ,EF1,0,0,5000,0,IL,CST-6, ,190639,C,193,PAH,0,0,NWS Storm Survey, ,2.67,100,4,SSE,5,ENE,MAUNIE,04/02/2024,433,38.077,-88.014,38.069,-87.966,"An EF-2 (peak of EF-1 in White County) tornado began in far eastern White County during the early morning hours of April 2nd. The path began near IL 1400 with tree damage. The tornado tracked eastward, crossing the Wabash River into Posey County, IN. Estimated peak winds on the White County portion of the path were 90 mph.","Early morning, the surface low was located just north of St. Louis, Missouri, lifting to the NNE as it rapidly deepened. For Southern Illinois, early morning effective bulk shear was 60-65 kts, with a very high 20-30 kts of 0-1 km shear, while SRHs near the Ohio River were around 150-200 m2/s2. MLCAPE was 1000 J/kg, and mid-level lapse rates were 6.5 C/km. A 70-90 kt mid-level jet was west of the Quad State. A strong capping inversion suppressed storm activity in the evening, but the strong lift and upper level diffluence won out early morning. Two lines of storms developed after midnight in Southeast Missouri. The first progressed through the I-64 corridor from 0100-0400 CST. The latter was a very potent thunderstorm line racing eastward early morning April 2nd. This line continued throughout the day all the way to West Virginia, being designated a derecho. For Southern Illinois, widespread wind damage occurred with this line, and sections of the line that took a north-south orientation had a much more favorable line-normal component of shear promoting QLCS tornado development. Seven tornadoes originated in Southern Illinois: 2 in Williamson County (EF-2 and EF-1), 1 in Saline County (EF-2), 3 in Gallatin County (all EF-1s), and 1 in White County (EF-2 with the EF-2 damage in Posey County Indiana). Two people suffered laceration injuries due to flying debris with the Saline County tornado. A total of 19 tornadoes were found during this event, the highest single day total for the NWS Paducah forecast area since Halloween 2003 (also 19).",244
1174140,POSEY CO.,SAVAH,04/02/2024,433,Tornado, ,EF2,0,0,130000,0,IN,CST-6, ,190640,C,129,PAH,0,0,NWS Storm Survey, ,9.28,250,3,NNE,2,SW,BLAIRSVILLE,04/02/2024,443,38.069,-87.966,38.0631,-87.7956,"An EF-2 tornado struck western Posey County, IN, during the early morning hours of April 2nd. This tornado began in far eastern White County, IL, before proceeding to cross the Wabash River into Posey County. The tornado crossed through Harmonie State Park causing significant tree damage. The tornado tracked to the south-southeast, crossing IN-69 near Lynn with several pine trees snapped at the base. Additional tree damage occurred on Harmony Springfield Rd and Springfield Rd, the latter of which also had an outbuilding collapse. The tornado crossed Oliver Rd and Wade Rd, destroying multiple outbuildings and a grain bin while damaging a roof on Oliver Rd. The tornado track shifts northeastward, eventually merging with another tornado west-southwest of the town of Blairsville. In total, hundreds of trees were uprooted or snapped, several outbuildings/sheds were damaged or destroyed, and minor to moderate roof damage occurred to several homes. Estimated peak wind speeds for the tornado as a whole, and in the Posey County segment, are 115 mph.","Early morning, the surface low was located just north of St. Louis, Missouri, lifting to the NNE as it rapidly deepened. For Southwest Indiana, early morning effective bulk shear was 65-70 kts, with a very high 25-30 kts of 0-1 km shear, while SRHs were around 150-200 m2/s2. MLCAPE was 1000 J/kg, and mid-level lapse rates were 7 C/km. A 70-90 kt mid-level jet was west of the Quad State. A strong capping inversion suppressed storm activity in the evening, but the strong lift and upper level diffluence won out early morning. Two lines of storms developed after midnight in Southeast Missouri. The first just missed to the north of Gibson County. The latter was a very potent thunderstorm line racing eastward early morning April 2nd. This line continued throughout the day all the way to West Virginia, being designated a derecho. For Southwest Indiana, widespread wind damage occurred with this line, and sections of the line that took a north-south orientation had a much more favorable line-normal component of shear promoting QLCS tornado development. This was the case for Posey, Vanderburgh, and Warrick Counties. Seven tornadoes originated in Southwest Indiana: 2 (both EF-2) in Posey County, 3 in Vanderburgh County (1 EF-2 and 2 EF-1), and 2 in Warrick County (both EF-1). Including county crossovers, there were 4 tornadoes in Posey County, 4 in Vanderburgh County, and 6 in Warrick County. Four tornadoes crossed from Vanderburgh into Warrick County at approximately the same time. There were also 3 microbursts/macrobursts south of the tornado tracks: a microburst in Posey County, a macroburst that progressed from Parkers Settlement in Posey County to Melody Hill in Vanderburgh County, and a microburst south of Boonville in Warrick County. A total of 19 tornadoes were found during this event, the highest single day total for the NWS Paducah forecast area since Halloween 2003 (also 19). Vanderburgh County EMA tallied up at least 42 structures damaged (including 5 with roof damage, 7 houses damaged or destroyed, 7 hours with trees on them, 15 barns or storage structures damaged or destroyed, a gas station overhang blown over, and a radio tower blown over). Additionally, 4 semis or semi-trailers and 4 cars were blown over. Numerous metal power poles were blown over and bent in half along US-41.",245
1173056,UNION CO.,RALEIGH,04/02/2024,434,Tornado, ,EF2,0,0,500000,0,KY,CST-6, ,190641,C,225,PAH,0,0,NWS Storm Survey, ,6.84,150,4,NE,2,SE,UNIONTOWN,04/02/2024,440,37.7631,-88.0314,37.749,-87.9074,"This EF-2 tornado touched down along the Ohio River in far western Union County with damage to several trees by the river. It travelled eastward, uprooting a tree at KY-871, then sliding a barn off its foundation on its second crossing of KY-871. Crossing Hilltop Rd, the tornado passed about 1.5 miles south of Uniontown. Considerable damage occurred to several homes in the Cottingham Acres Rd area along KY-130. This included significant roof damage, homes being shifted off their foundation, and an overturned manufactured home. Dozens of trees were uprooted or snapped along the path. The tornado lifted just east of Hodgins Rd after flipping a trailer several yards and turning a tractor trailer onto its side. Peak winds were estimated at 120 mph.","Early morning, the surface low was located just north of St. Louis, Missouri, lifting to the NNE as it rapidly deepened. For Western Kentucky, early morning effective bulk shear was 60 kts, with a very high 30 kts of 0-1 km shear, while SRHs near the Ohio River were around 200 m2/s2. MLCAPE was 1000-1500 J/kg, and mid-level lapse rates were 7 C/km. A 70-90 kt mid-level jet was west of the Quad State. A strong capping inversion suppressed storm activity in the evening, but the strong lift and upper level diffluence won out early morning. Two lines of storms developed after midnight in Southeast Missouri. The latter was a very potent thunderstorm line racing eastward early morning April 2nd with the southern end of the line of severe weather just over the Ohio River in Western Kentucky. Weaker thunderstorm activity occurred further south in the southern Jackson Purchase and most of the Pennyrile. This line continued throughout the day all the way to West Virginia, being designated a derecho. For Western Kentucky, 4 tornadoes occurred, 1 in far Western McCracken County (EF-1), and 3 in Union County (1 EF-2, 2 EF-1), with 1 injury due to a tree falling on a manufactured home from the Sullivan tornado in Union County.  According to county EMA, in Union County, 22 homes were damaged, with 8 destroyed and 3 suffering major damage. A few instances of straight-line wind damage also occurred in counties bordering the Ohio River (Ballard, McCracken, and Union).",246
1174142,POSEY CO.,NEW HARMONY,04/02/2024,437,Tornado, ,EF2,0,0,250000,0,IN,CST-6, ,190640,C,129,PAH,0,0,NWS Storm Survey, ,11.56,250,3,S,0,NNE,PARKERS SETTLEMENT,04/02/2024,448,38.0941,-87.9229,38.0556,-87.716,"An EF-2 occurred in Central Posey County, IN, early morning on April 2nd. The path started just east of IN-69, resulting in tree and powerline damage as it moved southeastward towards Harmony Township Rd. Large portions of a roof were blown off a home on Harmony Township Rd, while a roof and several walls were blown off of a barn on Williams Rd. The tornado continued to track southeastward, eventually merging with another tornado west-southwest of Blairsville. North of Parkers Settlement, the tornado destroyed a barn on IN-66 and threw a garage roof south and east at Rexing Rd. The tornado lifted just north of Parkers Settlement, after which straight-line wind damage continued into Vanderburgh County on the north side of Evansville. In total, hundreds of trees were snapped or uprooted, dozens of outbuildings were damaged or destroyed, and minor to moderate damage occurred to several homes. Estimated peak winds with this tornado were 115 mph.","Early morning, the surface low was located just north of St. Louis, Missouri, lifting to the NNE as it rapidly deepened. For Southwest Indiana, early morning effective bulk shear was 65-70 kts, with a very high 25-30 kts of 0-1 km shear, while SRHs were around 150-200 m2/s2. MLCAPE was 1000 J/kg, and mid-level lapse rates were 7 C/km. A 70-90 kt mid-level jet was west of the Quad State. A strong capping inversion suppressed storm activity in the evening, but the strong lift and upper level diffluence won out early morning. Two lines of storms developed after midnight in Southeast Missouri. The first just missed to the north of Gibson County. The latter was a very potent thunderstorm line racing eastward early morning April 2nd. This line continued throughout the day all the way to West Virginia, being designated a derecho. For Southwest Indiana, widespread wind damage occurred with this line, and sections of the line that took a north-south orientation had a much more favorable line-normal component of shear promoting QLCS tornado development. This was the case for Posey, Vanderburgh, and Warrick Counties. Seven tornadoes originated in Southwest Indiana: 2 (both EF-2) in Posey County, 3 in Vanderburgh County (1 EF-2 and 2 EF-1), and 2 in Warrick County (both EF-1). Including county crossovers, there were 4 tornadoes in Posey County, 4 in Vanderburgh County, and 6 in Warrick County. Four tornadoes crossed from Vanderburgh into Warrick County at approximately the same time. There were also 3 microbursts/macrobursts south of the tornado tracks: a microburst in Posey County, a macroburst that progressed from Parkers Settlement in Posey County to Melody Hill in Vanderburgh County, and a microburst south of Boonville in Warrick County. A total of 19 tornadoes were found during this event, the highest single day total for the NWS Paducah forecast area since Halloween 2003 (also 19). Vanderburgh County EMA tallied up at least 42 structures damaged (including 5 with roof damage, 7 houses damaged or destroyed, 7 hours with trees on them, 15 barns or storage structures damaged or destroyed, a gas station overhang blown over, and a radio tower blown over). Additionally, 4 semis or semi-trailers and 4 cars were blown over. Numerous metal power poles were blown over and bent in half along US-41.",247
1173052,UNION CO.,CHAPMAN,04/02/2024,441,Tornado, ,EF1,0,0,85000,0,KY,CST-6, ,190641,C,225,PAH,0,0,NWS Storm Survey, ,1.24,50,1,E,1,N,FLOURNOY,04/02/2024,442,37.7209,-87.8936,37.7175,-87.8714,"A brief EF-1 tornado struck rural portions of central Union County during the early morning hours. The tornado began just west of Wallie Clements Road, where a small shed was destroyed and a home suffered shingle and facia damage. Traveling east-southeast, the tornado severely damaged the roof and walls of a large, newly-built farm outbuilding located northwest of KY-359. The tornado dissipated after damaging a carport near a home along KY-141. Several trees also suffered damage to large limbs along the path. Peak winds were estimated at 100 mph.","Early morning, the surface low was located just north of St. Louis, Missouri, lifting to the NNE as it rapidly deepened. For Western Kentucky, early morning effective bulk shear was 60 kts, with a very high 30 kts of 0-1 km shear, while SRHs near the Ohio River were around 200 m2/s2. MLCAPE was 1000-1500 J/kg, and mid-level lapse rates were 7 C/km. A 70-90 kt mid-level jet was west of the Quad State. A strong capping inversion suppressed storm activity in the evening, but the strong lift and upper level diffluence won out early morning. Two lines of storms developed after midnight in Southeast Missouri. The latter was a very potent thunderstorm line racing eastward early morning April 2nd with the southern end of the line of severe weather just over the Ohio River in Western Kentucky. Weaker thunderstorm activity occurred further south in the southern Jackson Purchase and most of the Pennyrile. This line continued throughout the day all the way to West Virginia, being designated a derecho. For Western Kentucky, 4 tornadoes occurred, 1 in far Western McCracken County (EF-1), and 3 in Union County (1 EF-2, 2 EF-1), with 1 injury due to a tree falling on a manufactured home from the Sullivan tornado in Union County.  According to county EMA, in Union County, 22 homes were damaged, with 8 destroyed and 3 suffering major damage. A few instances of straight-line wind damage also occurred in counties bordering the Ohio River (Ballard, McCracken, and Union).",248
1173006,UNION CO.,SULLIVAN,04/02/2024,446,Tornado, ,EF1,0,1,130000,0,KY,CST-6, ,190641,C,225,PAH,0,0,NWS Storm Survey, ,0.72,100,0,S,1,ESE,SULLIVAN,04/02/2024,447,37.4936,-87.9488,37.4938,-87.9356,"An EF-1 tornado struck near the community of Sullivan in southern Union County during the early morning hours. The tornado began near the intersection of US Hwy 60 and Sullivan Road, where a large farm outbuilding was severely damaged. After passing through a farm field, the tornado did roof damage to two homes on Cowan Road. Further east along KY-109, the tornado snapped several large trees at their base. One tree fell onto a double-wide manufactured home, where falling debris struck and injured the head of its occupant. The tornado dissipated very shortly thereafter. Peak winds were estimated at 105 mph.","Early morning, the surface low was located just north of St. Louis, Missouri, lifting to the NNE as it rapidly deepened. For Western Kentucky, early morning effective bulk shear was 60 kts, with a very high 30 kts of 0-1 km shear, while SRHs near the Ohio River were around 200 m2/s2. MLCAPE was 1000-1500 J/kg, and mid-level lapse rates were 7 C/km. A 70-90 kt mid-level jet was west of the Quad State. A strong capping inversion suppressed storm activity in the evening, but the strong lift and upper level diffluence won out early morning. Two lines of storms developed after midnight in Southeast Missouri. The latter was a very potent thunderstorm line racing eastward early morning April 2nd with the southern end of the line of severe weather just over the Ohio River in Western Kentucky. Weaker thunderstorm activity occurred further south in the southern Jackson Purchase and most of the Pennyrile. This line continued throughout the day all the way to West Virginia, being designated a derecho. For Western Kentucky, 4 tornadoes occurred, 1 in far Western McCracken County (EF-1), and 3 in Union County (1 EF-2, 2 EF-1), with 1 injury due to a tree falling on a manufactured home from the Sullivan tornado in Union County.  According to county EMA, in Union County, 22 homes were damaged, with 8 destroyed and 3 suffering major damage. A few instances of straight-line wind damage also occurred in counties bordering the Ohio River (Ballard, McCracken, and Union).",249
1174155,POSEY CO.,WADESVILLE,04/02/2024,447,Tornado, ,EF2,0,0,150000,0,IN,CST-6, ,190640,C,129,PAH,0,0,NWS Storm Survey, ,1.33,200,3,ENE,4,NNE,PARKERS SETTLEMENT,04/02/2024,448,38.1113,-87.7214,38.1098,-87.6971,"An EF-2 tornado struck far eastern portions of Posey County, IN, in the St. Wendel area. This tornado began by damaging an outbuilding on Spahn Rd. Significant roof damage occurred to a home on Will Rd, with several homes losing their entire roof on Saint Wendel Cynthiana Rd. The tornado crossed over to Vanderburgh County north of St. Wendel continuing all the way through Vanderburgh into Warrick County. Peak estimated wind gusts with this tornado as a whole and in Posey County were 120 mph.","Early morning, the surface low was located just north of St. Louis, Missouri, lifting to the NNE as it rapidly deepened. For Southwest Indiana, early morning effective bulk shear was 65-70 kts, with a very high 25-30 kts of 0-1 km shear, while SRHs were around 150-200 m2/s2. MLCAPE was 1000 J/kg, and mid-level lapse rates were 7 C/km. A 70-90 kt mid-level jet was west of the Quad State. A strong capping inversion suppressed storm activity in the evening, but the strong lift and upper level diffluence won out early morning. Two lines of storms developed after midnight in Southeast Missouri. The first just missed to the north of Gibson County. The latter was a very potent thunderstorm line racing eastward early morning April 2nd. This line continued throughout the day all the way to West Virginia, being designated a derecho. For Southwest Indiana, widespread wind damage occurred with this line, and sections of the line that took a north-south orientation had a much more favorable line-normal component of shear promoting QLCS tornado development. This was the case for Posey, Vanderburgh, and Warrick Counties. Seven tornadoes originated in Southwest Indiana: 2 (both EF-2) in Posey County, 3 in Vanderburgh County (1 EF-2 and 2 EF-1), and 2 in Warrick County (both EF-1). Including county crossovers, there were 4 tornadoes in Posey County, 4 in Vanderburgh County, and 6 in Warrick County. Four tornadoes crossed from Vanderburgh into Warrick County at approximately the same time. There were also 3 microbursts/macrobursts south of the tornado tracks: a microburst in Posey County, a macroburst that progressed from Parkers Settlement in Posey County to Melody Hill in Vanderburgh County, and a microburst south of Boonville in Warrick County. A total of 19 tornadoes were found during this event, the highest single day total for the NWS Paducah forecast area since Halloween 2003 (also 19). Vanderburgh County EMA tallied up at least 42 structures damaged (including 5 with roof damage, 7 houses damaged or destroyed, 7 hours with trees on them, 15 barns or storage structures damaged or destroyed, a gas station overhang blown over, and a radio tower blown over). Additionally, 4 semis or semi-trailers and 4 cars were blown over. Numerous metal power poles were blown over and bent in half along US-41.",250
1174189,VANDERBURGH CO.,MARTIN,04/02/2024,447,Tornado, ,EF2,0,0,500000,0,IN,CST-6, ,190640,C,163,PAH,0,0,NWS Storm Survey, ,11.88,250,2,NNW,0,NE,ELLIOTT,04/02/2024,459,38.1501,-87.6823,38.1227,-87.4665,"An EF-2 tornado formed in far western Vanderburgh County during the early morning hours of April 2nd. After producing tree damage initially, the tornado tracked east-southeastward. One home on Nisbet Rd lost many shingles, while another lost a section of the roof. Roof damage occurred on Wallemmeyer Rd as well, with missiles embedded into the barn. On Owensville Rd, a barn lost its roof while a grain silo was heavily damaged. A 32 ft trailer flipped on its side on Schillinger Rd and electrical transmission line poles were broken. More barn, roof, and tree damage occurred further southeast. The tornado shifted to a more easterly path at Baseline Rd, crossing I-69 and overturning a semi truck, before proceeding into Warrick County near Elliott. Overall, hundreds of trees were snapped or uprooted, dozens of outbuildings were damaged or destroyed, minor to moderate damage occurred to several homes, and electrical power poles were snapped. Estimated peak winds for the tornado as a whole and in Vanderburgh County were 115 mph.","Early morning, the surface low was located just north of St. Louis, Missouri, lifting to the NNE as it rapidly deepened. For Southwest Indiana, early morning effective bulk shear was 65-70 kts, with a very high 25-30 kts of 0-1 km shear, while SRHs were around 150-200 m2/s2. MLCAPE was 1000 J/kg, and mid-level lapse rates were 7 C/km. A 70-90 kt mid-level jet was west of the Quad State. A strong capping inversion suppressed storm activity in the evening, but the strong lift and upper level diffluence won out early morning. Two lines of storms developed after midnight in Southeast Missouri. The first just missed to the north of Gibson County. The latter was a very potent thunderstorm line racing eastward early morning April 2nd. This line continued throughout the day all the way to West Virginia, being designated a derecho. For Southwest Indiana, widespread wind damage occurred with this line, and sections of the line that took a north-south orientation had a much more favorable line-normal component of shear promoting QLCS tornado development. This was the case for Posey, Vanderburgh, and Warrick Counties. Seven tornadoes originated in Southwest Indiana: 2 (both EF-2) in Posey County, 3 in Vanderburgh County (1 EF-2 and 2 EF-1), and 2 in Warrick County (both EF-1). Including county crossovers, there were 4 tornadoes in Posey County, 4 in Vanderburgh County, and 6 in Warrick County. Four tornadoes crossed from Vanderburgh into Warrick County at approximately the same time. There were also 3 microbursts/macrobursts south of the tornado tracks: a microburst in Posey County, a macroburst that progressed from Parkers Settlement in Posey County to Melody Hill in Vanderburgh County, and a microburst south of Boonville in Warrick County. A total of 19 tornadoes were found during this event, the highest single day total for the NWS Paducah forecast area since Halloween 2003 (also 19). Vanderburgh County EMA tallied up at least 42 structures damaged (including 5 with roof damage, 7 houses damaged or destroyed, 7 hours with trees on them, 15 barns or storage structures damaged or destroyed, a gas station overhang blown over, and a radio tower blown over). Additionally, 4 semis or semi-trailers and 4 cars were blown over. Numerous metal power poles were blown over and bent in half along US-41.",251
1174160,VANDERBURGH CO.,ST WENDELLS,04/02/2024,448,Tornado, ,EF2,0,0,275000,0,IN,CST-6, ,190640,C,163,PAH,0,0,NWS Storm Survey, ,12.51,250,1,NNE,2,S,DAYLIGHT,04/02/2024,459,38.1098,-87.6971,38.0698,-87.4728,"An EF-2 tornado entered Vanderburgh County, IN, from Posey County in the St. Wendel area during the early morning hours. The tornado tracked east-southeastward across the entire width of Vanderburgh County. Initially tracking near Boonville New Harmony Rd, the strongest damage in Vanderburgh was a roof entirely removed from a home. Minor structural damage to multiple homes occurred in Hillsdale near US-41. A couple homes on Eagle Crossing Drive suffered shingle loss or minor facia damage. Power poles snapped along I-69. The tornado crossed I-69, continuing into Warrick County north of Kansas Rd. For the county, numerous outbuildings or sheds were damaged or destroyed along the path. There were hundreds of trees snapped or uprooted as well. Peak estimated wind gusts for this tornado as a whole, and for Vanderburgh County, were 120 mph.","Early morning, the surface low was located just north of St. Louis, Missouri, lifting to the NNE as it rapidly deepened. For Southwest Indiana, early morning effective bulk shear was 65-70 kts, with a very high 25-30 kts of 0-1 km shear, while SRHs were around 150-200 m2/s2. MLCAPE was 1000 J/kg, and mid-level lapse rates were 7 C/km. A 70-90 kt mid-level jet was west of the Quad State. A strong capping inversion suppressed storm activity in the evening, but the strong lift and upper level diffluence won out early morning. Two lines of storms developed after midnight in Southeast Missouri. The first just missed to the north of Gibson County. The latter was a very potent thunderstorm line racing eastward early morning April 2nd. This line continued throughout the day all the way to West Virginia, being designated a derecho. For Southwest Indiana, widespread wind damage occurred with this line, and sections of the line that took a north-south orientation had a much more favorable line-normal component of shear promoting QLCS tornado development. This was the case for Posey, Vanderburgh, and Warrick Counties. Seven tornadoes originated in Southwest Indiana: 2 (both EF-2) in Posey County, 3 in Vanderburgh County (1 EF-2 and 2 EF-1), and 2 in Warrick County (both EF-1). Including county crossovers, there were 4 tornadoes in Posey County, 4 in Vanderburgh County, and 6 in Warrick County. Four tornadoes crossed from Vanderburgh into Warrick County at approximately the same time. There were also 3 microbursts/macrobursts south of the tornado tracks: a microburst in Posey County, a macroburst that progressed from Parkers Settlement in Posey County to Melody Hill in Vanderburgh County, and a microburst south of Boonville in Warrick County. A total of 19 tornadoes were found during this event, the highest single day total for the NWS Paducah forecast area since Halloween 2003 (also 19). Vanderburgh County EMA tallied up at least 42 structures damaged (including 5 with roof damage, 7 houses damaged or destroyed, 7 hours with trees on them, 15 barns or storage structures damaged or destroyed, a gas station overhang blown over, and a radio tower blown over). Additionally, 4 semis or semi-trailers and 4 cars were blown over. Numerous metal power poles were blown over and bent in half along US-41.",252
1174185,VANDERBURGH CO.,STACER,04/02/2024,454,Tornado, ,EF1,0,0,225000,0,IN,CST-6, ,190640,C,163,PAH,0,0,NWS Storm Survey, ,6.26,200,1,N,1,N,ELLIOTT,04/02/2024,459,38.1668,-87.573,38.1297,-87.468,"An EF-1 tornado formed at the Gibson/Vanderburgh county line at I-64 near Old Princeton Rd during the early morning hours of April 2nd. The tornado tracked southeastward doing significant damage to roofing material at a farm on US-41 along with broken power poles. Trees were uprooted near the Cambridge Golf Club. On Volkman Rd a pole barn had partial roof loss next to a house with broken windows. The tornado crossed I-69, overturning a semi truck, continuing into Warrick County. Overall, dozens of trees were snapped or uprooted, several outbuildings were damaged or destroyed, and minor to moderate damage occurred at a few homes. Estimated peak winds for the tornado and the Vanderburgh segment were 110 mph.","Early morning, the surface low was located just north of St. Louis, Missouri, lifting to the NNE as it rapidly deepened. For Southwest Indiana, early morning effective bulk shear was 65-70 kts, with a very high 25-30 kts of 0-1 km shear, while SRHs were around 150-200 m2/s2. MLCAPE was 1000 J/kg, and mid-level lapse rates were 7 C/km. A 70-90 kt mid-level jet was west of the Quad State. A strong capping inversion suppressed storm activity in the evening, but the strong lift and upper level diffluence won out early morning. Two lines of storms developed after midnight in Southeast Missouri. The first just missed to the north of Gibson County. The latter was a very potent thunderstorm line racing eastward early morning April 2nd. This line continued throughout the day all the way to West Virginia, being designated a derecho. For Southwest Indiana, widespread wind damage occurred with this line, and sections of the line that took a north-south orientation had a much more favorable line-normal component of shear promoting QLCS tornado development. This was the case for Posey, Vanderburgh, and Warrick Counties. Seven tornadoes originated in Southwest Indiana: 2 (both EF-2) in Posey County, 3 in Vanderburgh County (1 EF-2 and 2 EF-1), and 2 in Warrick County (both EF-1). Including county crossovers, there were 4 tornadoes in Posey County, 4 in Vanderburgh County, and 6 in Warrick County. Four tornadoes crossed from Vanderburgh into Warrick County at approximately the same time. There were also 3 microbursts/macrobursts south of the tornado tracks: a microburst in Posey County, a macroburst that progressed from Parkers Settlement in Posey County to Melody Hill in Vanderburgh County, and a microburst south of Boonville in Warrick County. A total of 19 tornadoes were found during this event, the highest single day total for the NWS Paducah forecast area since Halloween 2003 (also 19). Vanderburgh County EMA tallied up at least 42 structures damaged (including 5 with roof damage, 7 houses damaged or destroyed, 7 hours with trees on them, 15 barns or storage structures damaged or destroyed, a gas station overhang blown over, and a radio tower blown over). Additionally, 4 semis or semi-trailers and 4 cars were blown over. Numerous metal power poles were blown over and bent in half along US-41.",253
1174172,VANDERBURGH CO.,ELLIOTT,04/02/2024,457,Tornado, ,EF1,0,0,60000,0,IN,CST-6, ,190640,C,163,PAH,0,0,NWS Storm Survey, ,2.05,150,3,NW,2,N,ELLIOTT,04/02/2024,459,38.157,-87.5046,38.1508,-87.4677,"An EF-1 tornado struck far northeast Vanderburgh County, IN, during the early morning hours of April 2nd. The tornado began southwest of the I-69 and I-64 interchange with tree damage occurring on Barton Rd. Near the Coal Mine Rd underpass, a semi-truck overturned on I-69. At the county line, a home suffered minor roof damage while many pine trees were snapped. The tornado continued into Warrick County. Estimated peak winds for the Vanderburgh County segment of this tornado were 90 mph.","Early morning, the surface low was located just north of St. Louis, Missouri, lifting to the NNE as it rapidly deepened. For Southwest Indiana, early morning effective bulk shear was 65-70 kts, with a very high 25-30 kts of 0-1 km shear, while SRHs were around 150-200 m2/s2. MLCAPE was 1000 J/kg, and mid-level lapse rates were 7 C/km. A 70-90 kt mid-level jet was west of the Quad State. A strong capping inversion suppressed storm activity in the evening, but the strong lift and upper level diffluence won out early morning. Two lines of storms developed after midnight in Southeast Missouri. The first just missed to the north of Gibson County. The latter was a very potent thunderstorm line racing eastward early morning April 2nd. This line continued throughout the day all the way to West Virginia, being designated a derecho. For Southwest Indiana, widespread wind damage occurred with this line, and sections of the line that took a north-south orientation had a much more favorable line-normal component of shear promoting QLCS tornado development. This was the case for Posey, Vanderburgh, and Warrick Counties. Seven tornadoes originated in Southwest Indiana: 2 (both EF-2) in Posey County, 3 in Vanderburgh County (1 EF-2 and 2 EF-1), and 2 in Warrick County (both EF-1). Including county crossovers, there were 4 tornadoes in Posey County, 4 in Vanderburgh County, and 6 in Warrick County. Four tornadoes crossed from Vanderburgh into Warrick County at approximately the same time. There were also 3 microbursts/macrobursts south of the tornado tracks: a microburst in Posey County, a macroburst that progressed from Parkers Settlement in Posey County to Melody Hill in Vanderburgh County, and a microburst south of Boonville in Warrick County. A total of 19 tornadoes were found during this event, the highest single day total for the NWS Paducah forecast area since Halloween 2003 (also 19). Vanderburgh County EMA tallied up at least 42 structures damaged (including 5 with roof damage, 7 houses damaged or destroyed, 7 hours with trees on them, 15 barns or storage structures damaged or destroyed, a gas station overhang blown over, and a radio tower blown over). Additionally, 4 semis or semi-trailers and 4 cars were blown over. Numerous metal power poles were blown over and bent in half along US-41.",254
1174166,WARRICK CO.,ST JOHN,04/02/2024,459,Tornado, ,EF1,0,0,3000,0,IN,CST-6, ,190640,C,173,PAH,0,0,NWS Storm Survey, ,1.06,150,1,WSW,1,SSW,ST JOHN,04/02/2024,500,38.0698,-87.4728,38.0677,-87.4535,"An EF-2 tornado (peak of EF-1 in the Warrick County portion) entered into Central Warrick County from Vanderburgh County just north of Kansas Rd during the early morning hours of April 2nd. A roughly 150 yd swath of trees were intermittently snapped to the west of Klippel Rd. The tornado trended weaker soon after, lifting east of Euler Rd after damaging tree limbs. Estimated peak winds for the Warrick County segment were 90 mph.","Early morning, the surface low was located just north of St. Louis, Missouri, lifting to the NNE as it rapidly deepened. For Southwest Indiana, early morning effective bulk shear was 65-70 kts, with a very high 25-30 kts of 0-1 km shear, while SRHs were around 150-200 m2/s2. MLCAPE was 1000 J/kg, and mid-level lapse rates were 7 C/km. A 70-90 kt mid-level jet was west of the Quad State. A strong capping inversion suppressed storm activity in the evening, but the strong lift and upper level diffluence won out early morning. Two lines of storms developed after midnight in Southeast Missouri. The first just missed to the north of Gibson County. The latter was a very potent thunderstorm line racing eastward early morning April 2nd. This line continued throughout the day all the way to West Virginia, being designated a derecho. For Southwest Indiana, widespread wind damage occurred with this line, and sections of the line that took a north-south orientation had a much more favorable line-normal component of shear promoting QLCS tornado development. This was the case for Posey, Vanderburgh, and Warrick Counties. Seven tornadoes originated in Southwest Indiana: 2 (both EF-2) in Posey County, 3 in Vanderburgh County (1 EF-2 and 2 EF-1), and 2 in Warrick County (both EF-1). Including county crossovers, there were 4 tornadoes in Posey County, 4 in Vanderburgh County, and 6 in Warrick County. Four tornadoes crossed from Vanderburgh into Warrick County at approximately the same time. There were also 3 microbursts/macrobursts south of the tornado tracks: a microburst in Posey County, a macroburst that progressed from Parkers Settlement in Posey County to Melody Hill in Vanderburgh County, and a microburst south of Boonville in Warrick County. A total of 19 tornadoes were found during this event, the highest single day total for the NWS Paducah forecast area since Halloween 2003 (also 19). Vanderburgh County EMA tallied up at least 42 structures damaged (including 5 with roof damage, 7 houses damaged or destroyed, 7 hours with trees on them, 15 barns or storage structures damaged or destroyed, a gas station overhang blown over, and a radio tower blown over). Additionally, 4 semis or semi-trailers and 4 cars were blown over. Numerous metal power poles were blown over and bent in half along US-41.",255
1174176,WARRICK CO.,ELBERFELD,04/02/2024,459,Tornado, ,EF1,0,0,75000,0,IN,CST-6, ,190640,C,173,PAH,0,0,NWS Storm Survey, ,3.29,200,2,SW,3,SE,ELBERFELD,04/02/2024,503,38.1508,-87.4677,38.1426,-87.408,"An EF-1 tornado progressed into northwestern Warrick County, IN, after having begun in northeast Vanderburgh County during the early morning hours of April 2nd. Damage to several trees in tree lines between Elberfeld Rd and Seven Hills Rd was observed. The tornado continued south-southeastward south of Elberfeld, shifting more eastward at Seven Hills Rd. A barn was destroyed on Seven Hills Rd with tree damage observed further east. The tornado lifted near Pigeon Creek. Estimated peak winds for this tornado and for the Warrick County portion of it, were 105 mph.","Early morning, the surface low was located just north of St. Louis, Missouri, lifting to the NNE as it rapidly deepened. For Southwest Indiana, early morning effective bulk shear was 65-70 kts, with a very high 25-30 kts of 0-1 km shear, while SRHs were around 150-200 m2/s2. MLCAPE was 1000 J/kg, and mid-level lapse rates were 7 C/km. A 70-90 kt mid-level jet was west of the Quad State. A strong capping inversion suppressed storm activity in the evening, but the strong lift and upper level diffluence won out early morning. Two lines of storms developed after midnight in Southeast Missouri. The first just missed to the north of Gibson County. The latter was a very potent thunderstorm line racing eastward early morning April 2nd. This line continued throughout the day all the way to West Virginia, being designated a derecho. For Southwest Indiana, widespread wind damage occurred with this line, and sections of the line that took a north-south orientation had a much more favorable line-normal component of shear promoting QLCS tornado development. This was the case for Posey, Vanderburgh, and Warrick Counties. Seven tornadoes originated in Southwest Indiana: 2 (both EF-2) in Posey County, 3 in Vanderburgh County (1 EF-2 and 2 EF-1), and 2 in Warrick County (both EF-1). Including county crossovers, there were 4 tornadoes in Posey County, 4 in Vanderburgh County, and 6 in Warrick County. Four tornadoes crossed from Vanderburgh into Warrick County at approximately the same time. There were also 3 microbursts/macrobursts south of the tornado tracks: a microburst in Posey County, a macroburst that progressed from Parkers Settlement in Posey County to Melody Hill in Vanderburgh County, and a microburst south of Boonville in Warrick County. A total of 19 tornadoes were found during this event, the highest single day total for the NWS Paducah forecast area since Halloween 2003 (also 19). Vanderburgh County EMA tallied up at least 42 structures damaged (including 5 with roof damage, 7 houses damaged or destroyed, 7 hours with trees on them, 15 barns or storage structures damaged or destroyed, a gas station overhang blown over, and a radio tower blown over). Additionally, 4 semis or semi-trailers and 4 cars were blown over. Numerous metal power poles were blown over and bent in half along US-41.",256
1174191,WARRICK CO.,ST JOHN,04/02/2024,459,Tornado, ,EF1,0,0,20000,0,IN,CST-6, ,190640,C,173,PAH,0,0,NWS Storm Survey, ,3.04,100,3,NNW,2,NNW,MILLERSBURG,04/02/2024,503,38.1227,-87.4665,38.1249,-87.4107,"An EF-2 tornado (max winds EF-1 in Warrick County) crossed into Warrick County just east of Elliott in Vanderburgh County, then progressed eastward damaging trees and a barn door on Base Line Rd. Near the intersection of Bethe Lane and Saint John Rd, another tornado to the north merged into this path. Several trees were uprooted east of Schultz Rd, with the tornado dissipating in the woods. Peak estimated winds were 90 mph in Warrick County with this tornado.","Early morning, the surface low was located just north of St. Louis, Missouri, lifting to the NNE as it rapidly deepened. For Southwest Indiana, early morning effective bulk shear was 65-70 kts, with a very high 25-30 kts of 0-1 km shear, while SRHs were around 150-200 m2/s2. MLCAPE was 1000 J/kg, and mid-level lapse rates were 7 C/km. A 70-90 kt mid-level jet was west of the Quad State. A strong capping inversion suppressed storm activity in the evening, but the strong lift and upper level diffluence won out early morning. Two lines of storms developed after midnight in Southeast Missouri. The first just missed to the north of Gibson County. The latter was a very potent thunderstorm line racing eastward early morning April 2nd. This line continued throughout the day all the way to West Virginia, being designated a derecho. For Southwest Indiana, widespread wind damage occurred with this line, and sections of the line that took a north-south orientation had a much more favorable line-normal component of shear promoting QLCS tornado development. This was the case for Posey, Vanderburgh, and Warrick Counties. Seven tornadoes originated in Southwest Indiana: 2 (both EF-2) in Posey County, 3 in Vanderburgh County (1 EF-2 and 2 EF-1), and 2 in Warrick County (both EF-1). Including county crossovers, there were 4 tornadoes in Posey County, 4 in Vanderburgh County, and 6 in Warrick County. Four tornadoes crossed from Vanderburgh into Warrick County at approximately the same time. There were also 3 microbursts/macrobursts south of the tornado tracks: a microburst in Posey County, a macroburst that progressed from Parkers Settlement in Posey County to Melody Hill in Vanderburgh County, and a microburst south of Boonville in Warrick County. A total of 19 tornadoes were found during this event, the highest single day total for the NWS Paducah forecast area since Halloween 2003 (also 19). Vanderburgh County EMA tallied up at least 42 structures damaged (including 5 with roof damage, 7 houses damaged or destroyed, 7 hours with trees on them, 15 barns or storage structures damaged or destroyed, a gas station overhang blown over, and a radio tower blown over). Additionally, 4 semis or semi-trailers and 4 cars were blown over. Numerous metal power poles were blown over and bent in half along US-41.",257
1174186,WARRICK CO.,ELBERFELD,04/02/2024,459,Tornado, ,EF1,0,0,5000,0,IN,CST-6, ,190640,C,173,PAH,0,0,NWS Storm Survey, ,1,100,3,SSW,3,N,ST JOHN,04/02/2024,501,38.1297,-87.468,38.1246,-87.4507,"An EF-1 tornado continued into Warrick County from Vanderburgh County during the early morning hours on April 2nd. The tornado continues tracking southeastward, producing snapped tree trunks at Bethe Lane where the tornado merged into another tornado track. Estimated peak winds for the Warrick County portion of the tornado were 105 mph.","Early morning, the surface low was located just north of St. Louis, Missouri, lifting to the NNE as it rapidly deepened. For Southwest Indiana, early morning effective bulk shear was 65-70 kts, with a very high 25-30 kts of 0-1 km shear, while SRHs were around 150-200 m2/s2. MLCAPE was 1000 J/kg, and mid-level lapse rates were 7 C/km. A 70-90 kt mid-level jet was west of the Quad State. A strong capping inversion suppressed storm activity in the evening, but the strong lift and upper level diffluence won out early morning. Two lines of storms developed after midnight in Southeast Missouri. The first just missed to the north of Gibson County. The latter was a very potent thunderstorm line racing eastward early morning April 2nd. This line continued throughout the day all the way to West Virginia, being designated a derecho. For Southwest Indiana, widespread wind damage occurred with this line, and sections of the line that took a north-south orientation had a much more favorable line-normal component of shear promoting QLCS tornado development. This was the case for Posey, Vanderburgh, and Warrick Counties. Seven tornadoes originated in Southwest Indiana: 2 (both EF-2) in Posey County, 3 in Vanderburgh County (1 EF-2 and 2 EF-1), and 2 in Warrick County (both EF-1). Including county crossovers, there were 4 tornadoes in Posey County, 4 in Vanderburgh County, and 6 in Warrick County. Four tornadoes crossed from Vanderburgh into Warrick County at approximately the same time. There were also 3 microbursts/macrobursts south of the tornado tracks: a microburst in Posey County, a macroburst that progressed from Parkers Settlement in Posey County to Melody Hill in Vanderburgh County, and a microburst south of Boonville in Warrick County. A total of 19 tornadoes were found during this event, the highest single day total for the NWS Paducah forecast area since Halloween 2003 (also 19). Vanderburgh County EMA tallied up at least 42 structures damaged (including 5 with roof damage, 7 houses damaged or destroyed, 7 hours with trees on them, 15 barns or storage structures damaged or destroyed, a gas station overhang blown over, and a radio tower blown over). Additionally, 4 semis or semi-trailers and 4 cars were blown over. Numerous metal power poles were blown over and bent in half along US-41.",258
1174232,WARRICK CO.,CHANDLER,04/02/2024,504,Tornado, ,EF1,0,0,75000,0,IN,CST-6, ,190640,C,173,PAH,0,0,NWS Storm Survey, ,1.64,100,2,S,3,SE,CHANDLER,04/02/2024,506,38.0199,-87.3629,38.0166,-87.333,"An EF-1 tornado touched down west of IN-261, and then impacted a residential area south of Hunter Rd. Three homes suffered substantial damage to their roofs. The tornado continued east-southeast to S. Center Rd before lifting just east of there. Hundreds of trees were either snapped or uprooted in the path. This survey was completed in partnership with Vanderburgh County and Warrick County Emergency Management Agencies. Estimated peak winds were 95 mph.","Early morning, the surface low was located just north of St. Louis, Missouri, lifting to the NNE as it rapidly deepened. For Southwest Indiana, early morning effective bulk shear was 65-70 kts, with a very high 25-30 kts of 0-1 km shear, while SRHs were around 150-200 m2/s2. MLCAPE was 1000 J/kg, and mid-level lapse rates were 7 C/km. A 70-90 kt mid-level jet was west of the Quad State. A strong capping inversion suppressed storm activity in the evening, but the strong lift and upper level diffluence won out early morning. Two lines of storms developed after midnight in Southeast Missouri. The first just missed to the north of Gibson County. The latter was a very potent thunderstorm line racing eastward early morning April 2nd. This line continued throughout the day all the way to West Virginia, being designated a derecho. For Southwest Indiana, widespread wind damage occurred with this line, and sections of the line that took a north-south orientation had a much more favorable line-normal component of shear promoting QLCS tornado development. This was the case for Posey, Vanderburgh, and Warrick Counties. Seven tornadoes originated in Southwest Indiana: 2 (both EF-2) in Posey County, 3 in Vanderburgh County (1 EF-2 and 2 EF-1), and 2 in Warrick County (both EF-1). Including county crossovers, there were 4 tornadoes in Posey County, 4 in Vanderburgh County, and 6 in Warrick County. Four tornadoes crossed from Vanderburgh into Warrick County at approximately the same time. There were also 3 microbursts/macrobursts south of the tornado tracks: a microburst in Posey County, a macroburst that progressed from Parkers Settlement in Posey County to Melody Hill in Vanderburgh County, and a microburst south of Boonville in Warrick County. A total of 19 tornadoes were found during this event, the highest single day total for the NWS Paducah forecast area since Halloween 2003 (also 19). Vanderburgh County EMA tallied up at least 42 structures damaged (including 5 with roof damage, 7 houses damaged or destroyed, 7 hours with trees on them, 15 barns or storage structures damaged or destroyed, a gas station overhang blown over, and a radio tower blown over). Additionally, 4 semis or semi-trailers and 4 cars were blown over. Numerous metal power poles were blown over and bent in half along US-41.",259
1174206,WARRICK CO.,STANLEY,04/02/2024,505,Tornado, ,EF1,0,0,100000,0,IN,CST-6, ,190640,C,173,PAH,0,0,NWS Storm Survey, ,8.45,200,2,SSE,1,SW,FOLSOMVILLE,04/02/2024,513,38.1413,-87.3349,38.1216,-87.1814,"An EF-1 tornado formed in northern Warrick County, IN, during the early morning hours of April 2nd. The tornado did damage to part of a roof on Turpin Hill Rd along with snapping many trees near the Turpin Hill Rd railroad crossing. The tornado shifted southeastward, regaining an easterly trajectory upon reaching Old Kelly Rd. On Folsomville Rd, a large barn was destroyed and significant shingle damage occurred at a home. The tornado dissipated further east at Austill Rd. Overall, dozens of trees were snapped or uprooted and a few other homes observed minor damage. Estimated peak winds were 100 mph.","Early morning, the surface low was located just north of St. Louis, Missouri, lifting to the NNE as it rapidly deepened. For Southwest Indiana, early morning effective bulk shear was 65-70 kts, with a very high 25-30 kts of 0-1 km shear, while SRHs were around 150-200 m2/s2. MLCAPE was 1000 J/kg, and mid-level lapse rates were 7 C/km. A 70-90 kt mid-level jet was west of the Quad State. A strong capping inversion suppressed storm activity in the evening, but the strong lift and upper level diffluence won out early morning. Two lines of storms developed after midnight in Southeast Missouri. The first just missed to the north of Gibson County. The latter was a very potent thunderstorm line racing eastward early morning April 2nd. This line continued throughout the day all the way to West Virginia, being designated a derecho. For Southwest Indiana, widespread wind damage occurred with this line, and sections of the line that took a north-south orientation had a much more favorable line-normal component of shear promoting QLCS tornado development. This was the case for Posey, Vanderburgh, and Warrick Counties. Seven tornadoes originated in Southwest Indiana: 2 (both EF-2) in Posey County, 3 in Vanderburgh County (1 EF-2 and 2 EF-1), and 2 in Warrick County (both EF-1). Including county crossovers, there were 4 tornadoes in Posey County, 4 in Vanderburgh County, and 6 in Warrick County. Four tornadoes crossed from Vanderburgh into Warrick County at approximately the same time. There were also 3 microbursts/macrobursts south of the tornado tracks: a microburst in Posey County, a macroburst that progressed from Parkers Settlement in Posey County to Melody Hill in Vanderburgh County, and a microburst south of Boonville in Warrick County. A total of 19 tornadoes were found during this event, the highest single day total for the NWS Paducah forecast area since Halloween 2003 (also 19). Vanderburgh County EMA tallied up at least 42 structures damaged (including 5 with roof damage, 7 houses damaged or destroyed, 7 hours with trees on them, 15 barns or storage structures damaged or destroyed, a gas station overhang blown over, and a radio tower blown over). Additionally, 4 semis or semi-trailers and 4 cars were blown over. Numerous metal power poles were blown over and bent in half along US-41.",260
1176630,NELSON CO.,CHAPLIN,04/02/2024,750,Tornado, ,EF1,0,0,0,0,KY,EST-5, ,191095,C,179,LMK,0,0,NWS Storm Survey, ,4.97,125,2,N,4,ESE,CHAPLIN,04/02/2024,755,37.9341,-85.2201,37.886,-85.154,"The National Weather Service conducted a storm damage assessment survey in Nelson County from the storms mid morning, April 2. The tornado touched down between Maude Cooksey Lane and Hagan Lane, just northwest of Chaplin, in northeast Nelson County. Drone photography and a resident showed extensive tree damage in the|middle of a farmers field near several farmers ponds. Winds speeds were around 80 mph with a width of 75 yards. The tornado increased in speed to EF1 90 mph all along Hahn Ridge Road. 10 Barns had extensive roof damage, with debris spread to the|east through southerly directions and parts of the barn were thrown up to a half a mile downwind. The width increased to 125 yards.   ||There was extensive tree damage along with significant structural damage to the Barndominium at KY 62 and Hahn Ridge Road on the north side of 62.  This large barn garage structure, lost its entire side garage and was thrown several hundred yards to the east southeast. There were significant 2 by 4 and 2 by 8 boards impairments up to 300 yards downwind. Winds increased to EF1 95 mph with a width of 125 mph. There were trees uprooted and topped along Prather Ridge Road as the tornado continued to move to the east southeast. The tornado was consistently around 85 mph, EF0, with a width of 125 yards. There was uplift of two outbuildings along love Ridge Road, along with uprooted and topped trees.  Winds speeds were around 85 mph with a width of |100 yards. The tornado was weakening as it crossed Kentucky 555 and the Chaplain River into Washington County. The EF1 tornado traveled a total of 5.02 miles before lifting just across the Washington County line.","As a surface low cut across Missouri and Illinois, its eastward stretching warm front moved north across central Indiana while its cold front moved east towards the Lower Ohio Valley. This placed central Kentucky in the warm sector, where 3 separate lines of convection moved through during the day. The first line of storms generating from an early morning outflow boundary dropped southeast through the area. This produced six tornadoes, mainly through the Bluegrass region. The second line, moving west to east, just produced some passing showers and thunderstorms. The third line, just ahead of the cold front, moved through during the evening hours. This produced three more tornadoes along the Interstate 71 corridor. One of these tornadoes began in Clark County, Indiana before crossing the Ohio River into Kentucky.",261
1176642,WASHINGTON CO.,TATHAM SPGS,04/02/2024,755,Tornado, ,EF0,0,0,0,0,KY,EST-5, ,191095,C,229,LMK,0,0,NWS Storm Survey, ,0.05,60,2,WNW,2,WNW,TATHAM SPGS,04/02/2024,756,37.886,-85.154,37.8853,-85.1538,"As the tornado was exiting Nelson County and entering Washington County, it was weakening as it crossed Kentucky 555 and the Chaplain River. There were a few top trees and wind speeds had decreased to 75 mph with a width of 60 yards before the tornado lifted. This EF1 tornado traveled a total of 5.02 miles from where it began near Maude Cooksey Lane and Hagan Lane in Nelson County to where it ended in Washington County.","As a surface low cut across Missouri and Illinois, its eastward stretching warm front moved north across central Indiana while its cold front moved east towards the Lower Ohio Valley. This placed central Kentucky in the warm sector, where 3 separate lines of convection moved through during the day. The first line of storms generating from an early morning outflow boundary dropped southeast through the area. This produced six tornadoes, mainly through the Bluegrass region. The second line, moving west to east, just produced some passing showers and thunderstorms. The third line, just ahead of the cold front, moved through during the evening hours. This produced three more tornadoes along the Interstate 71 corridor. One of these tornadoes began in Clark County, Indiana before crossing the Ohio River into Kentucky.",262
1176627,ANDERSON CO.,SINAI,04/02/2024,756,Tornado, ,EF1,0,0,0,0,KY,EST-5, ,191095,C,5,LMK,0,0,NWS Storm Survey, ,2.1,150,1,WNW,1,SE,SINAI,04/02/2024,759,37.9558,-85.0453,37.9384,-85.0143,"The National Weather Service conducted a storm damage assessment survey in Anderson County from the storms mid morning, April 2. The tornado touched down in far southwest Anderson county just off Mays Road (just west of KY 53) snapping and twisting some trees. Winds speeds were around 75 mph with a width of 50 yards.|The tornado increased in speed to EF1, 95 mph along Willisburg Road (KY 53). ||A well built home had extensive roof damage, 2 barns lost large sections of their roofs. Insulation and metal sheeting from the barns were thrown up to 300 yards to the east and southerly direction. The resident was in his basement, and heard the roar and had his ear pop from the low pressure. The width increased to 100 yards.  ||The tornado continued moving to the east southeast damaging more trees on Baxter Ridge Road. One house had shingle, soffit and gutter damage. Winds speeds were EF0, 85 mph with a width of 150 yards. Drone photography was used to find the ending point in a grove of trees, halfway between Baxter Ridge Road and Puncheon Creek Road. Drone photography found a few topped and uprooted trees. Winds speeds were around EF0, 75 mph, with a width of 50 yards.","As a surface low cut across Missouri and Illinois, its eastward stretching warm front moved north across central Indiana while its cold front moved east towards the Lower Ohio Valley. This placed central Kentucky in the warm sector, where 3 separate lines of convection moved through during the day. The first line of storms generating from an early morning outflow boundary dropped southeast through the area. This produced six tornadoes, mainly through the Bluegrass region. The second line, moving west to east, just produced some passing showers and thunderstorms. The third line, just ahead of the cold front, moved through during the evening hours. This produced three more tornadoes along the Interstate 71 corridor. One of these tornadoes began in Clark County, Indiana before crossing the Ohio River into Kentucky.",263
1176622,WOODFORD CO.,PINCKARD,04/02/2024,811,Tornado, ,EF1,0,0,0,0,KY,EST-5, ,191095,C,239,LMK,0,0,NWS Storm Survey, ,1.09,300,1,NNW,0,ESE,PINCKARD,04/02/2024,814,37.981,-84.6843,37.968,-84.673,"The tornado first touched down causing roof damage to two barns just west of Pinckard Pike before the Woodford/Jessamine border. The owner was in the house northeast of those barns and witnessed the roofs peeling off towards the northeast and then saw them change direction, taking a hard right. A tree north of the property fell towards the south and a home on the north side had a window broken by debris travelling north. The southern barn had its southern wall partially thrown to the south and a stone |culvert had a few stones pushed south as well. Across the street from this barn several trees were downed and in a somewhat convergent pattern. A garage door was blown out and the south facing wall got pushed outward. The tornado traveled south southeastward with more tree damage noted along Pinckard Pike before the tornado crossed into Jessamine County. The total path length of the EF1 tornado which began in Woodford County and ended in Jessamine County was 1.82 miles.","As a surface low cut across Missouri and Illinois, its eastward stretching warm front moved north across central Indiana while its cold front moved east towards the Lower Ohio Valley. This placed central Kentucky in the warm sector, where 3 separate lines of convection moved through during the day. The first line of storms generating from an early morning outflow boundary dropped southeast through the area. This produced six tornadoes, mainly through the Bluegrass region. The second line, moving west to east, just produced some passing showers and thunderstorms. The third line, just ahead of the cold front, moved through during the evening hours. This produced three more tornadoes along the Interstate 71 corridor. One of these tornadoes began in Clark County, Indiana before crossing the Ohio River into Kentucky.",264
1176624,JESSAMINE CO.,DIXON TOWN,04/02/2024,814,Tornado, ,EF1,0,0,0,0,KY,EST-5, ,191095,C,113,LMK,0,0,NWS Storm Survey, ,0.69,300,3,NNW,2,NNW,DIXON TOWN,04/02/2024,815,37.968,-84.673,37.9643,-84.6613,"After the tornado crossed into Jessamine County from Woodford County, the tornado took a bit of left turn towards a property where it caused damage to multiple structures. Two barns were demolished and another had significant roof damage. One barn was pushed in two directions off its stone foundation. The damage path for part of the barn went to the southeast and another part went farther downstream to the northeast. The tornado broke a couple more limbs before lifting. The EF1 tornado was on the ground for a total of 1.82 miles from where it began in Woodford County and ended in Jessamine County.","As a surface low cut across Missouri and Illinois, its eastward stretching warm front moved north across central Indiana while its cold front moved east towards the Lower Ohio Valley. This placed central Kentucky in the warm sector, where 3 separate lines of convection moved through during the day. The first line of storms generating from an early morning outflow boundary dropped southeast through the area. This produced six tornadoes, mainly through the Bluegrass region. The second line, moving west to east, just produced some passing showers and thunderstorms. The third line, just ahead of the cold front, moved through during the evening hours. This produced three more tornadoes along the Interstate 71 corridor. One of these tornadoes began in Clark County, Indiana before crossing the Ohio River into Kentucky.",265
1176619,JESSAMINE CO.,BRANNON,04/02/2024,818,Tornado, ,EF1,0,0,0,0,KY,EST-5, ,191095,C,113,LMK,0,0,NWS Storm Survey, ,0.42,150,1,S,1,SSE,BRANNON,04/02/2024,819,37.9372,-84.5483,37.9328,-84.543,"The National Weather Service conducted a storm damage assessment survey in Jessamine County from the storms mid-morning, April 2.||The tornado touched down on the northeast side of Nicholasville off of US 27 just south of the Sam's Club, but north of the Providence school. The tornado touched down just west of US 27 by storage shed roadside company. Two of the storage sheds were picked up and thrown onto the highway. Winds speeds were 90 mph (EF1), with a damage width of 75 yards. ||The tornado crossed US 27 and increased in speed and size, going into the Park Central Industrial Park doing the most extensive damage of the short tornado track. Many buildings and warehouses had significant portions of their roof torn apart, doors blown |out, and wall panels pulled away from their buildings. Buildings that did not lose any part of the roof had numerous shingles removed from the top of the roofs.||There were impalements of boards and drywall into surrounding buildings and the ground. Winds speeds were 110 mph, EF1, with a width of 150 yards. A car lot had 3 vehicles picked up and flipped over and a very heavy travel trailer was moved 20 yards and shifted 30 degrees to the east northeast. Debris from the industrial park was thrown into a heavily wooded area and thrown in directions from the east northeast all the way to the southeast.","As a surface low cut across Missouri and Illinois, its eastward stretching warm front moved north across central Indiana while its cold front moved east towards the Lower Ohio Valley. This placed central Kentucky in the warm sector, where 3 separate lines of convection moved through during the day. The first line of storms generating from an early morning outflow boundary dropped southeast through the area. This produced six tornadoes, mainly through the Bluegrass region. The second line, moving west to east, just produced some passing showers and thunderstorms. The third line, just ahead of the cold front, moved through during the evening hours. This produced three more tornadoes along the Interstate 71 corridor. One of these tornadoes began in Clark County, Indiana before crossing the Ohio River into Kentucky.",266
1176612,BOURBON CO.,MONTEREY,04/02/2024,820,Tornado, ,EF1,0,0,0,0,KY,EST-5, ,191095,C,17,LMK,0,0,NWS Storm Survey, ,7.86,100,2,SSE,3,ENE,AUSTERLITZ,04/02/2024,828,38.1471,-84.3042,38.093,-84.177,"This fairly long-tornado, for a squall line, started off as a trio of funnels that merged into one tornado at touchdown, per eyewitness accounts on a farm off Bethlehem Road. Multiple structures on the farm had damage. The tornado continued east|southeast thru rural parts of southern Bourbon County with few roads to gain good access to damage, but there were some trees down in Sidville and south of Escondida.  The most extensive and widespread damage occurred at Hidden Rose Farm. A lot of people had gathered to fix the damage, but evidence of the tornado still was clear. An open arena structure almost totally collapsed, with one wall standing. Another downstream stable had roof damage including a 4x6 wood beam that was lodged in the metal roof, though that roof was fixed by the time of the survey. Multiple trailers were flipped as well. 2 horses were taken to the animal hospital and 4 others had lacerations. The tornado continued southeast to a large property off the 6700 block of Paris Rd, in far north Clark County. In total the tornado covered 13.44 miles. ||This EF1 tornado covered 13.44 miles in total.","As a surface low cut across Missouri and Illinois, its eastward stretching warm front moved north across central Indiana while its cold front moved east towards the Lower Ohio Valley. This placed central Kentucky in the warm sector, where 3 separate lines of convection moved through during the day. The first line of storms generating from an early morning outflow boundary dropped southeast through the area. This produced six tornadoes, mainly through the Bluegrass region. The second line, moving west to east, just produced some passing showers and thunderstorms. The third line, just ahead of the cold front, moved through during the evening hours. This produced three more tornadoes along the Interstate 71 corridor. One of these tornadoes began in Clark County, Indiana before crossing the Ohio River into Kentucky.",267
1176614,CLARK CO.,RENICK,04/02/2024,828,Tornado, ,EF1,0,0,0,0,KY,EST-5, ,191095,C,49,LMK,0,0,NWS Storm Survey, ,4.82,100,2,NE,0,E,WADES MILL,04/02/2024,835,38.093,-84.177,38.0704,-84.0932,"After exiting Bourbon County, the tornado continued southeast to a large property off the 6700 block of Paris Rd, in far north Clark County. The home had several older healthy trees near the home downed as well as a barn demolished. A very old|stone cabin downwind of the home escaped damage, likely because of the upstream trees and the home structure. Some additional tree damage occurred along Pretty Run Rd. The tornado last caused damage to a large new barn in Wades Mill area before lifting. In total, the EF1 tornado covered 13.44 miles after beginning near Bethlehem Road in Bourbon County and ending in Clark County.","As a surface low cut across Missouri and Illinois, its eastward stretching warm front moved north across central Indiana while its cold front moved east towards the Lower Ohio Valley. This placed central Kentucky in the warm sector, where 3 separate lines of convection moved through during the day. The first line of storms generating from an early morning outflow boundary dropped southeast through the area. This produced six tornadoes, mainly through the Bluegrass region. The second line, moving west to east, just produced some passing showers and thunderstorms. The third line, just ahead of the cold front, moved through during the evening hours. This produced three more tornadoes along the Interstate 71 corridor. One of these tornadoes began in Clark County, Indiana before crossing the Ohio River into Kentucky.",268
1176387,CLARK CO.,BECKNERVILLE,04/02/2024,830,Tornado, ,EF1,0,0,0,0,KY,EST-5, ,191095,C,49,LMK,0,0,NWS Storm Survey, ,1.94,150,1,WNW,1,S,BECKNERVILLE,04/02/2024,833,37.9754,-84.3056,37.9586,-84.2806,"Tornado damage appeared to have started to a barn and some trees across a field from each other west of Combs Ferry Road. The tornado continued southeast towards homes on a family's property. Trees were downed here with some outfieldings' roofs damaged.|Residents of one home said a set of 2nd story windows popped out and fell to the ground. Another nearby resident said all the interior doors of their home opened up as the tornado passed by. A security camera video showed a white intense area of rainfall|moving across the property in an area where a row of trees ended up getting snapped. The tornado continued east southeastward toward a home near the intersection of Jones Nursery Road and Combs Ferry Road. The resident was in a nearby attached garage when it went through. He witnessed the rains going in one direction before the tornado hit and then switch quickly to a different direction behind it. One section of the main home's roof was completely taken off and thrown east southeast.  The wind hit the west-facing garage doors flush, causing both doors to buckle but not collapse. The brick work in between the doors was buckled as well. No further damage was noted southeast of this property, so the tornado appeared to have lifted by this point. There were several trees downed on the south side of the tornado, likely with strong inflow winds. Jones Nursery Road had trees down all along the road, but most of the damage had been cleaned up before the survey occurred.","As a surface low cut across Missouri and Illinois, its eastward stretching warm front moved north across central Indiana while its cold front moved east towards the Lower Ohio Valley. This placed central Kentucky in the warm sector, where 3 separate lines of convection moved through during the day. The first line of storms generating from an early morning outflow boundary dropped southeast through the area. This produced six tornadoes, mainly through the Bluegrass region. The second line, moving west to east, just produced some passing showers and thunderstorms. The third line, just ahead of the cold front, moved through during the evening hours. This produced three more tornadoes along the Interstate 71 corridor. One of these tornadoes began in Clark County, Indiana before crossing the Ohio River into Kentucky.",269
1172696,BATH CO.,SHARPSBURG,04/02/2024,837,Tornado, ,EF0,0,0,200000,10000,KY,EST-5, ,190672,C,11,JKL,0,0,NWS Storm Survey, ,0.36,75,2,S,2,S,SHARPSBURG,04/02/2024,838,38.1756,-83.9282,38.1756,-83.9282,"A quick spin up occurred as winds descended to the ground in NW Bath County, hitting a house on top of a ridge off of Springfield Road (south of Sharpsburg), along with trees and a barn in the adjacent holler to the east. From this point forward, the event became more straight-line wind dominated and continued to be so throughout much of the county. The house sustained substantial damage. A large section of roofing was removed, including a large hole into the master closet. All windows around entire house had been bowed in, bending the frames and cracking the molding around them. Grass, dirt, insulation, and other small debris was also plastered to windows, doors, and siding on all sides of the house, including on all sides of a sheltered screen in porch. Flashing was also removed from inside the sheltered porch. Basement doors on other side of sheltering retaining wall were buckled in by the force of the wind (and possible change in pressure). House also had multiple cracks along the exterior brick-work that were not there before. In addition, it moved several things outside, including a large trailer holding the front of a combine, twisting the tongue of the trailer. Debris from the house was blown several hundred yards away, and some has not yet been found. Farther down from the house, numerous trees and a barn was hit. The barn is still standing, but sustained substantial damage to the SE corner.","Eastern Kentucky's first substantial severe weather day of 2024 occurred on April 2nd, as a rapidly intensifying low pressure system tracked just northwest of the area. The first round of severe weather occurred between 9 AM and 12 PM as a line of severe thunderstorms raced eastward and impacted many locations near and north of the Mountain Parkway. Along this line, several surges and pockets of circulation developed over the Bluegrass. Bath County suffered the brunt of the line, with many instances of straight line wind damage, though substantial damage was also observed in Fleming and Rowan counties. Pockets of damage were also noted in most other counties along and north of the Parkway. An NWS storm survey estimated that winds reached 70 to 90 knots in three northwest to southeast-oriented swaths across Bath County. A couple of brief spin-up tornadoes also appear to have occurred within 2 of the swaths near the communities of Sharpsburg and Reynoldsville.  ||Once the late morning thunderstorm activity weakened, a messy mixture of showers and a few thunderstorms lifted across eastern Kentucky through the afternoon. Severe weather was not observed again until early evening when a couple of supercell thunderstorms developed over central/eastern Tennessee and moved into southeast Kentucky. The first storm, tracking northeast just east of Pine Mountain, produced a swath of hail up to half dollar size, though much of it likely fell in remote and rugged terrain. A second supercell thunderstorm moved northeast across the Cumberland River basin and eventually weakened over the basin of the South Fork Kentucky River. This storm produced pockets of wind damage, the most severe of which was observed in northeast Whitley County where many trees, multiple structures and an RV park suffered significant damage. An NWS storm survey found damage consistent with winds gusts of 80 to 90 mph in this area about 7 miles southwest of Corbin. Additional details on this straight line wind event in Whitley County and also the straight line wind/tornado event in the Bluegrass are available here and here, respectively.",270
1172793,BATH CO.,REYNOLDSVILLE,04/02/2024,839,Tornado, ,EF0,0,0,40000,0,KY,EST-5, ,190672,C,11,JKL,0,0,NWS Storm Survey, ,0.1,25,3,NNW,3,NNW,REYNOLDSVILLE,04/02/2024,839,38.215,-83.8319,38.215,-83.8319,"Straight line winds pushed through Mount Pleasant Road from west to east, resulting in damage to structures on both the north and south side of this mobile home. However, the mobile home, which set in the middle of the damage, showed signs of rotation as the system moved through, indicative of a quick spin-up tornado. All damage that was viewed downstream by the survey team seemed to be more in line with straight-line winds as well, so this was likely a very quick spin-up. There was a lack of structures behind this mobile home, and a lack of damage across the street to the east of this home. It matched up well with one of the tighter circulations that went through the area. The mobile home itself was hit from the backside, lifting off the roof on the back half of the house. Siding was torn off on all sides. The front of the house's roofline was a bit rotted, but lost it's flashing. Insulation and mud was plastered along the front side. Meanwhile, more mud and insulation was plastered all through the inside of the house as well.","Eastern Kentucky's first substantial severe weather day of 2024 occurred on April 2nd, as a rapidly intensifying low pressure system tracked just northwest of the area. The first round of severe weather occurred between 9 AM and 12 PM as a line of severe thunderstorms raced eastward and impacted many locations near and north of the Mountain Parkway. Along this line, several surges and pockets of circulation developed over the Bluegrass. Bath County suffered the brunt of the line, with many instances of straight line wind damage, though substantial damage was also observed in Fleming and Rowan counties. Pockets of damage were also noted in most other counties along and north of the Parkway. An NWS storm survey estimated that winds reached 70 to 90 knots in three northwest to southeast-oriented swaths across Bath County. A couple of brief spin-up tornadoes also appear to have occurred within 2 of the swaths near the communities of Sharpsburg and Reynoldsville.  ||Once the late morning thunderstorm activity weakened, a messy mixture of showers and a few thunderstorms lifted across eastern Kentucky through the afternoon. Severe weather was not observed again until early evening when a couple of supercell thunderstorms developed over central/eastern Tennessee and moved into southeast Kentucky. The first storm, tracking northeast just east of Pine Mountain, produced a swath of hail up to half dollar size, though much of it likely fell in remote and rugged terrain. A second supercell thunderstorm moved northeast across the Cumberland River basin and eventually weakened over the basin of the South Fork Kentucky River. This storm produced pockets of wind damage, the most severe of which was observed in northeast Whitley County where many trees, multiple structures and an RV park suffered significant damage. An NWS storm survey found damage consistent with winds gusts of 80 to 90 mph in this area about 7 miles southwest of Corbin. Additional details on this straight line wind event in Whitley County and also the straight line wind/tornado event in the Bluegrass are available here and here, respectively.",271
1168165,GREENUP CO.,GREENUP,04/02/2024,912,Tornado, ,EF1,0,0,2000000,0,KY,EST-5, ,189703,C,89,RLX,0,0,NWS Storm Survey, ,6.77,250,1,SW,0,NE,WORTHINGTON,04/02/2024,918,38.5713,-82.839,38.5522,-82.7161,"A broken path of damage was noted on the Kentucky side of the tornado track, beginning at the Riverview Cemetery west of Greenup. Additional damage occurred on Seaton Avenue near South 5th Street and in the Greenup Fairgrounds, where a few buildings suffered roof damage and a large tree fell onto another building. The tornado then likely tracked along the Ohio River before intersecting land again on the Kentucky side and causing roof and tree damage to several homes along Calumet Drive.","A strong low pressure system and accompanying frontal boundary set forth multiple rounds of strong to severe thunderstorms from April 2nd to the 3rd. This first came in the form of an intense squall line on the morning of the 2nd, which raced through eastern Kentucky and produced straight-line wind damage and brief tornadoes. ||The strongest tornado surveyed in the aftermath of storms was found in Boyd County, with structure damage indicative of an EF2 tornado and maximum winds of up to 120 miles per hour. Another tornado was observed near the town of Westwood, where a single-wide trailer was flipped over and significant damage was noted of homes and structures. Numerous areas of tree and power line damage were also seen across northeast Kentucky due to damaging wind gusts associated with the squall line.||In addition to wind and tornado damage, heavy downpours associated with rounds of storms led to flooding across portions of northeast Kentucky on April 3rd. Several roads were closed during this time due to high water issues as adjacent creeks and streams rose out of their banks. In the span of these two days, between 3 to 5 inches of rain had fallen along the Ohio River basin from Pennsylvania, West Virginia, and Ohio, which eventually flowed down the river into Kentucky. The river gauge at Ashland eventually rose above its flood stage on April 6th and returned into its banks the next day as the water continued to flow downstream.",272
1168176,LAWRENCE CO.,HANGING ROCK,04/02/2024,918,Tornado, ,EF1,0,1,100000,0,OH,EST-5, ,189704,C,87,RLX,0,0,NWS Storm Survey, ,1.11,250,0,NE,1,E,HANGING ROCK,04/02/2024,920,38.5522,-82.7161,38.5484,-82.6962,"A tornado that began in Greenup County, Kentucky finally crossed the Ohio River and impacted a campground on the Ohio side at Hanging Rock. More significant damage was noted here as several travel trailers were overturned, the roof was blown off of the Laidback Bar, and significant tree damage was noted in the adjacent camping area. Drone footage showed campers tossed in a counter-clockwise motion and some convergence in the tree damage. A salt storage dome was also destroyed in this area, causing significant injury to an employee.||The tornado continued to track eastward, damaging a few homes and damaging the roof and ballfields at Ironton Middle School. The tornado weakened but continued to cause some sporadic damage to homes all the way to the Storms Creek Flood Wall.","Multiple rounds of showers and thunderstorms moved across parts of Ohio at the start of the month of April. An intense squall line raced through portions of southeast Ohio on the late morning of April 2nd, which spawned four tornadoes and caused numerous other locations to observe straight-line wind damage. Additional severe thunderstorms occurred late in the afternoon and into the evening of April 2nd, producing additional tornadoes and wind damage centered within southern and eastern Ohio. ||The multiple rounds of rain produced numerous instances of flash flooding around Ohio. Widespread rainfall amounts of 2 to 4 inches had fallen across southern and eastern Ohio, with localized amounts near 6 inches observed. Runoff from this rainfall, coupled with heavy rain occurring in West Virginia and Pennsylvania, caused moderate to major flooding along the Ohio River. Moderate flooding was observed first along the lower Muskingum River, with both McConnellsville and Beverly having surpassed their respective moderate flood stage. Drainage into the Ohio River eventually sent the river into flood on April 4th from north to south, with subsequent crests occurring into April 5th. Locations along the upper reaches experienced moderate flooding. In addition, Marietta exceeded major flood stage. Overall impacts were significant with numerous roads and structures observing flooding along the West Virginia side of the river.",273
1168060,BOYD CO.,IRONVILLE,04/02/2024,921,Tornado, ,EF1,0,0,100000,0,KY,EST-5, ,189703,C,19,RLX,0,0,NWS Storm Survey, ,1.1,250,1,WNW,1,NE,IRONVILLE,04/02/2024,923,38.4562,-82.7122,38.4578,-82.692,"An EF1 tornado skipped along a path of straight-line wind damage likely beginning along Daniels Fork Road near the town of Westwood. The tornado then continued across State Route 5, moving eastward and crossing Rose Road and then ending at the top of the hill after crossing Pine Street. ||The most significant damage occurred along Rose Road. A single-wide trailer was flipped over, a section of a home was broken off from the rest of the structure and moved several feet, and several other homes and structures were significantly damaged.","A strong low pressure system and accompanying frontal boundary set forth multiple rounds of strong to severe thunderstorms from April 2nd to the 3rd. This first came in the form of an intense squall line on the morning of the 2nd, which raced through eastern Kentucky and produced straight-line wind damage and brief tornadoes. ||The strongest tornado surveyed in the aftermath of storms was found in Boyd County, with structure damage indicative of an EF2 tornado and maximum winds of up to 120 miles per hour. Another tornado was observed near the town of Westwood, where a single-wide trailer was flipped over and significant damage was noted of homes and structures. Numerous areas of tree and power line damage were also seen across northeast Kentucky due to damaging wind gusts associated with the squall line.||In addition to wind and tornado damage, heavy downpours associated with rounds of storms led to flooding across portions of northeast Kentucky on April 3rd. Several roads were closed during this time due to high water issues as adjacent creeks and streams rose out of their banks. In the span of these two days, between 3 to 5 inches of rain had fallen along the Ohio River basin from Pennsylvania, West Virginia, and Ohio, which eventually flowed down the river into Kentucky. The river gauge at Ashland eventually rose above its flood stage on April 6th and returned into its banks the next day as the water continued to flow downstream.",274
1168059,BOYD CO.,GARNER,04/02/2024,924,Tornado, ,EF2,0,0,200000,0,KY,EST-5, ,189703,C,19,RLX,0,0,NWS Storm Survey, ,1.14,450,2,SW,1,SSW,GARNER,04/02/2024,926,38.2828,-82.7613,38.2853,-82.7415,"An EF2 tornado with estimated maximum winds of up to 120 miles per hour took a northeasterly track down Long Branch Road. The tornado caused considerable and significant tree damage with several large hardwood trees snapped and uprooted. A home was severely damaged when the roof was blown off, and other homes also suffered at least minor damage. Several barns and outbuildings were destroyed. The tornado then crossed the ridge between Long Branch Road and Jacks Fork Road and turned east, skipping along the ridgetops causing additional tree damage before lifting.","A strong low pressure system and accompanying frontal boundary set forth multiple rounds of strong to severe thunderstorms from April 2nd to the 3rd. This first came in the form of an intense squall line on the morning of the 2nd, which raced through eastern Kentucky and produced straight-line wind damage and brief tornadoes. ||The strongest tornado surveyed in the aftermath of storms was found in Boyd County, with structure damage indicative of an EF2 tornado and maximum winds of up to 120 miles per hour. Another tornado was observed near the town of Westwood, where a single-wide trailer was flipped over and significant damage was noted of homes and structures. Numerous areas of tree and power line damage were also seen across northeast Kentucky due to damaging wind gusts associated with the squall line.||In addition to wind and tornado damage, heavy downpours associated with rounds of storms led to flooding across portions of northeast Kentucky on April 3rd. Several roads were closed during this time due to high water issues as adjacent creeks and streams rose out of their banks. In the span of these two days, between 3 to 5 inches of rain had fallen along the Ohio River basin from Pennsylvania, West Virginia, and Ohio, which eventually flowed down the river into Kentucky. The river gauge at Ashland eventually rose above its flood stage on April 6th and returned into its banks the next day as the water continued to flow downstream.",275
1168064,LAWRENCE CO.,AID,04/02/2024,926,Tornado, ,EF1,0,0,50000,0,OH,EST-5, ,189704,C,87,RLX,0,0,NWS Storm Survey, ,1.09,200,1,W,1,NW,AID,04/02/2024,927,38.5989,-82.5055,38.6053,-82.4875,"An EF1 tornado began near Aid on Oak Ridge Road and traveled northeastward through mostly pastureland, knocking down a few trees on the north edge of the path and where it crossed Symmes Creek. The tornado continued northeast, blowing the roof off of two homes and another structure, as well as rolled a travel trailer near where it crossed State Route 141. The last noted damage was some tin panels that were blown upward on a barn roof shortly after the tornado crossed State Route 141. Some minor damage, not likely associated with the tornado occurred at the Symmes Valley High School.||An EMS employee stationed at the nearby Lawrence County EMS Station 5 witnessed the tornado as it traveled across the field in front of the station.","Multiple rounds of showers and thunderstorms moved across parts of Ohio at the start of the month of April. An intense squall line raced through portions of southeast Ohio on the late morning of April 2nd, which spawned four tornadoes and caused numerous other locations to observe straight-line wind damage. Additional severe thunderstorms occurred late in the afternoon and into the evening of April 2nd, producing additional tornadoes and wind damage centered within southern and eastern Ohio. ||The multiple rounds of rain produced numerous instances of flash flooding around Ohio. Widespread rainfall amounts of 2 to 4 inches had fallen across southern and eastern Ohio, with localized amounts near 6 inches observed. Runoff from this rainfall, coupled with heavy rain occurring in West Virginia and Pennsylvania, caused moderate to major flooding along the Ohio River. Moderate flooding was observed first along the lower Muskingum River, with both McConnellsville and Beverly having surpassed their respective moderate flood stage. Drainage into the Ohio River eventually sent the river into flood on April 4th from north to south, with subsequent crests occurring into April 5th. Locations along the upper reaches experienced moderate flooding. In addition, Marietta exceeded major flood stage. Overall impacts were significant with numerous roads and structures observing flooding along the West Virginia side of the river.",276
1168075,WAYNE CO.,SPRING VLY,04/02/2024,934,Tornado, ,EF1,0,0,30000,0,WV,EST-5, ,189707,C,99,RLX,0,0,NWS Storm Survey, ,0.08,280,2,SE,2,SE,SPRING VLY,04/02/2024,934,38.3796,-82.4614,38.3796,-82.4614,"A tornado, essentially a strong eddy at the end of a microburst, occurred along 5th Street Road near the Wayne/Cabell County line. More substantial damage occurred after the tornado crossed firmly into Cabell County, but structural damage along 5th Street Road was noted close to where the tornado touched down.","A strong area of low pressure tracking through the Ohio Valley caused multiple rounds of thunderstorms across the state of West Virginia on April 2nd and 3rd. The first round that occurred on the 2nd took the form of an intense squall line that raced across the southern and central portions of the state during the late morning and midday hours. This caused extensive wind damage, with a 92 mile per hour wind gust measured at the Huntington Tri-State Airport, along with at least nine embedded tornadoes in a corridor from Huntington to east of Charleston. In addition to damage associated with the tornadoes, over 100 locations reported non-tornadic wind damage.||Additional thunderstorms later in the afternoon produced another tornado in the Hico community of Fayette County. The ten confirmed tornadoes during this event is a record for the most tornadoes observed during any event in the state of West Virginia.||To top it all off, the multiple rounds of thunderstorms also resulted in excessive rainfall amounts for parts of the state. This resulted in several instances of flash flooding of creeks and streams with reported road closures due to high water, primarily during the evening of April 2nd. The transition to generalized flooding occurred during the early morning of April 3rd due to the response from larger creeks. Considerable runoff from this rainfall caused river flooding along the Tygart Valley River and its tributaries, and very heavy rainfall over Pennsylvania from these same storms led to moderate to major flooding on the Ohio River between April 4th to the 6th. One fatality occurred in Wood County on the 4th when a motorist entered flood waters and their vehicle overturned and then submerged.",277
1168062,LAWRENCE CO.,KITCHEN,04/02/2024,934,Tornado, ,EF1,0,0,10000,0,OH,EST-5, ,189704,C,87,RLX,0,0,NWS Storm Survey, ,0.44,250,17,SSE,17,SSE,KITCHEN,04/02/2024,935,38.6487,-82.3778,38.6518,-82.3706,"An EF1 tornado with maximum winds of 105 miles per hour began in the vicinity of Timber Ridge Lake in a rural area of northeast Lawrence County. There was a concentrated swath of significant hardwood tree damage observed along Scottown-Lecta Road just southeast of Timber Ridge Lake, with several large hardwoods either snapped or uprooted. This damage was consistent with a converging tornadic damage signature. ||Due to the rural area with which the tornado crossed and lack of a road network within the theoretical path, where the tornado first touched down and eventually lifted is unknown. In addition, this tornado may be an extension of the one which was observed in Aid.","Multiple rounds of showers and thunderstorms moved across parts of Ohio at the start of the month of April. An intense squall line raced through portions of southeast Ohio on the late morning of April 2nd, which spawned four tornadoes and caused numerous other locations to observe straight-line wind damage. Additional severe thunderstorms occurred late in the afternoon and into the evening of April 2nd, producing additional tornadoes and wind damage centered within southern and eastern Ohio. ||The multiple rounds of rain produced numerous instances of flash flooding around Ohio. Widespread rainfall amounts of 2 to 4 inches had fallen across southern and eastern Ohio, with localized amounts near 6 inches observed. Runoff from this rainfall, coupled with heavy rain occurring in West Virginia and Pennsylvania, caused moderate to major flooding along the Ohio River. Moderate flooding was observed first along the lower Muskingum River, with both McConnellsville and Beverly having surpassed their respective moderate flood stage. Drainage into the Ohio River eventually sent the river into flood on April 4th from north to south, with subsequent crests occurring into April 5th. Locations along the upper reaches experienced moderate flooding. In addition, Marietta exceeded major flood stage. Overall impacts were significant with numerous roads and structures observing flooding along the West Virginia side of the river.",278
1168076,CABELL CO.,HODGES,04/02/2024,934,Tornado, ,EF1,0,0,40000,0,WV,EST-5, ,189707,C,11,RLX,0,0,NWS Storm Survey, ,0.47,280,2,NW,2,NW,HODGES,04/02/2024,934,38.3829,-82.4538,38.3829,-82.4538,"A quick tornado feeding off of a microburst crossed into Cabell County from Wayne County, producing sporadic straight-line wind damage from the Huntington Airport eastward to Harvey Road. From drone footage, it was apparent that this microburst descended into the north/south oriented valley at 5th Street Road near Woodhaven Drive. Tree and structural damage in this valley showed strong rotation with damage consistent with an EF1 tornado. Several structures were damaged or destroyed and extensive tree damage occurred. The tornado climbed the ridge to the east of 5th Street Road and dissipated.","A strong area of low pressure tracking through the Ohio Valley caused multiple rounds of thunderstorms across the state of West Virginia on April 2nd and 3rd. The first round that occurred on the 2nd took the form of an intense squall line that raced across the southern and central portions of the state during the late morning and midday hours. This caused extensive wind damage, with a 92 mile per hour wind gust measured at the Huntington Tri-State Airport, along with at least nine embedded tornadoes in a corridor from Huntington to east of Charleston. In addition to damage associated with the tornadoes, over 100 locations reported non-tornadic wind damage.||Additional thunderstorms later in the afternoon produced another tornado in the Hico community of Fayette County. The ten confirmed tornadoes during this event is a record for the most tornadoes observed during any event in the state of West Virginia.||To top it all off, the multiple rounds of thunderstorms also resulted in excessive rainfall amounts for parts of the state. This resulted in several instances of flash flooding of creeks and streams with reported road closures due to high water, primarily during the evening of April 2nd. The transition to generalized flooding occurred during the early morning of April 3rd due to the response from larger creeks. Considerable runoff from this rainfall caused river flooding along the Tygart Valley River and its tributaries, and very heavy rainfall over Pennsylvania from these same storms led to moderate to major flooding on the Ohio River between April 4th to the 6th. One fatality occurred in Wood County on the 4th when a motorist entered flood waters and their vehicle overturned and then submerged.",279
1168077,CABELL CO.,WILSON,04/02/2024,939,Tornado, ,EF1,0,0,75000,0,WV,EST-5, ,189707,C,11,RLX,0,0,NWS Storm Survey, ,4.2,200,1,NW,0,ENE,BARBOURSVILLE,04/02/2024,942,38.4346,-82.3479,38.4235,-82.273,"An EF1 tornado with maximum winds of 105 miles per hour endured a track of about 4 miles, extending from just south of Route 2 near the Guyandotte River to just west of the Barboursville Mall. This was a non-continuous track with several notable damage locations.||A narrow concentrated area of hardwood tree damage was noted on a hilltop along Viewpoint Lane. Several of the trees were either snapped or uprooted in a converging pattern and continued southeast along Estate Drive.||Significant mixed hardwood and softwood tree damage was observed along Guyan River Road with most of the intense damage occurring along the banks of the Guyandotte River. Numerous large hardwood and softwood trees were either snapped or uprooted. Damage to a mobile home occurred due to a large fallen tree. In addition, damage to the roof of an apartment complex on the other side of the river on Beech Drive occurred from a fallen tree. This section of the track is where the maximum winds are believed to have occurred.||The tornado path continued eastward with a distinct damage swath of hardwood trees noted along Merritts Creek Road. Large hardwood trees were either snapped or uprooted in a converging pattern. A small mobile office unit was blown in the opposite direction of the orientation of the tree damage. From here, the tornado reached its maximum width of 200 yards as it entered into a valley. Tree damage continued east up the ridgetop along Big Ben Bowen Highway before ending along Wildcat Road. The tornado is believed to have lifted before reaching the Barboursville Mall, which is supported by archived radar images. ||This tornado, as with many of the others on this day, stayed mainly in the treetops with little in the way of property damage observed.||Outside of the tornado path, rear flank downdraft wind damage occurred east and southeast of the tornado, where a concrete block wall attached to the exterior of the mall was blown apart to the northeast. In addition, part of the roof of a business just east of the mall was lifted and blown to the northeast as well. Finally, scattered tree damage was observed on both sides of Interstate 64 east of the mall, with a general orientation to the northeast.","A strong area of low pressure tracking through the Ohio Valley caused multiple rounds of thunderstorms across the state of West Virginia on April 2nd and 3rd. The first round that occurred on the 2nd took the form of an intense squall line that raced across the southern and central portions of the state during the late morning and midday hours. This caused extensive wind damage, with a 92 mile per hour wind gust measured at the Huntington Tri-State Airport, along with at least nine embedded tornadoes in a corridor from Huntington to east of Charleston. In addition to damage associated with the tornadoes, over 100 locations reported non-tornadic wind damage.||Additional thunderstorms later in the afternoon produced another tornado in the Hico community of Fayette County. The ten confirmed tornadoes during this event is a record for the most tornadoes observed during any event in the state of West Virginia.||To top it all off, the multiple rounds of thunderstorms also resulted in excessive rainfall amounts for parts of the state. This resulted in several instances of flash flooding of creeks and streams with reported road closures due to high water, primarily during the evening of April 2nd. The transition to generalized flooding occurred during the early morning of April 3rd due to the response from larger creeks. Considerable runoff from this rainfall caused river flooding along the Tygart Valley River and its tributaries, and very heavy rainfall over Pennsylvania from these same storms led to moderate to major flooding on the Ohio River between April 4th to the 6th. One fatality occurred in Wood County on the 4th when a motorist entered flood waters and their vehicle overturned and then submerged.",280
1168129,GALLIA CO.,CROWN CITY,04/02/2024,940,Tornado, ,EF1,0,0,50000,0,OH,EST-5, ,189704,C,53,RLX,0,0,NWS Storm Survey, ,0.5,150,2,ENE,2,WNW,SWAN CREEK,04/02/2024,941,38.6166,-82.2417,38.6172,-82.233,"An EF1 tornado with maximum winds of 95 miles per hour first touched down along Hannan Trace Road about 3 miles northeast of Crown City. Several large hardwood trees were observed uprooted in a converging pattern within a narrow ravine at the 1650 block of Hannan Trace Road. This damage extended northeastward out of the ravine and onto the nearby hillside where some damage to barns occurred from fallen trees.||In addition, the roof and exterior walls of a wood frame commercial warehouse were blown off to the south of the path along Hannan Trace Road. Given the location of this particular damage and orientation, this likely occurred from rear flank downdraft winds. ||The exact start and end path to the tornado is unknown given the rural area with which it occurred and lack of a road network within the theoretical damage track.","Multiple rounds of showers and thunderstorms moved across parts of Ohio at the start of the month of April. An intense squall line raced through portions of southeast Ohio on the late morning of April 2nd, which spawned four tornadoes and caused numerous other locations to observe straight-line wind damage. Additional severe thunderstorms occurred late in the afternoon and into the evening of April 2nd, producing additional tornadoes and wind damage centered within southern and eastern Ohio. ||The multiple rounds of rain produced numerous instances of flash flooding around Ohio. Widespread rainfall amounts of 2 to 4 inches had fallen across southern and eastern Ohio, with localized amounts near 6 inches observed. Runoff from this rainfall, coupled with heavy rain occurring in West Virginia and Pennsylvania, caused moderate to major flooding along the Ohio River. Moderate flooding was observed first along the lower Muskingum River, with both McConnellsville and Beverly having surpassed their respective moderate flood stage. Drainage into the Ohio River eventually sent the river into flood on April 4th from north to south, with subsequent crests occurring into April 5th. Locations along the upper reaches experienced moderate flooding. In addition, Marietta exceeded major flood stage. Overall impacts were significant with numerous roads and structures observing flooding along the West Virginia side of the river.",281
1168079,PUTNAM CO.,RUMER,04/02/2024,954,Tornado, ,EF1,0,0,8000,0,WV,EST-5, ,189707,C,79,RLX,0,0,NWS Storm Survey, ,8.5,200,4,SW,1,NW,BLACK BETSEY,04/02/2024,959,38.5109,-81.9956,38.5071,-81.8387,"An EF1 tornado touched down south of Eleanor to Bancroft, with a non-continuous path and maximum winds of 90 miles per hour. Initial damage was observed along Hurricane Creek Road, just north of the intersection with Sugar Camp Road south of Fraziers Bottom.||Scattered tree damage was observed, mainly large limbs of hardwood trees with a few uprooted trees noted as well. There was a slight converging signature observed in this area. More significant hardwood tree damage was observed along State Route 34 south of Winfield with a concentrated area of hardwoods either snapped or uprooted with a more pronounced tornadic damage signature. ||Additionally, concentrated tree damage occurred along State Route 817 in the Shawnee Estates area across from Bancroft. Here, a narrow damage swath of several mixed hardwood and softwood trees were either snapped or uprooted, which continued eastward along Cannery Lane. A converging damage path was noted.||The tornado appeared to be in the treetops with only minor property damage observed. The tornado lifted just after crossing the Kanawha River.","A strong area of low pressure tracking through the Ohio Valley caused multiple rounds of thunderstorms across the state of West Virginia on April 2nd and 3rd. The first round that occurred on the 2nd took the form of an intense squall line that raced across the southern and central portions of the state during the late morning and midday hours. This caused extensive wind damage, with a 92 mile per hour wind gust measured at the Huntington Tri-State Airport, along with at least nine embedded tornadoes in a corridor from Huntington to east of Charleston. In addition to damage associated with the tornadoes, over 100 locations reported non-tornadic wind damage.||Additional thunderstorms later in the afternoon produced another tornado in the Hico community of Fayette County. The ten confirmed tornadoes during this event is a record for the most tornadoes observed during any event in the state of West Virginia.||To top it all off, the multiple rounds of thunderstorms also resulted in excessive rainfall amounts for parts of the state. This resulted in several instances of flash flooding of creeks and streams with reported road closures due to high water, primarily during the evening of April 2nd. The transition to generalized flooding occurred during the early morning of April 3rd due to the response from larger creeks. Considerable runoff from this rainfall caused river flooding along the Tygart Valley River and its tributaries, and very heavy rainfall over Pennsylvania from these same storms led to moderate to major flooding on the Ohio River between April 4th to the 6th. One fatality occurred in Wood County on the 4th when a motorist entered flood waters and their vehicle overturned and then submerged.",282
1168112,PUTNAM CO.,BUFFALO,04/02/2024,955,Tornado, ,EF0,0,0,10000,0,WV,EST-5, ,189707,C,79,RLX,0,0,NWS Storm Survey, ,0.55,100,1,S,1,SSE,BUFFALO,04/02/2024,956,38.6055,-81.9804,38.6087,-81.9714,"An EF0 tornado with maximum winds of 80 miles per hour was discovered in the Buffalo area. Concentrated tree damage was observed along the side of a ridge along the east side of Railroad Avenue with several large hardwood trees uprooted in a north-northeast orientation, showing a slight converging signature. This signature became more apparent to the northeast along Cross Creek Road where several mixed softwood and hardwood trees were observed either uprooted or snapped. The tornado appeared to stay in the treetops with no property damage observed. The tornado quickly lifted along Cross Creek Road.","A strong area of low pressure tracking through the Ohio Valley caused multiple rounds of thunderstorms across the state of West Virginia on April 2nd and 3rd. The first round that occurred on the 2nd took the form of an intense squall line that raced across the southern and central portions of the state during the late morning and midday hours. This caused extensive wind damage, with a 92 mile per hour wind gust measured at the Huntington Tri-State Airport, along with at least nine embedded tornadoes in a corridor from Huntington to east of Charleston. In addition to damage associated with the tornadoes, over 100 locations reported non-tornadic wind damage.||Additional thunderstorms later in the afternoon produced another tornado in the Hico community of Fayette County. The ten confirmed tornadoes during this event is a record for the most tornadoes observed during any event in the state of West Virginia.||To top it all off, the multiple rounds of thunderstorms also resulted in excessive rainfall amounts for parts of the state. This resulted in several instances of flash flooding of creeks and streams with reported road closures due to high water, primarily during the evening of April 2nd. The transition to generalized flooding occurred during the early morning of April 3rd due to the response from larger creeks. Considerable runoff from this rainfall caused river flooding along the Tygart Valley River and its tributaries, and very heavy rainfall over Pennsylvania from these same storms led to moderate to major flooding on the Ohio River between April 4th to the 6th. One fatality occurred in Wood County on the 4th when a motorist entered flood waters and their vehicle overturned and then submerged.",283
1168072,KANAWHA CO.,INDIAN,04/02/2024,1002,Tornado, ,EF1,0,0,300000,0,WV,EST-5, ,189707,C,39,RLX,0,0,NWS Storm Survey, ,5,300,0,E,0,ENE,BUNKER HILL,04/02/2024,1006,38.3697,-81.8157,38.3722,-81.7238,"An EF1 tornado with maximum winds of 100 miles per hour began in the St. Albans Park, where significant uprooting trees oriented in a north-northeast direction was observed along City Park Drive. On the adjacent side of the road there was a mixture of hard and softwood trees that were either uprooted or snapped, oriented in a southeast direction indicating a clear converging damage swath. Based on a combination of drone footage and ground surveys, it was determined that the tornado skipped eastward, embedded in a larger swath of straight-line wind damage, from St. Albans to Jefferson, before crossing over the Kanawha River into Dunbar, and finally ending in the Roxalana area. This was a non-continuous path with several noted areas of concentrated damage.||In St. Albans, several homes just west of Cunningham Memorial Park were damaged from fallen hardwood and softwood trees of decent size and health. One home was missing a section of wall on the east side of the structure. Multiple homes in the area of Hughes Drive, Lotus Road, and Squires Drive received damage from mixed hardwood and softwood trees that had fallen. Some of the trees were rather large and healthy.||In Jefferson, several trees of mixed hardwood and softwood along MacCorckle Avenue, Kanawha Terrace, Hampshire Drive, and Campbell Lane were uprooted or snapped with some falling on homes. Drone footage showed a path of convergent tree damage descending a hill and crossing Route 60, close to where a roof of a home was blown off. ||After crossing the river over to Dunbar, several trees around Dutch Hollow, Grandview, and into Roxalana Road were either snapped or uprooted with some siding and shingle damage noted to several homes and apartment buildings. A large billboard on Fairlawn Avenue, next to a restaurant and Interstate 64, was knocked over onto a car.","A strong area of low pressure tracking through the Ohio Valley caused multiple rounds of thunderstorms across the state of West Virginia on April 2nd and 3rd. The first round that occurred on the 2nd took the form of an intense squall line that raced across the southern and central portions of the state during the late morning and midday hours. This caused extensive wind damage, with a 92 mile per hour wind gust measured at the Huntington Tri-State Airport, along with at least nine embedded tornadoes in a corridor from Huntington to east of Charleston. In addition to damage associated with the tornadoes, over 100 locations reported non-tornadic wind damage.||Additional thunderstorms later in the afternoon produced another tornado in the Hico community of Fayette County. The ten confirmed tornadoes during this event is a record for the most tornadoes observed during any event in the state of West Virginia.||To top it all off, the multiple rounds of thunderstorms also resulted in excessive rainfall amounts for parts of the state. This resulted in several instances of flash flooding of creeks and streams with reported road closures due to high water, primarily during the evening of April 2nd. The transition to generalized flooding occurred during the early morning of April 3rd due to the response from larger creeks. Considerable runoff from this rainfall caused river flooding along the Tygart Valley River and its tributaries, and very heavy rainfall over Pennsylvania from these same storms led to moderate to major flooding on the Ohio River between April 4th to the 6th. One fatality occurred in Wood County on the 4th when a motorist entered flood waters and their vehicle overturned and then submerged.",284
1168070,KANAWHA CO.,NITRO,04/02/2024,1004,Tornado, ,EF2,0,0,40000,0,WV,EST-5, ,189707,C,39,RLX,0,0,NWS Storm Survey, ,8,300,1,NE,2,N,GUTHRIE,04/02/2024,1010,38.4329,-81.8109,38.431,-81.6644,"An EF2 tornado with maximum winds of 115 miles per hour followed a track of about 8 miles, extending from Cross Lanes to just south of the community of Wallace. This was a non-continuous path with three notable damage locations. Significant converging tree damage was observed along Hidden Pines Lane in Cross Lanes, where several large and unhealthy softwood trees were snapped at their bases along with uprooting of many large hardwood trees. Minor damage to homes were noted adjacent to this location along Hidden Cove.||The next area of significant tree convergence was observed along a narrow stretch of the 5000 block of Rock Fork Road, near Tyler Mountain Memory Gardens, where a utility pole was snapped at the base along with several uprooted mixed hardwood and softwood trees. This damage extended to a subdivision on Lynn Oak Drive where several large softwood and hardwood trees were either snapped or uprooted. One large hardwood tree fell onto a home in Cross Lanes, which resulted in significant damage to the second story. A local resident's john boat and camper were also flipped over and crushed by large trees in this area.||The final location where damage was noted occurred just south of the community of Wallace along the 4000 block of Sissonville Drive and Whittington Road. This was where several large softwood trees were either snapped or uprooted. In addition, sporadic tree damage was noted just south of the overall track, resulting from straight-line winds.","A strong area of low pressure tracking through the Ohio Valley caused multiple rounds of thunderstorms across the state of West Virginia on April 2nd and 3rd. The first round that occurred on the 2nd took the form of an intense squall line that raced across the southern and central portions of the state during the late morning and midday hours. This caused extensive wind damage, with a 92 mile per hour wind gust measured at the Huntington Tri-State Airport, along with at least nine embedded tornadoes in a corridor from Huntington to east of Charleston. In addition to damage associated with the tornadoes, over 100 locations reported non-tornadic wind damage.||Additional thunderstorms later in the afternoon produced another tornado in the Hico community of Fayette County. The ten confirmed tornadoes during this event is a record for the most tornadoes observed during any event in the state of West Virginia.||To top it all off, the multiple rounds of thunderstorms also resulted in excessive rainfall amounts for parts of the state. This resulted in several instances of flash flooding of creeks and streams with reported road closures due to high water, primarily during the evening of April 2nd. The transition to generalized flooding occurred during the early morning of April 3rd due to the response from larger creeks. Considerable runoff from this rainfall caused river flooding along the Tygart Valley River and its tributaries, and very heavy rainfall over Pennsylvania from these same storms led to moderate to major flooding on the Ohio River between April 4th to the 6th. One fatality occurred in Wood County on the 4th when a motorist entered flood waters and their vehicle overturned and then submerged.",285
1168073,KANAWHA CO.,HERNSHAW,04/02/2024,1011,Tornado, ,EF1,0,0,60000,0,WV,EST-5, ,189707,C,39,RLX,0,0,NWS Employee, ,5.14,200,3,WNW,1,SSE,MARMET,04/02/2024,1015,38.2353,-81.6569,38.2362,-81.566,"A tornado touched down in the Kanawha State Forest near the Pigeon Roost Trail, then skipped along an intermittent path eastward to the Hernshaw community. Significant tree damage was noted between Hernshaw and Marmet, with the most destructive being the top roof of a home being blown off, an RV that was rolled, and additional structure damage in and around Hernshaw. The tornado dissipated before reaching the I-64 corridor.","A strong area of low pressure tracking through the Ohio Valley caused multiple rounds of thunderstorms across the state of West Virginia on April 2nd and 3rd. The first round that occurred on the 2nd took the form of an intense squall line that raced across the southern and central portions of the state during the late morning and midday hours. This caused extensive wind damage, with a 92 mile per hour wind gust measured at the Huntington Tri-State Airport, along with at least nine embedded tornadoes in a corridor from Huntington to east of Charleston. In addition to damage associated with the tornadoes, over 100 locations reported non-tornadic wind damage.||Additional thunderstorms later in the afternoon produced another tornado in the Hico community of Fayette County. The ten confirmed tornadoes during this event is a record for the most tornadoes observed during any event in the state of West Virginia.||To top it all off, the multiple rounds of thunderstorms also resulted in excessive rainfall amounts for parts of the state. This resulted in several instances of flash flooding of creeks and streams with reported road closures due to high water, primarily during the evening of April 2nd. The transition to generalized flooding occurred during the early morning of April 3rd due to the response from larger creeks. Considerable runoff from this rainfall caused river flooding along the Tygart Valley River and its tributaries, and very heavy rainfall over Pennsylvania from these same storms led to moderate to major flooding on the Ohio River between April 4th to the 6th. One fatality occurred in Wood County on the 4th when a motorist entered flood waters and their vehicle overturned and then submerged.",286
1168071,KANAWHA CO.,COALRIDGE,04/02/2024,1019,Tornado, ,EF1,0,0,80000,0,WV,EST-5, ,189707,C,39,RLX,0,0,NWS Storm Survey, ,2.25,200,1,W,1,W,ODELL,04/02/2024,1021,38.3735,-81.4227,38.3819,-81.387,"A short, but non-continuous, tornado path was observed with scattered tree damage behind a few homes west of the town of Quick. Significant converging tree damage was observed along the 7000 block of Quick Road just east of the town of Quick. Two mobile homes were destroyed at this location, with a roof uplifted and exterior wall damage. In addition, there was a utility pole that was snapped at the base.","A strong area of low pressure tracking through the Ohio Valley caused multiple rounds of thunderstorms across the state of West Virginia on April 2nd and 3rd. The first round that occurred on the 2nd took the form of an intense squall line that raced across the southern and central portions of the state during the late morning and midday hours. This caused extensive wind damage, with a 92 mile per hour wind gust measured at the Huntington Tri-State Airport, along with at least nine embedded tornadoes in a corridor from Huntington to east of Charleston. In addition to damage associated with the tornadoes, over 100 locations reported non-tornadic wind damage.||Additional thunderstorms later in the afternoon produced another tornado in the Hico community of Fayette County. The ten confirmed tornadoes during this event is a record for the most tornadoes observed during any event in the state of West Virginia.||To top it all off, the multiple rounds of thunderstorms also resulted in excessive rainfall amounts for parts of the state. This resulted in several instances of flash flooding of creeks and streams with reported road closures due to high water, primarily during the evening of April 2nd. The transition to generalized flooding occurred during the early morning of April 3rd due to the response from larger creeks. Considerable runoff from this rainfall caused river flooding along the Tygart Valley River and its tributaries, and very heavy rainfall over Pennsylvania from these same storms led to moderate to major flooding on the Ohio River between April 4th to the 6th. One fatality occurred in Wood County on the 4th when a motorist entered flood waters and their vehicle overturned and then submerged.",287
1168074,KANAWHA CO.,RONDA,04/02/2024,1021,Tornado, ,EF1,0,0,70000,0,WV,EST-5, ,189707,C,39,RLX,0,0,NWS Storm Survey, ,0.78,100,1,W,0,NE,RONDA,04/02/2024,1022,38.1717,-81.461,38.1724,-81.4467,"A short-lived tornado snapped and uprooted trees in a distinct path down a hillside into the valley in the Ronda community near Cabin Creek. A few homes suffered roof damage along Ronda Road.","A strong area of low pressure tracking through the Ohio Valley caused multiple rounds of thunderstorms across the state of West Virginia on April 2nd and 3rd. The first round that occurred on the 2nd took the form of an intense squall line that raced across the southern and central portions of the state during the late morning and midday hours. This caused extensive wind damage, with a 92 mile per hour wind gust measured at the Huntington Tri-State Airport, along with at least nine embedded tornadoes in a corridor from Huntington to east of Charleston. In addition to damage associated with the tornadoes, over 100 locations reported non-tornadic wind damage.||Additional thunderstorms later in the afternoon produced another tornado in the Hico community of Fayette County. The ten confirmed tornadoes during this event is a record for the most tornadoes observed during any event in the state of West Virginia.||To top it all off, the multiple rounds of thunderstorms also resulted in excessive rainfall amounts for parts of the state. This resulted in several instances of flash flooding of creeks and streams with reported road closures due to high water, primarily during the evening of April 2nd. The transition to generalized flooding occurred during the early morning of April 3rd due to the response from larger creeks. Considerable runoff from this rainfall caused river flooding along the Tygart Valley River and its tributaries, and very heavy rainfall over Pennsylvania from these same storms led to moderate to major flooding on the Ohio River between April 4th to the 6th. One fatality occurred in Wood County on the 4th when a motorist entered flood waters and their vehicle overturned and then submerged.",288
1175669,HARRISON CO.,CRANDALL,04/02/2024,1209,Tornado, ,EF1,0,0,0,0,IN,EST-5, ,191040,C,61,LMK,0,0,NWS Storm Survey, ,1.86,30,3,ESE,4,N,LANESVILLE,04/02/2024,1213,38.27,-86.022,38.283,-85.992,"The National Weather Service in Louisville conducted a damage assessment survey of a tornado that started at a property off of Hidden Springs Drive in far eastern Harrison County, Indiana and ended near Watts Road, just south of Georgetown, in Floyd County. Video clearly showed the tornado touching down multiple times. ||The tornado initially touched down and damaged a house off of Hidden Springs Drive. Much of the landscaping around the house wasn't disturbed. An outdoor hot tub on the northern end of the west side of the house had its heavy cover broke and thrown to the |southwest. The southwest side of this well constructed house had a section of its roof decking torn off and thrown which can be seen in the video. Wind speeds were estimated at 95 mph based on this damage. In one area of the house, the damage penetrated the ceiling. In other parts, the ceiling has been lifted away from the walls. Much of the soffit around the house has been sucked in or blown out. Some insulation from the attic is stuck to the east side of the house with additional amounts on the south facing exposed surfaces like door jambs and light fixtures. This is evidence of cyclonic flow. A patio chair that was sitting behind the house was found approximately 133 yards away in the woods. ||Approximately 100 yards east of the house, a few mature trees have been snapped on the edge of the woods. Farther in the woods, roofing debris was found on the ground and in trees as far 380 yards from where it came. The main section of roof that was |thrown, and can been seen on video, wasn't located. Many trees were freshly damaged or uprooted in the woods, but many of those were already dead. ||The video showed the tornado strengthening and weakening with a condensation funnel barely visible at times. It showed inflow being pulled into the tornado which was strong enough to bring down compromised trees. The tornado can also be seen dropping and lifting very small vortices as it approached Georgetown. Minor tree damage was found off of Georges Hill Road and west of Georgetown County Line Road before the tornado cross into Floyd County.","As a surface low cut across Missouri and Illinois, its eastward stretching warm front moved north across central Indiana while its cold front moved east towards the Lower Ohio Valley. This placed southern Indiana in the warm sector, where 3 separate lines of convection moved through during the day. The first line of storms generating from an early morning outflow boundary dropped southeast through the area. This produced some isolated wind damage which caused one person to get injured in Dubois County. The second line, moving west to east, ripped the roof off a fire house in Crawford County before producing a tornado near Georgetown. The third line, just ahead of the cold front, moved through during the evening hours. This line knocked trees down in Crawford County before producing a tornado along Interstate 265 in Clark County that crossed the Ohio River into Kentucky. A total of ten injuries were reported from the Indiana Department of Homeland Security.",289
1175675,FLOYD CO.,GEORGETOWN,04/02/2024,1213,Tornado, ,EF0,0,0,0,0,IN,EST-5, ,191040,C,43,LMK,0,0,NWS Storm Survey, ,1.34,30,2,SW,1,S,GEORGETOWN,04/02/2024,1215,38.283,-85.992,38.29,-85.969,"The National Weather Service in Louisville conducted a damage assessment survey of a tornado that started at a property off of Hidden Springs Drive in far eastern Harrison County, Indiana and ended near Watts Road, just south of Georgetown, in Floyd County. Video clearly showed the tornado touching down multiple times. In Harrison County the tornado was rated EF1, but in Floyd County it was rated EF0. ||As the tornado crossed Georgetown County Line Road into Floyd County, there was an uptick in how widespread the damage was, and the damage was slightly more impressive with a few large branches being snapped.||Between Old Lanesville Road and Georgetown Lanesville Road, scattered tree damage continued with a large tree being uprooted. Several compromised trees were brought down too. An eyewitness that was on Georgetown Lanesville Road during the storm said she saw a finger of a tornado touch down at a house on that road before lifting. She didn't see the tornado touch down again. ||The last of the damage was found off of Watts Road. A house just west of the road had damage to its gutter covers. Just east of the road, minor tree damage was observed.","As a surface low cut across Missouri and Illinois, its eastward stretching warm front moved north across central Indiana while its cold front moved east towards the Lower Ohio Valley. This placed southern Indiana in the warm sector, where 3 separate lines of convection moved through during the day. The first line of storms generating from an early morning outflow boundary dropped southeast through the area. This produced some isolated wind damage which caused one person to get injured in Dubois County. The second line, moving west to east, ripped the roof off a fire house in Crawford County before producing a tornado near Georgetown. The third line, just ahead of the cold front, moved through during the evening hours. This line knocked trees down in Crawford County before producing a tornado along Interstate 265 in Clark County that crossed the Ohio River into Kentucky. A total of ten injuries were reported from the Indiana Department of Homeland Security.",290
1170492,KANKAKEE CO.,GOODRICH,04/02/2024,1302,Tornado, ,EF0,0,0,0,0,IL,CST-6, ,190427,C,91,LOT,0,0,NWS Storm Survey, ,4.6,50,2,S,2,WNW,LIMESTONE,04/02/2024,1308,41.0841,-88.0599,41.1373,-88.0068,"A tornado touched down northeast of Herscher and tracked northeastward for about 4-5 miles, damaging trees and barns and also tossing a grain silo into a field, before lifting for good west of Limestone.","On the afternoon of the 2nd, a line of thunderstorms produced three weak, short-lived tornadoes over parts of Kankakee County.",291
1170489,KANKAKEE CO.,HILLSIDE MANOR,04/02/2024,1310,Tornado, ,EFU,0,0,0,0,IL,CST-6, ,190427,C,91,LOT,0,0,NWS Storm Survey, ,0.65,10,2,SW,1,SW,HILLSIDE MANOR,04/02/2024,1311,41.0927,-87.9677,41.1012,-87.9625,"Several photos and videos were taken of a narrow, rope-like tornado tracking across fields along Vansiding Road south of Limestone. Eyewitness accounts indicate that this tornado was on the ground for no more than one minute. With no known damage caused by this tornado, it had been assigned the EF-Unknown (EF-U) rating.","On the afternoon of the 2nd, a line of thunderstorms produced three weak, short-lived tornadoes over parts of Kankakee County.",292
1170495,KANKAKEE CO.,WHITAKER,04/02/2024,1330,Tornado, ,EF0,0,0,0,0,IL,CST-6, ,190427,C,91,LOT,0,0,NWS Storm Survey, ,0.52,25,2,W,1,WNW,WHITAKER,04/02/2024,1331,41.2493,-87.7613,41.2542,-87.7536,"A brief tornado touched down near N 6000E Rd and E 9000N Rd east of Manteno. The tornado downed a few power poles as it crossed E 9000N Rd and partially destroyed a poorly constructed metal wastewater treatment building in the same location, depositing debris from the building into the field to the northeast of it. The tornado then lifted as it passed over this field.","On the afternoon of the 2nd, a line of thunderstorms produced three weak, short-lived tornadoes over parts of Kankakee County.",293
1168058,FAYETTE CO.,EDMOND,04/02/2024,1531,Tornado, ,EF2,0,1,100000,0,WV,EST-5, ,189707,C,19,RLX,0,0,NWS Storm Survey, ,5.31,325,2,NE,1,NW,RUSSELLVILLE,04/02/2024,1536,38.0845,-81.004,38.0869,-80.9067,"A tornado touched down west of Mallard Road then traveled eastward along the roadway, causing considerable and significant tree damage with hundreds of hardwood trees uprooted and snapped. Several homes were damaged by trees or had wind damaging along Mallard Road, including one home that had significant roof damage.||The tornado continued eastward crossing Lookout Road and US 60. The tornado reached peak width of 325 yards here and peak wind speeds were likely reached just west of Lookout Road where tree damage indicated wind speeds estimated at 130 miles per hour. This tornado continued to damage or destroy several homes and businesses along US 60. One home was shifted several feet off of its foundation and the metal roof was tossed approximately 350 yards to the tree line across US 60.||The tornado continued its journey east of US 60 with a path of tree damage noted for another mile before aerial photography from the West Virginia Civil Air Patrol indicated that it lifted. Additional damage was subsequently found approximately 3 miles to the east along Bracken Creek Road where a small building was destroyed and a path of tree damage was observed.","A strong area of low pressure tracking through the Ohio Valley caused multiple rounds of thunderstorms across the state of West Virginia on April 2nd and 3rd. The first round that occurred on the 2nd took the form of an intense squall line that raced across the southern and central portions of the state during the late morning and midday hours. This caused extensive wind damage, with a 92 mile per hour wind gust measured at the Huntington Tri-State Airport, along with at least nine embedded tornadoes in a corridor from Huntington to east of Charleston. In addition to damage associated with the tornadoes, over 100 locations reported non-tornadic wind damage.||Additional thunderstorms later in the afternoon produced another tornado in the Hico community of Fayette County. The ten confirmed tornadoes during this event is a record for the most tornadoes observed during any event in the state of West Virginia.||To top it all off, the multiple rounds of thunderstorms also resulted in excessive rainfall amounts for parts of the state. This resulted in several instances of flash flooding of creeks and streams with reported road closures due to high water, primarily during the evening of April 2nd. The transition to generalized flooding occurred during the early morning of April 3rd due to the response from larger creeks. Considerable runoff from this rainfall caused river flooding along the Tygart Valley River and its tributaries, and very heavy rainfall over Pennsylvania from these same storms led to moderate to major flooding on the Ohio River between April 4th to the 6th. One fatality occurred in Wood County on the 4th when a motorist entered flood waters and their vehicle overturned and then submerged.",294
1171266,COLBERT CO.,EMCO LISTERHILL JCT,04/02/2024,1555,Tornado, ,EF1,0,0,0,0,AL,CST-6, ,188830,C,33,HUN,0,0,NWS Storm Survey, ,6.96,750,2,S,2,WNW,MIDWAY,04/02/2024,1606,34.6922,-87.5683,34.7381,-87.4616,"Satellite imagery courtesy of the United States Geological Survey (USGS) depicted that a tornado touched down south of Old Highway 20 west of Sockwell Lane where a tree was uprooted. Ground surveys then tracked damage from the tornado northeast, with significant damage to a pole barn north of Highway 20 before snapping one power pole. Multiple trees were uprooted or snapped as the tornado tracked north of Leighton. Several of these trees fell on single family residences which also sustained loss of roof shingles. The tornado crossed County Line Road where a boat was lifted from its trailer and displaced north approximately 20 yards. Debris fallout was noted in an open field with some small tree twigs piercing the ground. Imagery indicated trees were uprooted south of Hatton and Bethel before the tornado lifted east of Shaw Road.","A broken line of strong to severe thunderstorms pushed east through north Alabama during the late afternoon and early evening hours. A couple of the thunderstorms showed supercell characteristics at times and produced an EF-1 tornado in eastern Colbert County in Leighton and an EF-0 tornado in central Limestone County just east of Athens.",295
1173929,MORGAN CO.,SUNBRIGHT,04/02/2024,1620,Tornado, ,EF1,0,0,10000,0,TN,EST-5, ,189281,C,129,MRX,0,0,NWS Storm Survey, ,2.86,150,1,SSW,1,SE,HUFFMAN,04/02/2024,1625,36.242,-84.6725,36.2672,-84.6319,"The tornado began near Summers Hill Road and Deer Lodge Highway producing EF-1 damage in Downtown Sunbright with damage to numerous residential and commercial structures. The tornado continued northeast across White Oak Creek crossing the railroad tracks near the intersection of Dynatex Rd and Raymond Webb Road. There was damage to some metal building structures, hardwood trees, and barns in this area. Primary structure damage along the path of the tornado was uplift, peeling, and partial removal of roofs. The tornado re-intensified and tracked along Mill Creek Road producing damage to several homes and barns before the tornado dissipated near Davis Road.","A strong low pressure system, complete with a sweeping cold front, generated thunderstorms across Tennessee and the wider region. One discrete supercell thunderstorm produced a tornado in the northern portions of the Cumberland Plateau in East Tennessee.",296
1176061,CLARK CO.,WATSON,04/02/2024,1631,Tornado, ,EF1,0,10,0,0,IN,EST-5, ,191040,C,19,LMK,0,0,NWS Storm Survey, ,4.16,250,1,W,1,NNE,UTICA,04/02/2024,1636,38.3488,-85.7207,38.349,-85.644,"The National Weather Service in Louisville surveyed storm damage in southeast Clark County IN, through far northeast Jefferson KY, and into western Oldham County. Specifically the tornado traveled just southeast of the Clark County Indiana Airport, east through Utica, crossing the Ohio River into Prospect, and lifting just east of the Sleepy Hollow Golf Course in Oldham County. The tornado was its strongest in Jefferson County, KY where it was an EF2 with 120 mph winds and 450 yards wide. ||Clark County IN... A strong line of severe thunderstorms moved through Clark County Indiana developing a tornado near Interstate 265 and East State Road 62. This tornado led to healthy trees being uprooted near Charlestown Pike. Here, the tornado was an EF0 with 80 to 85 mph winds, and a width of 150 yards. ||The tornado knocked over 3 full tractor trailers as well. The tornado quickly strengthened moving east through the Brookhollow neighborhood. Many garage doors were blown out, windows broken, and large sections of roof structure compromised, brick facade crumbling, and trees uprooted. The tornado was rated EF1 at 100 |mph in this neighborhood with a width of 200 yards. Many wooden boards were impaled and driven more than a foot into the ground and some were impaled into homes. ||An industrial business, with metal roofing near Interstate 265 and Old Salem Road had roof section pulled and twisted and had a 5000 pound salt pod lifted up over 4 foot concrete barrier, and thrown down a hill some 40 yards. The tornado was 100 mph, EF1, with a width of 225 yards. ||The tornado continued east over the Ohio River in Northern Utica. Homes along the bank of the Ohio River had broken windows and peeled metal roofing, which occurred from an EF1 tornado with 97 mph winds and width of 250 yards.","As a surface low cut across Missouri and Illinois, its eastward stretching warm front moved north across central Indiana while its cold front moved east towards the Lower Ohio Valley. This placed southern Indiana in the warm sector, where 3 separate lines of convection moved through during the day. The first line of storms generating from an early morning outflow boundary dropped southeast through the area. This produced some isolated wind damage which caused one person to get injured in Dubois County. The second line, moving west to east, ripped the roof off a fire house in Crawford County before producing a tornado near Georgetown. The third line, just ahead of the cold front, moved through during the evening hours. This line knocked trees down in Crawford County before producing a tornado along Interstate 265 in Clark County that crossed the Ohio River into Kentucky. A total of ten injuries were reported from the Indiana Department of Homeland Security.",297
1176068,JEFFERSON CO.,TRANSYLVANIA BEACH,04/02/2024,1636,Tornado, ,EF2,0,22,0,0,KY,EST-5, ,191095,C,111,LMK,0,0,NWS Storm Survey, ,3.2,450,1,W,2,E,PROSPECT,04/02/2024,1640,38.349,-85.644,38.351,-85.585,"The National Weather Service in Louisville surveyed storm damage in southeast Clark County IN, through far northeast Jefferson KY, and into western Oldham County. Specifically the tornado traveled just southeast of the Clark County Indiana Airport, east through Utica, crossing the Ohio River into Prospect, and lifting just east of the Sleepy Hollow Golf Course in Oldham County. The tornado was its strongest in Jefferson County, KY where it was an EF2 with 120 mph winds and 450 yards wide.||Jefferson County KY... As the tornado crossed the Ohio River, it strengthened and widened in Prospect KY. The Beechland Beach neighborhood had multiple homes with extensive damage. Three 2 stories well built homes had significant roof sections pulled|away, along with broken windows, air conditions twisted and torn off from side of homes. Three large pin oak trees were snapped and uprooted. One home had a collapsed back wall that faces against the path of the tornado. Damage in this neighborhood indicated that the tornado was an EF2 with 120 mph winds, and a|width of 400 yards. All homeowners heeded the tornado warning and sought shelter in a safe place.||From here, the tornado crossed through Hays Kennedy Park and into the northwest Prospect community and The Sutherlands neighborhood. Many homes incurred an array of roof damage, downed power lines, snapped power poles, uprooted trees, and trees |falling on homes. The tornado in this area was 110 mph, EF1, with maximum width of 450 yards. One homeowner on Shirley Avenue was trapped in his basement after a tree fell on his home. Surrounding neighbors worked to free the homeowner. Nearby a 7 foot large section of a locust tree was pulled away and thrown 20 yards and impaled in the ground some 4 feet. ||As the tornado cut through the Hunting Creek neighborhood, it strengthened to an EF2 with a maximum of 115 mph winds, with a width of 250 yards. Many trees had been uprooted or snapped, few homes had roof structures peeled back and two homes lost there entire roof. There was also mostly broken windows, inverted garage doors, blown mud and insulation around all 4 sides of the homes, and extensive shingle, gutter, and soffit damage. After passing through the neighborhood, the tornado exited Jefferson County into Oldham County.","As a surface low cut across Missouri and Illinois, its eastward stretching warm front moved north across central Indiana while its cold front moved east towards the Lower Ohio Valley. This placed central Kentucky in the warm sector, where 3 separate lines of convection moved through during the day. The first line of storms generating from an early morning outflow boundary dropped southeast through the area. This produced six tornadoes, mainly through the Bluegrass region. The second line, moving west to east, just produced some passing showers and thunderstorms. The third line, just ahead of the cold front, moved through during the evening hours. This produced three more tornadoes along the Interstate 71 corridor. One of these tornadoes began in Clark County, Indiana before crossing the Ohio River into Kentucky.",298
1176069,OLDHAM CO.,BELKNAP BEACH,04/02/2024,1640,Tornado, ,EF1,0,0,0,0,KY,EST-5, ,191095,C,185,LMK,0,0,NWS Storm Survey, ,3.79,200,3,SE,1,WSW,DEVONDALE,04/02/2024,1645,38.351,-85.585,38.3662,-85.5177,"The National Weather Service in Louisville surveyed storm damage in southeast Clark County IN, through far northeast Jefferson KY, and into western Oldham County. Specifically the tornado traveled just southeast of the Clark County Indiana Airport, east through Utica, crossing the Ohio River into Prospect, and lifting just east of the Sleepy Hollow Golf Course in Oldham County. The tornado was its strongest in Jefferson County, KY where it was an EF2 with 120 mph winds and 450 yards wide.||Oldham County... The tornado exited Jefferson County and continued east over the Harrods Creek Dam and into the Hidden Creek neighborhood. Many trees were uprooted, barns took damage to the overhead doors and sheet metal, and homes incurred some roof damage. The damage indicated that the tornado weakened to a lower end EF1, with a maximum wind of 90 mph, and a width of 200 yards. ||The tornado continued to weaken as it moved parallel to Sleepy Hollow Road.  Trees along this road and over the Sleepy Hollow Golf Course were uprooted or topped and barns incurred various structural damage. The damage indicated that the tornado was an EF0, with maximum winds of 80 mph and width of 125 yards. ||The tornado lifted along Highway 329 as the parent storm occluded and formed a new tornado to the north.","As a surface low cut across Missouri and Illinois, its eastward stretching warm front moved north across central Indiana while its cold front moved east towards the Lower Ohio Valley. This placed central Kentucky in the warm sector, where 3 separate lines of convection moved through during the day. The first line of storms generating from an early morning outflow boundary dropped southeast through the area. This produced six tornadoes, mainly through the Bluegrass region. The second line, moving west to east, just produced some passing showers and thunderstorms. The third line, just ahead of the cold front, moved through during the evening hours. This produced three more tornadoes along the Interstate 71 corridor. One of these tornadoes began in Clark County, Indiana before crossing the Ohio River into Kentucky.",299
1176386,OLDHAM CO.,DEVONDALE,04/02/2024,1646,Tornado, ,EF2,0,0,0,0,KY,EST-5, ,191095,C,185,LMK,0,0,NWS Storm Survey, ,5.33,300,1,N,0,N,BONHAM,04/02/2024,1653,38.3862,-85.4978,38.387,-85.4001,"The National Weather Service in Louisville surveyed storm damage north of Buckner, Kentucky near New Cut Road. The team followed the concentrated storm damage into the Heather Ridge and Grand Villa neighborhoods, and east of Oldham County High School.||The tornado touched down on Halls Hill Road north of New Cut Road, where a few trees were leaning on power lines. This damage was a result of an EF0 tornado with a wind speed of 70 mph.||From Halls Hill Road, the tornado moved east into the Heather Ridge neighborhood. The west half of the neighborhood incurred EF1 95 mph winds, which led to many uprooted or topped trees and minor roof damage. At this point, the tornado strengthened to an EF2 with 115 mph winds while moving into the eastern half of the |neighborhood. Garage doors were inverted or blown off their track, windows were blown out, large portions of roof structures were compromised, mud and insulation were spread all over cars and homes, wood from roof structures was impaled into the ground several feet, and trees were uprooted or snapped. One homeowner was able to catch the tornado with his home security system. Another homeowner explained the terrifying sound of the wind as they took shelter in their basement. ||From the Heather Ridge neighborhood, the tornado continued into the Grand Villa neighborhood where it weakened to an EF1 tornado with 100 mph winds. In this neighborhood, numerous trees were uprooted and one home had an inverted garage door. ||The tornado then continued over Oldham County High School where the roof HVAC system was blown to the ground and a street light was bent. Across the street, a metal warehouse took some roof damage and the garage doors were inverted. At this point, the tornado was an EF1 at 90 mph. ||East of the high school, the tornado weakened to an EF0 at 80 mph where a church took damage to the steeple and large limbs were snapped. A large open faced metal RV storage building took damage to the roof and walls. ||The tornado then weakened as it crossed I-71, leading to some topped trees in the interstate median. The tornado lifted on the southeast side of the interstate.","As a surface low cut across Missouri and Illinois, its eastward stretching warm front moved north across central Indiana while its cold front moved east towards the Lower Ohio Valley. This placed central Kentucky in the warm sector, where 3 separate lines of convection moved through during the day. The first line of storms generating from an early morning outflow boundary dropped southeast through the area. This produced six tornadoes, mainly through the Bluegrass region. The second line, moving west to east, just produced some passing showers and thunderstorms. The third line, just ahead of the cold front, moved through during the evening hours. This produced three more tornadoes along the Interstate 71 corridor. One of these tornadoes began in Clark County, Indiana before crossing the Ohio River into Kentucky.",300
1168411,OHIO CO.,BEAR BRANCH,04/02/2024,1652,Tornado, ,EF1,0,0,50000,0,IN,EST-5, ,190045,C,115,ILN,0,0,NWS Storm Survey, ,3.34,100,3,WSW,1,S,BEAR BRANCH,04/02/2024,1657,38.9034,-85.1399,38.9045,-85.0778,"The tornado developed near the Ohio and Switzerland County line, just north of Aberdeen Road. A garage was destroyed on the north side of Aberdeen Road and a well constructed barn on Aberdeen Road was completely destroyed. Much of the debris from this barn was lofted high into the trees behind the barn. Winds at this location were estimated to be around 100 mph. The tornado then continued east through wooded and inaccessible areas, eventually crossing Bear Branch Creek and Texas Gas Road before it dissipated near Milton Bear Branch Road. Along this path, numerous trees were uprooted.","A low pressure system moving through the Ohio Valley produced widespread showers and thunderstorms during the afternoon and evening hours.",301
1168663,WAYNE CO.,SPRING GROVE,04/02/2024,1653,Tornado, ,EF0,0,0,200000,0,IN,EST-5, ,190045,C,177,ILN,0,0,NWS Storm Survey, ,3.42,200,1,E,2,SSE,MIDDLEBORO,04/02/2024,1658,39.8503,-84.869,39.8753,-84.8134,"The tornado developed near the intersection of Garr and Pleasant View Roads, where trees were broken off and uprooted on either side of Pleasant View Road. From there, the tornado caused mainly tree damage as it traveled northeast across Buttermilk Road, Weiss Road, and Interstate 70. After the tornado crossed Interstate 70, it widened briefly as it crossed Reservoir Road and Smyrna Road, where it caused tree and some structural damage on Smyrna Road. Here, several barns, outbuildings, and residential structures suffered damage and debris was thrown a considerable distance. One barn was very heavily damaged and several other barns lost some or major portions of their roofs, trailers were tipped over, and a porch was damaged on|a home. This represented the highest wind speed along the path,  estimated at 80 mph based on numerous damage indicators on Smyrna Road. The tornado continued over open fields and then crossed Turner and Porterfield Roads before dissipating as it approached the Ohio/Indiana State line.","A low pressure system moving through the Ohio Valley produced widespread showers and thunderstorms during the afternoon and evening hours.",302
1176353,HENRY CO.,JERICHO,04/02/2024,1658,Tornado, ,EF1,0,0,0,0,KY,EST-5, ,191095,C,103,LMK,0,0,NWS Storm Survey, ,7.78,200,1,NW,1,ESE,NEW CASTLE,04/02/2024,1709,38.4081,-85.2901,38.4234,-85.1477,"The National Weather Service in Louisville confirmed an EF1 tornado in south central Henry County starting near Jericho and ending southeast of New Castle.||The tornado touched down near the intersection of state routes 153 and 712. Keepers Restaurant had roof damage, a travel trailer moved 15 yards, and many boards were impaled into the ground. There were extensive topped and uprooted trees behind the Dollar General. Winds were 90 mph, EF1, with a width of 125 yards. ||The tornado destroyed a double wide mobile home, then snapped and uprooted trees along Whitaker Lane. The mobile home was loosely anchored, and the family had heard the NWS tornado warning. Together with other family members next door, they all went to a well constructed home nearby and everyone survived! Winds increased to 110 mph, EF1, with a width of 175 yards. ||The tornado did plenty of topped and uprooted tree damage along Bates Lane and Hieatt Lane over to Jackson Creek. Most of this damage was 80-85 mph, EF1, with a width of 125 mph, but one barn had extensive roof damage, and was EF1, 9O mph wind, with a width of 125 yards. ||Next, the survey team observed topped and twisted trees along with gutter and roof shingle damage at Sunnyside Rd and Jackson Rd. Maximum winds were 90 mph, EF1, with a width of 200 yards. ||The tornado continued eastward and hit the south side of New Castle. It hit 2 metal building warehouses and a large storage shed damaging side and roofing panels. Winds were 90 to 95 mph, EF1, with a width of 175 yards. There were plenty of straight |line winds of 80 mph on the north side of the tornado, especially on the northwestern side. ||The tornado crossed US 421 and damaged a bunch of power poles and lines on KY 573 (South Property Road) with a lot of topped pine and cedar trees. Max winds were 85 mph, EF0, with a width of 125 yards. ||The last damage point was at the end of Burrett Lane, with a few twisted large branches and topped trees. Max winds were 75 mph, EF0, with a width of 75 yards.","As a surface low cut across Missouri and Illinois, its eastward stretching warm front moved north across central Indiana while its cold front moved east towards the Lower Ohio Valley. This placed central Kentucky in the warm sector, where 3 separate lines of convection moved through during the day. The first line of storms generating from an early morning outflow boundary dropped southeast through the area. This produced six tornadoes, mainly through the Bluegrass region. The second line, moving west to east, just produced some passing showers and thunderstorms. The third line, just ahead of the cold front, moved through during the evening hours. This produced three more tornadoes along the Interstate 71 corridor. One of these tornadoes began in Clark County, Indiana before crossing the Ohio River into Kentucky.",303
1171267,LIMESTONE CO.,SARDIS SPGS,04/02/2024,1701,Tornado, ,EF0,0,0,0,0,AL,CST-6, ,188830,C,83,HUN,0,0,NWS Storm Survey, ,1.11,123,1,WSW,0,ENE,SARDIS SPGS,04/02/2024,1704,34.8261,-86.8947,34.8315,-86.8764,"Multiple small and large branches were snapped along Hall Road. A large tree was split at the base in front of a residence on Mooresville Road. Significant loss of metal roof occurred on a detached 3 car garage and metal roof was peeled back on a shed. Roof debris was scattered northward behind a single family residence. Several|large trees were uprooted along Panther Branch Creek off of Mooresville Road with other trees that had medium to large branches snapped.","A broken line of strong to severe thunderstorms pushed east through north Alabama during the late afternoon and early evening hours. A couple of the thunderstorms showed supercell characteristics at times and produced an EF-1 tornado in eastern Colbert County in Leighton and an EF-0 tornado in central Limestone County just east of Athens.",304
1175527,BRACKEN CO.,BROOKSVILLE,04/02/2024,1815,Tornado, ,EF0,0,0,750000,0,KY,EST-5, ,190046,C,23,ILN,0,0,NWS Storm Survey, ,3.2,250,1,SW,2,ESE,BROOKSVILLE,04/02/2024,1819,38.6672,-84.0904,38.6718,-84.0315,"The tornado began along Brooksville-Powersville Road west of Hamilton Road. Tree damage was observed in the area along with some minor damage to a home east of Hamilton Road. Several barns were heavily damaged or destroyed in the area. Additional observed damage was located on Michaels Lane and McNamara Lane where several barns were damaged. The tornado continued eastward, crossing Brooksville-Germantown Road, causing damage to more barns, outbuildings, and trees. Based on radar data and observed damage provided by the public on social media, it is believe the tornado dissipated north of Brooksville-Germantown Road west of Locust Creek.","A low pressure system moving through the Ohio Valley produced widespread showers and thunderstorms during the afternoon and evening hours.",305
1175528,MASON CO.,MINERVA,04/02/2024,1827,Tornado, ,EF1,0,0,300000,0,KY,EST-5, ,190046,C,161,ILN,0,0,NWS Storm Survey, ,3.5,300,0,NNW,1,SSW,SOUTH RIPLEY,04/02/2024,1831,38.704,-83.9216,38.7158,-83.8598,"The tornado began within the town of Minerva, Kentucky causing tree and minor structural damage. Numerous trees were observed to be uprooted and snapped along Minerva Tuckahoe Road, consistent with EF1 intensity. Additionally, a  structure was damaged on T Wenz Road, which confirmed the estimated EF1 intensity, with considerable roof coverage loss and a partial collapse of the second story brick wall. Due to a lack of access along the rest of T Wenz Road and Lee Creek, it is unknown how many trees and builders were damaged. The last known sign of damage, a few trees uprooted, was observed along Tuckahoe Road. It is believed the tornado dissipated before the Ohio River.","A low pressure system moving through the Ohio Valley produced widespread showers and thunderstorms during the afternoon and evening hours.",306
1168697,ADAMS CO.,CLAYTON,04/02/2024,1846,Tornado, ,EF1,0,1,200000,0,OH,EST-5, ,190047,C,1,ILN,0,0,NWS Storm Survey, ,7.87,500,2,NE,1,NNE,WEST UNION,04/02/2024,1857,38.7662,-83.647,38.8174,-83.5165,"The tornado began south of the intersection of Brier Ridge Road and Robinson Hollow Road, southwest of West Union. Damage to trees and structures occurred here, with one manufactured structure on Robinson Hollow Road completely destroyed. From here, the tornado continued northeast and caused outbuilding and tree damage along Fryman Road.||The tornado then caused damage along Eagle Creek Road and Tomlin Road, with the Kirker Covered Bridge losing all of it's roofing panels. Several well constructed outbuildings were heavily damaged on Tomlin Road and multiple large hardwood trees were snapped. Similar magnitude damage was observed along State Route 136 and McClanahan Road, where hardwood trees were snapped and some structures were damaged.  Winds in this area were estimated to be around 100 mph. ||To the northeast, along Old Cincinnati Pike and Stan Roberts Road, the damage intensity lessened slightly as the tornado expanded to the maximum estimated with of 500 yards. Uprooted and snapped trees continued to be observed along State Route 125, Nehus Road, Chaparal Road, and State Route 247. Damage became less persistent to the northeast, but considerable tree loss at the Adams Lake State Park indicated the tornado was still on the ground northeast of West Union. The tornado is believed to have dissipated to the west of State Route 41.","A low pressure system moving through the Ohio Valley produced widespread showers and thunderstorms during the afternoon and evening hours.",307
1168807,LICKING CO.,LINNVILLE,04/02/2024,1908,Tornado, ,EF0,0,0,50000,0,OH,EST-5, ,190047,C,89,ILN,0,0,NWS Storm Survey, ,5.29,150,2,E,2,N,GRATIOT,04/02/2024,1915,39.9691,-82.3146,39.9835,-82.2164,"The tornado developed in Franklin Township near Sand Hollow Road SE and moved northeast, causing mainly tree and minor structural damage along its path. Tree damage was noted in a path from Sand Hollow Road SE, northeast along Fairview Road, and then on Brownsville Road SE and across Poplar Forks Road SE before it dissipated.  Minor structural damage to barns and outbuildings was also noted on Poplar Forks Road SE as well as Fairview Road. Damage along the entire path was estimated to be caused by 70 to 75 mph winds.","A low pressure system moving through the Ohio Valley produced widespread showers and thunderstorms during the afternoon and evening hours.",308
1171421,MUSKINGUM CO.,ZANESVILLE PARR ARPT,04/02/2024,1932,Tornado, ,EF1,0,0,950000,50000,OH,EST-5, ,189724,C,119,PBZ,0,0,NWS Storm Survey, ,8.16,75,1,NNE,3,SSE,ADAMSVILLE,04/02/2024,1944,40.0085,-82.0162,40.029,-81.8644,"An NWS damage survey confirmed an EF-1 tornado with peak wind |speeds of 90 mph on the evening of April 2nd, 2024. The length of |the tornado was about 8.25 miles, with an estimated max width of |75 yards.||The path began north of Zanesville at the Parr Airport where a |hangar collapsed and tied-down aircraft were shifted. Across the |road from the airport, a portion of the roof was blown off a barn |and pieces were blown into the neighboring yard. Additionally, |several hardwood trees were snapped. The tornado continued |intermittently on the ground for another eight miles. Just a |quarter mile east on Dresden Road, another swath of hardwood trees|were snapped. ||The second area of damage as the tornado likely lifted and |descended again farther east along Fairview Road where another |area of small tree trunks were snapped and a couple uprooted. Just|to the east and about 230 yards north of Fairview Road, numerous |softwood trees were snapped and uprooted. A small shed was also |destroyed and tossed a couple hundred yards to the east. This area|of damage had the strongest winds of 90 mph. Additional EF-0 |damage was noted along North River Road where a roof was lifted |off a single-wide manufactured home. The tornado then briefly |lifted as it crossed the Muskingum River. ||The tornado descended again and damage resumed along Church Hill |Road where several hardwood trees were snapped and uprooted along |with roof damage to a barn. Farther to the east along Adamsville |Road, a larger swath of softwood trees were snapped and uprooted |with EF-1 damage observed and winds estimated at 88 mph. Farther |to the east, another two locations of damage were noted with |hardwood trees snapped and uprooted along Piper Road and again on |Knipe road where a home also suffered partial roof loss.","Several rounds of showers and thunderstorms prompted a widespread flash flood problems across the Ohio River Valley on April 2nd to April 3rd. The synoptic pattern across the CONUS was a slow moving and deep elongated trough over the Great Plains phasing with a ejecting trough over the Midwest that created an area of converging moisture over eastern Ohio and western Pennsylvania. Overall, over a span of 4 days, four to five an half inches of rain fell across the region. Not only was small tributaries impact, but the main river reached moderate flood stage. ||Along with flooding, there was a brief period of severe storms that tracked along eastern Ohio on the evening of April 2nd. A number of tornadoes touched down and were surveyed. Special soundings released by PBZ and ILN depict effective instability over eastern Ohio (1200J/kg to 1700J/kg), effective low-level shear (+50kts), and low-level helicity (300m2/s2) for rotating updrafts just before storms tracked through the area.",309
1168061,JACKSON CO.,LEO,04/02/2024,1947,Tornado, ,EF2,0,0,20000,0,OH,EST-5, ,189704,C,79,RLX,0,0,NWS Storm Survey, ,1.87,325,5,SSW,3,SSW,LEO,04/02/2024,1950,39.0917,-82.7198,39.1048,-82.6902,"A tornado formed along Erwin Hollow Road where several hardwood trees were snapped and uprooted. The tornado then moved northeast over a thick forest of mixed pine and hardwood trees between Erwin Hollow Road and Roberts Road where drone footage showed an extensive area of leveled hardwood trees and EF2 intensity was obtained. The drone footage and ground surveys then showed that the tornado weakened and the path became intermittent as it crossed Roberts Road, where a house was damaged when a tree fell on it. The last damage was noted along Oakland Road where several large pine trees were uprooted or snapped.","Multiple rounds of showers and thunderstorms moved across parts of Ohio at the start of the month of April. An intense squall line raced through portions of southeast Ohio on the late morning of April 2nd, which spawned four tornadoes and caused numerous other locations to observe straight-line wind damage. Additional severe thunderstorms occurred late in the afternoon and into the evening of April 2nd, producing additional tornadoes and wind damage centered within southern and eastern Ohio. ||The multiple rounds of rain produced numerous instances of flash flooding around Ohio. Widespread rainfall amounts of 2 to 4 inches had fallen across southern and eastern Ohio, with localized amounts near 6 inches observed. Runoff from this rainfall, coupled with heavy rain occurring in West Virginia and Pennsylvania, caused moderate to major flooding along the Ohio River. Moderate flooding was observed first along the lower Muskingum River, with both McConnellsville and Beverly having surpassed their respective moderate flood stage. Drainage into the Ohio River eventually sent the river into flood on April 4th from north to south, with subsequent crests occurring into April 5th. Locations along the upper reaches experienced moderate flooding. In addition, Marietta exceeded major flood stage. Overall impacts were significant with numerous roads and structures observing flooding along the West Virginia side of the river.",310
1171419,MUSKINGUM CO.,BLOOMFIELD,04/02/2024,1949,Tornado, ,EF0,0,0,400000,50000,OH,EST-5, ,189724,C,119,PBZ,0,0,NWS Storm Survey, ,1.21,50,4,WSW,3,W,BLOOMFIELD,04/02/2024,1951,40.0345,-81.8167,40.0477,-81.8016,"An NWS damage survey confirmed that an EF-0 tornado, with winds |peaking near 85 mph, tracked through central Muskingum County on |the evening of April 2, 2024. The length was about 1.21 miles and |the max width was estimated to be 50 yards. This tornado was |associated with the same circulation that initially produced a |tornado about 2 miles north of North Zanesville, OH near the Green|Valley Golf Club. ||Weak tornado damage was noted along Bethel Road and New Hope |Road, with a few trees snapped and roof damage to outbuildings. |All the structures that were damaged were in open fields. ||The tornado lifted around 8:51 pm. However, there was a new |circulation in Guernsey County, OH along Cowden Road that produced|EF-1 damage.","Several rounds of showers and thunderstorms prompted a widespread flash flood problems across the Ohio River Valley on April 2nd to April 3rd. The synoptic pattern across the CONUS was a slow moving and deep elongated trough over the Great Plains phasing with a ejecting trough over the Midwest that created an area of converging moisture over eastern Ohio and western Pennsylvania. Overall, over a span of 4 days, four to five an half inches of rain fell across the region. Not only was small tributaries impact, but the main river reached moderate flood stage. ||Along with flooding, there was a brief period of severe storms that tracked along eastern Ohio on the evening of April 2nd. A number of tornadoes touched down and were surveyed. Special soundings released by PBZ and ILN depict effective instability over eastern Ohio (1200J/kg to 1700J/kg), effective low-level shear (+50kts), and low-level helicity (300m2/s2) for rotating updrafts just before storms tracked through the area.",311
1171420,GUERNSEY CO.,MANTUA,04/02/2024,1957,Tornado, ,EF1,0,0,400000,50000,OH,EST-5, ,189724,C,59,PBZ,0,0,NWS Storm Survey, ,1.29,75,2,WSW,1,WNW,MANTUA,04/02/2024,1958,40.0741,-81.7179,40.0843,-81.6974,"An NWS damage survey confirmed that an EF-1 tornado, with winds |peaking near 100 mph, tracked through north central Guernsey County|on the evening of April 2, 2024. The length of the tornado was |about 1.30 miles and the max width was estimated to be about 75 |yards. This tornado was associated with the same circulation that |initially produced 2 tornadoes in Muskingum County. One tornado in|Muskingum County was surveyed near North Zanesville, OH (EF-1) and|the other tornado was surveyed in Highland Twp (EF-0).||Peak intensity was reached as Cool Springs Road meets Cowden |Road, where a number of trees were snapped and/or uprooted. The |tornado caused minor structure damage to a barn before crossing |over a mobile home. The mobile home had partial roof damage, where|insulation was lofted into a tree. Numerous trees were snapped |and/or uprooted near the mobile home. After passing the mobile |home, the tornado lifted along a hillside.","Several rounds of showers and thunderstorms prompted a widespread flash flood problems across the Ohio River Valley on April 2nd to April 3rd. The synoptic pattern across the CONUS was a slow moving and deep elongated trough over the Great Plains phasing with a ejecting trough over the Midwest that created an area of converging moisture over eastern Ohio and western Pennsylvania. Overall, over a span of 4 days, four to five an half inches of rain fell across the region. Not only was small tributaries impact, but the main river reached moderate flood stage. ||Along with flooding, there was a brief period of severe storms that tracked along eastern Ohio on the evening of April 2nd. A number of tornadoes touched down and were surveyed. Special soundings released by PBZ and ILN depict effective instability over eastern Ohio (1200J/kg to 1700J/kg), effective low-level shear (+50kts), and low-level helicity (300m2/s2) for rotating updrafts just before storms tracked through the area.",312
1171422,MUSKINGUM CO.,MC DONALD,04/02/2024,2020,Tornado, ,EF1,0,0,10000,0,OH,EST-5, ,189724,C,119,PBZ,0,0,NWS Storm Survey, ,0.54,150,1,N,1,SW,CHANDLERSVILLE,04/02/2024,2021,39.8847,-81.8478,39.892,-81.8441,"An NWS damage survey confirmed that an EF-1 tornado, with winds |peaking near 105 mph, tracked through southeastern Muskingum |County on the evening of April 2, 2024. The length was about 0.59 |miles with an estimated max width of 150 yards. ||Tree damage was first observed just south of Coon Ridge Road and |Wonderland Road inside the Blue Rock State Forest. The tornado |continued north where it crossed Coon Ridge Road, entered a field,|and resulted in the loss of metal roofing panels of a barn. It |then re-entered the forest, making a turn to the northeast before |causing a sizable blowdown of snapped and uprooted trees in a |ravine. This is where peak intensity and maximum width were |reached. The tornado then quickly lifted before just before |crossing Coon Ridge Road.","Several rounds of showers and thunderstorms prompted a widespread flash flood problems across the Ohio River Valley on April 2nd to April 3rd. The synoptic pattern across the CONUS was a slow moving and deep elongated trough over the Great Plains phasing with a ejecting trough over the Midwest that created an area of converging moisture over eastern Ohio and western Pennsylvania. Overall, over a span of 4 days, four to five an half inches of rain fell across the region. Not only was small tributaries impact, but the main river reached moderate flood stage. ||Along with flooding, there was a brief period of severe storms that tracked along eastern Ohio on the evening of April 2nd. A number of tornadoes touched down and were surveyed. Special soundings released by PBZ and ILN depict effective instability over eastern Ohio (1200J/kg to 1700J/kg), effective low-level shear (+50kts), and low-level helicity (300m2/s2) for rotating updrafts just before storms tracked through the area.",313
1161490,DALLAS CO.,PLANTERSVILLE,04/02/2024,2128,Tornado, ,EF1,0,0,0,0,AL,CST-6, ,188856,C,47,BMX,0,0,NWS Storm Survey, ,6.48,600,7,WSW,1,WSW,PLANTERSVILLE,04/02/2024,2135,32.641,-87.0398,32.6641,-86.932,"The tornado began in a wooded area just east of the Perry/Dallas County line. It quickly reached its peak intensity of 95 mph as it crossed County Road 272 where dozens of trees were snapped or uprooted, blocking the roadway for over a quarter of a mile as it paralleled the road. Additional trees were downed along County Roads 290 and 305, but the tornado weakened as it approached Plantersville. Still, several trees were downed along Dallas County 560 and Highway 22 in Plantersville. The tornado then crossed into Chilton County.","A surface low positioned over Lake Michigan moved an associated cold front through Central Alabama during the evening of April 2. While a widespread severe weather outbreak unfolded to the north, Alabama saw more concentrated areas of severe weather across northern and central counties in the state. After 10 PM CDT April 2, a small mesoscale convective vortex developed within a broken line of thunderstorms, spawning four tornadoes and areas of wind damage across northern Dallas, southern Chilton, and central and eastern Coosa counties. Three of the tornadoes were rated EF1, with damage primarily consisting of trees and sporadic small structures.",314
1161502,CHILTON CO.,RIDERVILLE,04/02/2024,2135,Tornado, ,EF1,0,0,0,0,AL,CST-6, ,188856,C,21,BMX,0,0,NWS Storm Survey, ,1.8,350,0,SSW,0,NW,LESILE,04/02/2024,2137,32.6641,-86.932,32.6749,-86.9044,"An EF1 tornado began in Dallas County and crossed into Chilton County. It downed more trees near residences on County Road 26 and County Road 16 before quickly dissipating as it crossed County Road 16. The total path length of the tornado was 8.28 miles.","A surface low positioned over Lake Michigan moved an associated cold front through Central Alabama during the evening of April 2. While a widespread severe weather outbreak unfolded to the north, Alabama saw more concentrated areas of severe weather across northern and central counties in the state. After 10 PM CDT April 2, a small mesoscale convective vortex developed within a broken line of thunderstorms, spawning four tornadoes and areas of wind damage across northern Dallas, southern Chilton, and central and eastern Coosa counties. Three of the tornadoes were rated EF1, with damage primarily consisting of trees and sporadic small structures.",315
1161492,CHILTON CO.,PLETCHER,04/02/2024,2149,Tornado, ,EF1,0,0,0,0,AL,CST-6, ,188856,C,21,BMX,0,0,NWS Storm Survey, ,15.07,450,2,NE,2,N,COOPER,04/02/2024,2206,32.7121,-86.7786,32.8038,-86.5453,"The same storm that produced the Plantersville tornado continued northeastward. Some sporadic minor tree damage was observed around Pletcher but was more consistent with straight line winds. Damage became more consistent with a tornado as it reached a residence along County Road 359 where a couple trees were downed and minor roof damage occurred to the residence. Damage remained sporadic until it reached some residences along County Road 37. There portions of a porch overhang were blown off a residence, and two barns were damaged. One of these was destroyed though minimal damage was observed to nearby trees. A racecar trailer was blown 100 yards downstream and flattened. Minor tree damage continued as the tornado moved northeastward across County Road 9 and additional outbuildings were damaged or destroyed. The tornado intensified as it crossed an inaccessible area east of County Road 387 as depicted on satellite imagery by an area of heavier vegetation/timber damage, with winds estimated at 95 mph. Much of the roof was blown off a manufactured home on County Road 49, with another manufactured home having about half of its roofing materials removed. Another pole barn was destroyed near County Road 391 where a personal weather station measured a 95.7 mph gust at an elevation of 7 feet. Occasional trees and limbs were downed as the tornado crossed Interstate 65 near Highway 31, before the tornado dissipated after crossing County Road 480.","A surface low positioned over Lake Michigan moved an associated cold front through Central Alabama during the evening of April 2. While a widespread severe weather outbreak unfolded to the north, Alabama saw more concentrated areas of severe weather across northern and central counties in the state. After 10 PM CDT April 2, a small mesoscale convective vortex developed within a broken line of thunderstorms, spawning four tornadoes and areas of wind damage across northern Dallas, southern Chilton, and central and eastern Coosa counties. Three of the tornadoes were rated EF1, with damage primarily consisting of trees and sporadic small structures.",316
1161494,COOSA CO.,ROCKFORD,04/02/2024,2228,Tornado, ,EF1,0,0,0,0,AL,CST-6, ,188856,C,37,BMX,0,0,NWS Storm Survey, ,2.65,400,3,NNW,4,NNE,ROCKFORD,04/02/2024,2231,32.9182,-86.245,32.9326,-86.2033,"A brief tornado touched down northwest of Rockford near Kings Bridge Rd causing minor timber damage. Satellite imagery depicted a swath of heavier vegetation/timber damage between Kings Bridge Rd and County Road 47 to suggest low-end EF1 intensity of 90 mph. The tornado continued northeast causing additional timber damage near County Road 47 and US Highway 231, dissipating shortly thereafter.","A surface low positioned over Lake Michigan moved an associated cold front through Central Alabama during the evening of April 2. While a widespread severe weather outbreak unfolded to the north, Alabama saw more concentrated areas of severe weather across northern and central counties in the state. After 10 PM CDT April 2, a small mesoscale convective vortex developed within a broken line of thunderstorms, spawning four tornadoes and areas of wind damage across northern Dallas, southern Chilton, and central and eastern Coosa counties. Three of the tornadoes were rated EF1, with damage primarily consisting of trees and sporadic small structures.",317
1161495,COOSA CO.,SOCAPATOY,04/02/2024,2240,Tornado, ,EF0,0,0,0,0,AL,CST-6, ,188856,C,37,BMX,0,0,NWS Storm Survey, ,2.28,175,1,SW,1,W,KELLYTON,04/02/2024,2244,32.9712,-86.0793,32.9814,-86.0423,"A brief tornado touched down near Kellyton along County Road 62 causing a corridor of timber damage that was most notable near the intersection with AL Highway 9. The tornado continued northeast crossing US Highway 280 where additional timber damage occurred. The tornado dissipated after causing additional timber damage on County Road 50. Maximum winds were estimated at 80 mph.","A surface low positioned over Lake Michigan moved an associated cold front through Central Alabama during the evening of April 2. While a widespread severe weather outbreak unfolded to the north, Alabama saw more concentrated areas of severe weather across northern and central counties in the state. After 10 PM CDT April 2, a small mesoscale convective vortex developed within a broken line of thunderstorms, spawning four tornadoes and areas of wind damage across northern Dallas, southern Chilton, and central and eastern Coosa counties. Three of the tornadoes were rated EF1, with damage primarily consisting of trees and sporadic small structures.",318
1175093,ROCKDALE CO.,CAMP SMYRNA,04/02/2024,2249,Tornado, ,EF2,0,0,0,0,GA,EST-5, ,190114,C,247,FFC,0,0,NWS Storm Survey, ,9.47,800,3,NNW,2,SW,PRINCETON,04/02/2024,2306,33.6554,-84.0903,33.7031,-83.9436,"An EF2 with max winds of 110-115 touched down near the 3200 block of Klondike Rd southwest of Conyers and traveled east-northeast downing thousands of trees, some landing on homes, businesses, and vehicles. Max intensity was reached near the intersection of Mcdaniel Road near Briarwood Circle, where 2/3 of a roof of a well built home was torn off. The tornado again reached EF1 intensity as it crossed North Main St NW, ParkCir, College Ave, Milstead Ave, McCalla St NE and Woodland Rd. The storm continued NE as an EF0.","A Quasi-Linear Convective System moved through the area through the night of the 2nd into the morning of the 3rd. Convection across West Central GA was weaker with limited to no severe activity due to weaker CAPE values, however shear and helicity were plentiful. Convection in the early morning hours was able to organize into several messy supercells ahead of the line, as they tapped into a region of more ample CAPE and steep mid-level lapse rates. Several tornado warnings were issued with three confirmed tornados including a strong EF2 tornado in Rockdale County between Pine Mountain and Conyers.",319
1175096,HOUSTON CO.,CENTERVILLE,04/03/2024,244,Tornado, ,EF0,0,0,0,0,GA,EST-5, ,190114,C,153,FFC,0,0,NWS Storm Survey, ,1.24,150,2,WSW,1,WSW,CENTERVILLE,04/03/2024,246,32.6107,-83.7144,32.6165,-83.6945,"A brief tornado touched down in a field of trees just southwest of Hwy 41 and Watson Blvd intersection. A few trees were seen snapped near this intersection that took out powerlines/poles. About 1/2 to 3/4 of a mile east of this location along Watson Blvd a few retail signs were blown out. No notable structural damage occurred aside that. Damage was confirmed by Tornado Debris Signature (TDS) from the KJGX radar.","A Quasi-Linear Convective System moved through the area through the night of the 2nd into the morning of the 3rd. Convection across West Central GA was weaker with limited to no severe activity due to weaker CAPE values, however shear and helicity were plentiful. Convection in the early morning hours was able to organize into several messy supercells ahead of the line, as they tapped into a region of more ample CAPE and steep mid-level lapse rates. Several tornado warnings were issued with three confirmed tornados including a strong EF2 tornado in Rockdale County between Pine Mountain and Conyers.",320
1175097,CRISP CO.,MARSHALL,04/03/2024,349,Tornado, ,EF1,0,0,0,0,GA,EST-5, ,190114,C,81,FFC,0,0,NWS Storm Survey, ,5.55,300,3,NNW,3,NNE,MILLDALE,04/03/2024,356,31.9113,-83.922,31.9346,-83.8334,"A tornado touched down over Lake Blackshear with damage quickly occuring where Scenic Route meets North Cedar Creek Rd. Numerous trees, some large pines, were snapped near the base and uprooted as the tornado tracked along North Cedar Creek Rd toward South Coney Rd. Several homes received significant damage due to falling trees with some rood damage, mainly to tin roofs getting peeled back. Max winds estimated at 100 mph. The tornado continued to track northeast where it continued to snap smaller trees. A farm picot irrigation system was flipped near South Coney Rd. A few trees were also snaped along McKinney Rd and just north along GA Hwy 300. Another pivot was flipped between GA Hwy 300 and Pateville Rd with a few tops of trees seen snapped from aerial survey.","A Quasi-Linear Convective System moved through the area through the night of the 2nd into the morning of the 3rd. Convection across West Central GA was weaker with limited to no severe activity due to weaker CAPE values, however shear and helicity were plentiful. Convection in the early morning hours was able to organize into several messy supercells ahead of the line, as they tapped into a region of more ample CAPE and steep mid-level lapse rates. Several tornado warnings were issued with three confirmed tornados including a strong EF2 tornado in Rockdale County between Pine Mountain and Conyers.",321
1170537,ST. JOHNS CO.,DURBIN,04/03/2024,1108,Tornado, ,EF0,0,0,0,0,FL,EST-5, ,190127,C,109,JAX,0,0,NWS Storm Survey, ,0.25,125,1,WSW,1,W,DURBIN,04/03/2024,1109,30.0759,-81.47,30.0778,-81.4665,"A little after Noon on 04/03/2024, a Quasi Linear Convective |System tornado briefly developed and touched down in the Beacon |Lake Neighborhood in Northern St Johns county near US highway 1. |The tornado caused damage to roofs, fences, and patio furniture |from Beam Ln east northeast into Strobe Ct and ending at Convex |Ln along it's path that measured about one quarter of a mile. A |NWS survey of the damage found the tornado was 125 yards at it's |widest point and had winds around 70 to 80 mph at it's peak. On |the right hand side of the track was damage from the storm's |rear flank downdraft in the range of 60-70 mph.","Deep lift provided by a potent trough and upper jet aided deep convection along a prefrontal trough. A stout low level jet preceded the front itself resulting in heavily sheared low levels with bulk shear around 40-50 kts in the lowest 3km. This dynamic energy fueled organized cells embedded within the larger squall line as it pressed into Suwannee Valley and interior southeast GA zones around sunrise. The line progressed to the southeast through the morning and exited to the south late in the afternoon.",322
1172757,RICHMOND CO.,FARNHAM,04/03/2024,1504,Tornado, ,EF0,0,0,2000,10000,VA,EST-5, ,190714,C,159,AKQ,0,0,NWS Storm Survey, ,1.25,100,4,N,4,N,MULCH,04/03/2024,1506,37.933,-76.6004,37.9429,-76.5812,"The tornado touched down in Richmond County near Luttrellville Lane and Chevy Place at 404 PM EDT. A storage shed was demolished and numerous trees were uprooted consistent with EF-0 damage. The tornado quickly moved northeast across Ridge Road and into Northumberland County, causing additional damage.","An upper level low occluded over the Great Lakes on April 3 with a stationary front across southern Virginia on the morning of the 3rd lifting north as a warm front into the afternoon. Meanwhile, a secondary surface low formed across southwestern Virginia in the morning and gradually drifted east through the afternoon along with a trailing cold front. This setup produced scattered severe storms including a tornado in the Northern Neck.",323
1172759,NORTHUMBERLAND CO.,LUTTRELLVILLE,04/03/2024,1506,Tornado, ,EF1,0,0,273500,20000,VA,EST-5, ,190714,C,133,AKQ,0,0,NWS Storm Survey, ,4.53,100,1,SW,1,ESE,LODGE,04/03/2024,1510,37.9429,-76.5812,37.9731,-76.5075,"A tornado tracked from Richmond County across Ridge Road and into Northumberland County where it caused mainly EF-0 damage to Quinton Oaks Gulf course as several hardwood trees were knocked down along with a storage shed which was destroyed. Additional damage was caused to a double wide manufactured home off of Ridge Road which had large sections of its roof ripped off. The tornado then intensified as it crossed Azalea Lane and Owl Town Road where numerous hardwood trees were snapped along with two houses which had portions of their roofs lifted off. One of these houses had its garage wall blown out and the other had multiple walls collapse and cave in. The damage in this area was consistent with EF-1 damage of 95-100 mph. The tornado continued to track northeast, crossing US 360 near Glebe Lane as a high-end EF-0 with roof damage observed on houses along with additional uprooted trees. The tornado lifted just north of US 360 and east of Glebe Lane around 310 pm EST.","An upper level low occluded over the Great Lakes on April 3 with a stationary front across southern Virginia on the morning of the 3rd lifting north as a warm front into the afternoon. Meanwhile, a secondary surface low formed across southwestern Virginia in the morning and gradually drifted east through the afternoon along with a trailing cold front. This setup produced scattered severe storms including a tornado in the Northern Neck.",324
1169909,HAMILTON CO.,WILLIAMS,04/07/2024,1450,Tornado, ,EFU,0,0,0,0,IA,CST-6, ,190139,C,79,DMX,0,0,NWS Storm Survey, ,0.17,20,5,NNW,6,NNW,WILLIAMS,04/07/2024,1451,42.5553,-93.5763,42.5577,-93.5764,"A brief tornado developed in far northern Hamilton County and travelled a short distance north before leaving the county.  No damage indicators were impacted in Hamilton County, hence the EFU rating.  This tornado moved into Wright county.","A surface low was east of the area with two associated surface boundaries draped across the area. By late afternoon the two boundaries began to merge with thunderstorm development in central to northern Iowa. Instability was modest, but concentrated in the lower three km of the atmosphere, which allowed for enough stretching to support a brief tornado.",325
1169911,WRIGHT CO.,DOWS,04/07/2024,1451,Tornado, ,EF1,0,0,20000,0,IA,CST-6, ,190139,C,197,DMX,0,0,NWS Storm Survey, ,0.48,70,7,SSW,7,SW,DOWS,04/07/2024,1453,42.5577,-93.5764,42.5644,-93.5789,"This tornado entered into Wright County from Hamilton County.  The tornado immediately impacted a hog confinement building upon entering the county producing severe damage to the back third of one of the buildings with EF1 damage.  The tornado continued northward before a more northwest movement occurred and dissipated shortly thereafter.","A surface low was east of the area with two associated surface boundaries draped across the area. By late afternoon the two boundaries began to merge with thunderstorm development in central to northern Iowa. Instability was modest, but concentrated in the lower three km of the atmosphere, which allowed for enough stretching to support a brief tornado.",326
1172370,MARION CO.,VERNON,04/07/2024,1621,Tornado, ,EF1,0,0,30000,0,IL,CST-6, ,190667,C,121,LSX,0,0,NWS Storm Survey, ,1.26,25,3,WNW,2,NW,VERNON,04/07/2024,1623,38.812,-89.137,38.822,-89.116,"Around 5:21 pm, a brief tornado touched down just southeast of the intersection of North 600th Street and Davis Road, where it destroyed a farm outbuilding, lofting debris into surrounding trees and powerlines. The tornado continued to the northeast causing minor damage to the roof of a small farm shed on Flat Creek Drive before lifting and dissipating.  The tornado was rated EF-1 with a maximum estimated wind speed of 90 mph. The path length was 1.26 miles with a maximum path width of 25 yards. No deaths or injuries were reported.","On the afternoon of April 7th, convection fired along a cold front stretching along the Mississippi River. There was an isolated threat of severe weather through the evening hours. Portions of Clinton and Marion counties were impacted by this, seeing isolated large hail, damaging winds, and an EF-1 tornado.",327
1186524,WARREN CO.,OAK RIDGE,04/09/2024,1900,Tornado, ,EF0,0,0,25000,0,MS,CST-6, ,192256,C,149,JAN,0,0,NWS Storm Survey, ,2.09,150,2,NW,3,NNE,OAK RIDGE,04/09/2024,1904,32.5017,-90.7213,32.5156,-90.6898,"An EF-0 tornado touched down near the intersection of Ballground Road and Possum Hollow Road where it downed a tree onto a church. The tornado moved northeast along Possum Hollow Rd. and blew down intermittent trees and large branches. It dissipated in the vicinity of Oak Ridge Road. Maximum estimated winds were 75 mph.","A line of severe thunderstorms produced significant wind damage, heavy rain, hail, and a tornado as it crossed from Northeast Louisiana into Mississippi during the evening of April 9th. Subsequent heavy rain and storms continued into the daytime of April 10th.",328
1186540,HINDS CO.,MORNING STAR,04/09/2024,1923,Tornado, ,EF1,0,0,300000,0,MS,CST-6, ,192256,C,49,JAN,0,0,NWS Storm Survey, ,8.15,175,1,NNE,2,SSW,RAYMOND,04/09/2024,1934,32.2262,-90.5755,32.2421,-90.4424,"An EF-1 tornado touched down near Bush Bottom Road. The tornado initially did scattered damage to tree branches in open farmland, but it quickly strengthened to its maximum intensity with estimated 100 mph winds and destroyed two outbuildings near Bush Bottom Road. The tornado continued generally east across the Natchez Trace and Bill Downing Road. Damage in these areas was mostly to trees and vegetation, but some minor roof damage occurred to homes in the area. Falling trees contributed to additional damage including downed power lines and fencing. A few homes were more heavily damaged due to trees falling onto them. The tornado continued east and caused additional tree and roof damage as it crossed Dupree Rd., Stewart Dr., Carolyn Dr., and Old Port Gibson Rd. before it dissipated at MS Highway 18.","A line of severe thunderstorms produced significant wind damage, heavy rain, hail, and a tornado as it crossed from Northeast Louisiana into Mississippi during the evening of April 9th. Subsequent heavy rain and storms continued into the daytime of April 10th.",329
1175767,SABINE PAR.,CLARE,04/09/2024,1956,Tornado, ,EF0,0,0,0,0,LA,CST-6, ,191015,C,85,SHV,0,0,NWS Storm Survey, ,3.51,440,2,SSE,4,N,TORO,04/09/2024,2004,31.305,-93.6019,31.335,-93.5539,"An NWS Storm Survey found that a high precipitation supercell thunderstorm crossing over the Toledo Bend Reservoir on the evening of April 9th produced a weak EF-0 tornado with estimated maximum winds near 85 mph, beginning in the vicinity of Kites Landing on the western shore of the far southwestern portion of Sabine Parish. The tornado tracked northeast for a little shy of 4 miles, just along or north of Ferguson Road and ending near the intersection of Highway 191 and Prospect Road. Fortunately, the tornado mainly did just tree damage in the form of many hardwood and softwood uproots and breaking of large branches. Many other trees were downed or lost limbs near and to the south of the surveyed tornado due to straight line winds as the south flank of the aforementioned supercell thunderstorm evolved into more of a bowing line segment. These straight line winds also damaged a few structures, mostly due to falling tree debris, in the Pirates Cove area, along the Toledo Bend Forest Scenic Byway, and along Rattan Road. Fortunately, no injuries or fatalities were associated with both the tornado and the straight line winds and structural damage was relatively minimal.","A frontal boundary became stationary across the heart of the Ark-La-Tex region in vicinity of the Interstate 30 corridor on April 8th before slowly advancing southeast on April 9th. Concurrently, very moist southwest flow aloft resulting from a nearly cut-off low across the Desert Southwest provided for precipitable water values near 2 inches.    Thunderstorms developed and gradually spread northward from Central into Northeast Texas, Southwest Arkansas, and Northern Louisiana in the afternoon and evening on April 8th and continued throughout April 9th before gradually tapering off early on the 10th, resulting in widespread rainfall amounts of 4-8 inches across the region. This convection also occurred along the northern periphery of deeper returning low-level moisture with MLCAPE in excess of 1500 J/kg and favorable deep-layer shear. As a result, the threat of large hail and gusty winds increased by late afternoon into the early evening on April 8th and early on April 9th. As the low-level jet strengthened, convection became more organized with a few supercells and increasing thunderstorm clusters. During this timeframe, numerous reports damaging wind gusts and flash flooding were received across Northern Louisiana.",330
1177728,HARRIS CO.,DELHI,04/10/2024,147,Tornado, ,EF1,0,0,500000,0,TX,CST-6, ,188953,C,201,HGX,0,0,NWS Storm Survey, ,1.68,300,1,ESE,2,WSW,BARKER,04/10/2024,149,29.7716,-95.7524,29.7728,-95.7244,"A tornado initially touched down near or over Mason Road and immediately produced winds of approximately 90 mph as it destroyed a Firestone commercial building and significantly damaged the commercial strip mall in the vicinity (EF1). The building room and southern outer wall appeared to fail when tornadic winds blew out the west facing windows in the lobby. A large commercial AC unit was thrown from south to north into the parking lot, with the Firestone building and majority of debris pushed more east to west. After leaving the touchdown point, the circulation then broadened and weakened to EF0 after it moved another 1.5 miles or so through the adjacent neighborhood to the east. Many trees were damaged (large limbs and some uprooting). There was only minor structural damage outside of that caused by downed trees and branches. Winds were generally 65 to 75 mph across this track.","Late night through early morning severe thunderstorms moved eastward across the area and produced hail, strong winds and some tornadoes.",331
1191270,MADISON CO.,MANSDALE,04/10/2024,335,Tornado, ,EF0,0,0,25000,0,MS,CST-6, ,192256,C,89,JAN,0,0,NWS Storm Survey, ,0.7,150,1,N,1,ESE,LIVINGSTON,04/10/2024,336,32.5369,-90.2021,32.5456,-90.1964,"An EF-0 tornado touched down near the northwestern side of the Mannsdale Upper Elementary campus and then moved northeast and produced intermittent, mostly tree damage in a path that crossed MS Highway 463, Mannsdale Road, and then residential areas along Livingston Drive. The maximum estimated winds were 85 mph. The tornado dissipated near Bidon Drive.","A line of severe thunderstorms produced significant wind damage, heavy rain, hail, and a tornado as it crossed from Northeast Louisiana into Mississippi during the evening of April 9th. Subsequent heavy rain and storms continued into the daytime of April 10th.",332
1173699,JEFFERSON CO.,PORT ARTHUR,04/10/2024,455,Tornado, ,EF2,0,0,500000,0,TX,CST-6, ,190800,C,245,LCH,0,0,NWS Storm Survey, ,2.7,300,1,SW,2,S,LAKEVIEW,04/10/2024,459,29.8863,-93.9423,29.8933,-93.8979,"A NWS storm survey revealed that an EF-2 tornado impacted areas of Port Arthur. The tornado began near the intersection of 17th Street and Savannah Ave southeast of Motiva. The tornado path traveled east, peaking out near the Progressive Missionary Baptist Church where a large portion of the masonry walls collapsed. Another home near 11th Street and Orange Ave had the roof completely removed and some walls collapsed. Home and tree damage was extensive across these neighborhoods in Port Arthur. The path continued across Rose Hill Park and onto Pleasure Island. The tornado likely continued into Sabine Lake. Maximum estimated winds were 120 mph.","A strong upper low forced a round of severe thunderstorms across the region. Flooding, high wind gusts, hail, and tornadoes occurred in Southeast Texas as a result of this system.",333
1173915,CAMERON PAR.,SWEET LAKE,04/10/2024,530,Tornado, ,EF1,0,0,250000,0,LA,CST-6, ,190812,C,23,LCH,0,0,NWS Storm Survey, ,3.11,150,5,W,3,NW,SWEET LAKE,04/10/2024,533,29.9906,-93.2479,30.0186,-93.2071,"The tornado began near the intersection of Herbert Camp Rd and Big Pasture Road, resulting in EF0-EF1 tree damage as it headed northeast.  Surging winds to the south of the tornadic circulation removed the roof of an outbuilding farther east down Big Pasture Rd. The tornado continued northeast through marshy and uninhabited areas, crossing the Intracoastal waterway south of the Grand Lake Swing Bridge.  To the south of LA-384, an untethered mobile home was flipped and destroyed.  On the north side of the highway, an RV and a small outbuilding were overturned. The tornado continued east-northeast, causing additional tree damage as it neared and crossed Gulf Highway. |The tornado caused additional tree damage as it passed through the Vincent Road and Piccou Lane area before dissipating shortly after.","A strong upper low moved across the region and interacted with a frontal boundary that was moving south across the area. Flooding, high wind gusts, hail, and tornadoes occurred in Louisiana as a result of this system.",334
1173919,CAMERON PAR.,GRAND LAKE,04/10/2024,531,Tornado, ,EF1,0,0,10000,0,LA,CST-6, ,190812,C,23,LCH,0,0,NWS Storm Survey, ,3.08,100,4,SSE,5,ESE,GRAND LAKE,04/10/2024,535,30.0166,-93.2505,30.0447,-93.2105,"The tornado touched down to the south of LA-384 near Honore Lane, damaging trees as it headed northeast toward the Intracoastal waterway.  The tornado continued through generally marshy and uninhabited areas until nearing Gulf Highway to the south of b1BANK, causing additional tree damage and tearing off a metal awning from a storage building and tossing it approximately 300 feet into a neighboring yard. The tornado then crossed Gulf Highway, leaning wooden utility poles toward the east, and|dissipating in a field to the southeast of the bank. Max estimated winds were 100 mph.","A strong upper low moved across the region and interacted with a frontal boundary that was moving south across the area. Flooding, high wind gusts, hail, and tornadoes occurred in Louisiana as a result of this system.",335
1173918,CALCASIEU PAR.,LAKE CHARLES,04/10/2024,538,Tornado, ,EF2,0,0,500000,0,LA,CST-6, ,190812,C,19,LCH,0,0,NWS Storm Survey, ,1.05,150,3,SSW,3,S,LAKE CHARLES,04/10/2024,542,30.1822,-93.2148,30.1848,-93.1974,"A tornado touched down near Vernon road on the eastern side of McNeese State University and crossed Common, Center, Harvard and Kirkman streets before moving into the Moss Memorial Health Complex causing damage to roofing. The tornado continued across Louisiana Ave where it further intensified destroying the roofs of several homes along Elton Court while also causing widespread tree and electrical damage. The tornado weakened as it crossed Brentwood lane before dissipating just east of Walton Street. Maximum estimated winds were 115 mph.","A strong upper low moved across the region and interacted with a frontal boundary that was moving south across the area. Flooding, high wind gusts, hail, and tornadoes occurred in Louisiana as a result of this system.",336
1173908,CALCASIEU PAR.,LAKE CHARLES LAKE,04/10/2024,541,Tornado, ,EF1,0,0,10000,0,LA,CST-6, ,190812,C,19,LCH,0,0,Public, ,0.13,100,2,SSE,2,SSE,LAKE CHARLES LAKE,04/10/2024,542,30.2067,-93.2188,30.2067,-93.2166,"A tornado briefly touched down near the intersection of Ryan Street and 17th Street, causing extensive damage to the Library Riot Bar. The tornado caused partial roof loss to an outbuilding between Deaton Street and Doolan Lane before dissipating. Maximum estimated winds were 100 mph.","A strong upper low moved across the region and interacted with a frontal boundary that was moving south across the area. Flooding, high wind gusts, hail, and tornadoes occurred in Louisiana as a result of this system.",337
1173923,CALCASIEU PAR.,HOLMWOOD,04/10/2024,541,Tornado, ,EF1,0,0,5000,0,LA,CST-6, ,190812,C,19,LCH,0,0,NWS Storm Survey, ,0.83,100,2,SW,1,SW,HOLMWOOD,04/10/2024,542,30.1026,-93.0903,30.1111,-93.0804,"A brief tornado touched down on a property to the west of West Todd Rd, destroying a sheet metal carport, causing overhang/fascia damage to a home and tree damage. The tornado continued northeast crossing W Todd Road and an open field, reaching a property to the west of LA-27 causing additional tree damage and overturning an unanchored wooden storage barn prior to dissipating. Maximum estimated winds were estimated at 100 mph.","A strong upper low moved across the region and interacted with a frontal boundary that was moving south across the area. Flooding, high wind gusts, hail, and tornadoes occurred in Louisiana as a result of this system.",338
1173925,JEFFERSON DAVIS PAR.,LACASSINE,04/10/2024,551,Tornado, ,EF1,0,0,200000,0,LA,CST-6, ,190812,C,53,LCH,0,0,NWS Storm Survey, ,6.62,100,3,S,1,S,WELSH,04/10/2024,558,30.1939,-92.9268,30.2192,-92.8199,"The Tornado began east of LA-101 along Ardoin Cove Road, causing damage to trees and a mobile home. A metal building had part of its roof removed, which was thrown into a field. The tornado moved east-northeast, crossing Parish Road 720A and causing damage to utility poles, then crossing LA-1131 causing damage to trees and mobile homes. The tornado continued east-northeast toward LeBlanc Road causing damage to several metal outbuildings, then passed through agricultural fields before crossing Abell|Road west of East Bayou Lacassine. The tornado caused additional tree damage north of Abell Road prior to dissipating west of LA-99.","A strong upper low moved across the region and interacted with a frontal boundary that was moving south across the area. Flooding, high wind gusts, hail, and tornadoes occurred in Louisiana as a result of this system.",339
1173922,ST. LANDRY PAR.,BEGGS,04/10/2024,617,Tornado, ,EF1,0,0,15000,0,LA,CST-6, ,190812,C,97,LCH,0,0,NWS Storm Survey, ,1.24,200,2,SW,1,SW,BEGGS,04/10/2024,619,30.6552,-92.0735,30.6637,-92.0552,"The tornado touched down just northeast of Bayou Courtableau, causing tree damage and minor roof damage to residential homes on Vista Drive. One carport was destroyed. The tornado continued northeast across Camp Thistlethwaite and I-49 causing additional tree damage. The tornado reached LA-182 where utility poles were leaned over before it dissipated in an open field east of LA-182 and north of Plant Rd. Maximum estimated winds were 95 mph.","A strong upper low moved across the region and interacted with a frontal boundary that was moving south across the area. Flooding, high wind gusts, hail, and tornadoes occurred in Louisiana as a result of this system.",340
1173927,ACADIA PAR.,PEACH BLOOM,04/10/2024,627,Tornado, ,EF1,0,0,5000,0,LA,CST-6, ,190812,C,1,LCH,0,0,NWS Storm Survey, ,0.07,100,1,N,1,NNE,PEACH BLOOM,04/10/2024,628,30.3933,-92.1771,30.3938,-92.176,"A brief tornado touched down at the leading edge of the squall line before it reached Parish Road 397.  Tornado caused tree damage and destroyed a grain bin. Maximum estimated winds were 100 mph.","A strong upper low moved across the region and interacted with a frontal boundary that was moving south across the area. Flooding, high wind gusts, hail, and tornadoes occurred in Louisiana as a result of this system.",341
1173933,ST. LANDRY PAR.,PORT BARRE,04/10/2024,638,Tornado, ,EF1,0,0,2000,0,LA,CST-6, ,190812,C,97,LCH,0,0,NWS Storm Survey, ,0.05,150,4,N,4,N,PORT BARRE,04/10/2024,639,30.6033,-91.9579,30.6036,-91.9571,"A brief tornado touched down along the leading edge of the squall line as it reached LA-103, twisting off large tree limbs and snapping tree trunks. Maximum estimated winds were 90 mph.","A strong upper low moved across the region and interacted with a frontal boundary that was moving south across the area. Flooding, high wind gusts, hail, and tornadoes occurred in Louisiana as a result of this system.",342
1172665,POINTE COUPEE PAR.,MORGANZA,04/10/2024,658,Tornado, ,EF1,0,0,20000,0,LA,CST-6, ,190698,C,77,LIX,0,0,NWS Storm Survey, ,6.75,250,3,SSW,1,NNW,LA BARRE,04/10/2024,705,30.69,-91.61,30.7391,-91.5117,"An EF-1 (105 mph) tornado tracked across portions of Pointe Coupee and West Feliciana Parishes carving out an approximate 24-mile-long path. A combination of on ground and high resolution satellite data was used for this survey. Based on NDVI differencing on satellite analysis, this tornado formed south of Morganza, LA within a powerful line of thunderstorms. The rate in which the tornado grew in size to 250 yards wide. It quickly moved northeast over mainly rural lands before causing more substantial tree and powerline damage as it crossed Morganza Highway when it became wider. The tree damage became increasingly more widespread and intense as the tornado crossed Levee Road and the Mississippi River from Pointe Coupee Parish and entered into West Feliciana Parish.","A strong upper level disturbance, surface low, and cold front produced a line of severe thunderstorms that pushed across Southeast Louisiana and Southern Mississippi in the morning and early afternoon hours of Wednesday, April 10, 2024. The line of severe thunderstorms produced strong straight line winds,  extensive flash flooding in the New Orleans metro area and several tornadoes. The strongest tornado was an EF-2 tornado that impacted the city of Slidell in St. Tammany Parish, LA on the morning of the 10th. 7 tornadoes have been confirmed from this event. 4 of those 7 touched down and tracked across just the city of Slidell. At one point, as many as 3 of those 7 were on the ground at the same time. These tornadoes have been determined to range in strength from EFU to EF2 after NWS storm surveys and high resolution satellite analysis were conducted.",343
1172683,WEST FELICIANA PAR.,ST FRANCISVILLE,04/10/2024,705,Tornado, ,EF1,0,0,50000,0,LA,CST-6, ,190698,C,125,LIX,0,0,NWS Storm Survey, ,17.03,250,8,WSW,2,WSW,SPILLMAN,04/10/2024,718,30.7391,-91.5117,30.9101,-91.3051,"A strong and long-lived tornado entered West Feliciana Parish from Pointe Coupee Parish near the Cat Island Refuge.  A combination of in person and NDVI differencing on satellite data was used to survey this tornado. The tree and powerline damage became increasingly more widespread and intense as the tornado crossed Levee Road and the Mississippi River. High resolution satellite imagery identified a focused swath of tree damage (snaps and uproots) roughly 200 yards in width that continued northeast through the Cat Island National Wildlife Refuge up through US Highway 61.  Tree damage was observed on Highway 61 with another large swath of tree damage further northeast on Bains Road. Due to the heavily wooded and rural areas, ground surveys were impeded in identifying parts of this track as it continued northeast. Only patches of tree damage was observed in high resolution and identified in a follow up storm survey across Pepper Drive. At this time, a complex handoff to a new stronger tornado (Bains-Spillman) was underway to this tornado's east. The only apparent indication that this tornado damage path continued was difference in damage orientation on the western flank of the broader damage path as it crossed Spillman Road and a separate NDVI damage path was noted west of the new tornado damage path to the east. The exact end point of this tornado was particularly difficult to determine as it interacted and potentially merged with the tornado to its east. The peak winds during its track were approximately 110 mph, EF-1.","A strong upper level disturbance, surface low, and cold front produced a line of severe thunderstorms that pushed across Southeast Louisiana and Southern Mississippi in the morning and early afternoon hours of Wednesday, April 10, 2024. The line of severe thunderstorms produced strong straight line winds,  extensive flash flooding in the New Orleans metro area and several tornadoes. The strongest tornado was an EF-2 tornado that impacted the city of Slidell in St. Tammany Parish, LA on the morning of the 10th. 7 tornadoes have been confirmed from this event. 4 of those 7 touched down and tracked across just the city of Slidell. At one point, as many as 3 of those 7 were on the ground at the same time. These tornadoes have been determined to range in strength from EFU to EF2 after NWS storm surveys and high resolution satellite analysis were conducted.",344
1172705,WEST FELICIANA PAR.,BEECHWOOD,04/10/2024,713,Tornado, ,EF1,0,0,20000,0,LA,CST-6, ,190698,C,125,LIX,0,0,NWS Storm Survey, ,13.39,700,1,SSW,4,ENE,CORNOR,04/10/2024,726,30.8401,-91.3737,30.9995,-91.2451,"High resolution satellite analysis in conjunction with radar imagery and ground survey were all used with this event.  A tornado that began in Pointe Coupee Parish near Morganza was beginning occlude as it moved through Bains.  At the same time, a new tornado developed less than a mile to its east.  As confirmed via 2 tornado debris signatures on radar, it was at this point that 2 tornadoes were on the ground at the same time. The full occlusion occurred about 5 minutes later when the new circulation absorbed the older one. Tree and minor home damage was noted along  Bains Road and Virginia Lane.  Aerial drone footage in conjunction with high resolution satellite imagery and a follow up ground survey uncovered a swath of tree damage with numerous snaps and uproots west of Stirling Rd.  As the tornado raced north-northeast, it quickly grew in size and strength and the most significant damage began after the tornado crossed Polk Brannon Road.  Aerial drone footage denoted a large section of significant tree damage resulting in 70-80% of tree fall in a strongly convergent pattern. This is where the tornado was estimated to be at its strongest at EF-1 110 mph and widest at around 700 yards wide. Ground survey was able to access along Spillman and Jones Vaughn Creek Road where numerous trees were snapped, large hardwood trees were uprooted, and several wooden electrical transmission poles were snapped. The damage path was measured to be around a half mile in this vicinity with widespread tornadic damage evident in combination with the Labarre-Bains tornado that was estimated to have crossed just to the west. Ground surveys were impeded in Spillman due to widespread tree damage from this tornado, but the prolific damage path remained between 150 and 350 yards wide as it tracked northeast along Highway 421. The complex interaction between this tornado and the Labarre-Bains tornado at the latter stage of its life likely contributed to the fluctuation in the damage path width.","A strong upper level disturbance, surface low, and cold front produced a line of severe thunderstorms that pushed across Southeast Louisiana and Southern Mississippi in the morning and early afternoon hours of Wednesday, April 10, 2024. The line of severe thunderstorms produced strong straight line winds,  extensive flash flooding in the New Orleans metro area and several tornadoes. The strongest tornado was an EF-2 tornado that impacted the city of Slidell in St. Tammany Parish, LA on the morning of the 10th. 7 tornadoes have been confirmed from this event. 4 of those 7 touched down and tracked across just the city of Slidell. At one point, as many as 3 of those 7 were on the ground at the same time. These tornadoes have been determined to range in strength from EFU to EF2 after NWS storm surveys and high resolution satellite analysis were conducted.",345
1172721,WILKINSON CO.,TURNBULL,04/10/2024,726,Tornado, ,EF1,0,0,0,0,MS,CST-6, ,190699,C,157,LIX,0,0,NWS Storm Survey, ,1.25,50,4,ESE,3,SSW,NEWTONIA,04/10/2024,727,30.9995,-91.2451,31.0152,-91.2345,"The remaining portion of a long track tornado entered Wilkinson County from West Feliciana approximately 2.5 miles east of Highway 967 or Jackson Louisiana Road. Ground surveys were impeded due to lack of road access. High resolution satellite analysis was used for this survey. Downed trees indicated that the tornado continued for about 1 mile into Mississippi before it lifted. This was the conclusion of a 32.4 mile long track.","A strong upper level disturbance, surface low, and cold front produced a line of severe thunderstorms that pushed across Southeast Louisiana and Southern Mississippi in the morning and early afternoon hours of Wednesday, April 10, 2024. The line of severe thunderstorms produced strong straight line winds, extensive flash flooding in the New Orleans metro area and several tornadoes. 12 tornadoes have been confirmed in Mississippi from this event. 3 of them developed in Louisiana and tracked into Mississippi.   5 of those 12 tornadoes touched down and tracked across Stennis Space Center. At one point, as many as 3 of those 5 were on the ground at the same time. These tornadoes have been determined to range in strength from EFU to EF1 after NWS storm surveys and high resolution satellite analysis were conducted.",346
1172735,ST. TAMMANY PAR.,NORTH SLIDELL,04/10/2024,849,Tornado, ,EF1,0,0,0,0,LA,CST-6, ,190698,C,103,LIX,0,0,NWS Storm Survey, ,3.32,200,0,NW,0,SW,ST JOE,04/10/2024,855,30.3035,-89.7831,30.3447,-89.7546,"A combination of high resolution satellite imagery, ground survey, and radar imagery has aided in the confirmation of a tornado that tracked across Alton and northwest parts of Slidell on the morning of April 10, 2024. This tornado touched down just south of Interstate 12 near Ben Thomas Road and tracked northeast. The tornado crossed Interstate 12 just west of US Highway 11 where the tornado was observed via video confirmation and ground survey of snapped trees. Sporadic tree damage continued northeast with more widespread tree damage being identified around Alton Elementary School. The tornado then crossed US Highway 11 where more tree damage was identified along Highway 1091. Damage became more sporadic and the end point of this tornado is harder to discern due to the beginning of a stronger and larger tornado that crossed nearby this area thereafter. The tornado was rated as an EF-1 with peak winds of 90 mph, a maximum width of 200 yards, and path length of almost 5 miles.","A strong upper level disturbance, surface low, and cold front produced a line of severe thunderstorms that pushed across Southeast Louisiana and Southern Mississippi in the morning and early afternoon hours of Wednesday, April 10, 2024. The line of severe thunderstorms produced strong straight line winds,  extensive flash flooding in the New Orleans metro area and several tornadoes. The strongest tornado was an EF-2 tornado that impacted the city of Slidell in St. Tammany Parish, LA on the morning of the 10th. 7 tornadoes have been confirmed from this event. 4 of those 7 touched down and tracked across just the city of Slidell. At one point, as many as 3 of those 7 were on the ground at the same time. These tornadoes have been determined to range in strength from EFU to EF2 after NWS storm surveys and high resolution satellite analysis were conducted.",347
1178254,ST. TAMMANY PAR.,NORTH SHORE,04/10/2024,901,Tornado, ,EF2,0,0,1000000,0,LA,CST-6, ,190698,C,103,LIX,0,0,NWS Storm Survey, ,10.98,350,2,N,7,SSE,HAASWOOD,04/10/2024,912,30.251,-89.8143,30.317,-89.6469,"A 9.3 mile long, 120 MPH, EF2 tornado touched down 1 mile north of Eden Isle and tracked east-northeast causing mainly tree damage through the first half mile or so. It then approached Pontchartrain Drive and caused damage to a few businesses. This damage included a business with all windows blown out, minor roof damage to metal buildings, and snapped power poles. It then continued on through a neighborhood causing mainly tree damage and minor roof damage to homes. It crossed onto Old Spanish Trail where the worst of the damage occurred. A metal business building had failure of roof purlins and metal beams bent. Across the street from this metal business building, two apartment buildings suffered moderate roof damage. The tornado then continued on causing mostly tree damage and minor roof damage to apartments in the Fremaux area. It crossed I-10 and continued to cause additional tree damage before it moved through a few neighborhoods just north and south of US-190, causing damage to a few homes roofs. The damage to these roofs was caused by the failure connection between the walls and the roof. Finally it tracked through the Pearl River Wildlife Management Area before snapping a billboard off of Interstate 10 near the Louisiana-Mississippi border. We received reports of multiple injuries but the total number is unknown.","A strong upper level disturbance, surface low, and cold front produced a line of severe thunderstorms that pushed across Southeast Louisiana and Southern Mississippi in the morning and early afternoon hours of Wednesday, April 10, 2024. The line of severe thunderstorms produced strong straight line winds,  extensive flash flooding in the New Orleans metro area and several tornadoes. The strongest tornado was an EF-2 tornado that impacted the city of Slidell in St. Tammany Parish, LA on the morning of the 10th. 7 tornadoes have been confirmed from this event. 4 of those 7 touched down and tracked across just the city of Slidell. At one point, as many as 3 of those 7 were on the ground at the same time. These tornadoes have been determined to range in strength from EFU to EF2 after NWS storm surveys and high resolution satellite analysis were conducted.",348
1178275,ST. TAMMANY PAR.,NORTH SLIDELL,04/10/2024,903,Tornado, ,EF1,0,0,0,0,LA,CST-6, ,190698,C,103,LIX,0,0,NWS Storm Survey, ,8.7,175,1,NE,6,SE,HAASWOOD,04/10/2024,914,30.3083,-89.7725,30.3353,-89.6301,"High resolution satellite analysis, ground survey, and radar imagery aided in confirming the existence of another tornado that tracked just south of the Interstate 12/10 interchange before crossing the Interstate near Military Road and impacting the neighborhoods along Crawford Landing Road. A localized area of tree damage that aligned along eastbound Exit 83 where branches and trunks were broken or bent east distinctly separates this damage from the damage path to the north and east. This tornado damage is being used as the starting point for the tornado as it aligns with the remainder of the damage path further east. As the tornado tracked east, widespread tree damage was reported across Country Club Blvd with numerous uproots, a few snaps, and many hardwood branches broken. Damage was relatively more sporadic as the tornado crossed near the Interstate interchange until damage became more apparent along Lake Village Blvd and into Crawford Landing Road. Thereafter, the tornado damage path across the Pearl River Wildlife Management Area, exiting St. Tammany Parish and entering Hancock County along its 10 mile path. It had a peak intensity of EF-1 or 90 mph.","A strong upper level disturbance, surface low, and cold front produced a line of severe thunderstorms that pushed across Southeast Louisiana and Southern Mississippi in the morning and early afternoon hours of Wednesday, April 10, 2024. The line of severe thunderstorms produced strong straight line winds,  extensive flash flooding in the New Orleans metro area and several tornadoes. The strongest tornado was an EF-2 tornado that impacted the city of Slidell in St. Tammany Parish, LA on the morning of the 10th. 7 tornadoes have been confirmed from this event. 4 of those 7 touched down and tracked across just the city of Slidell. At one point, as many as 3 of those 7 were on the ground at the same time. These tornadoes have been determined to range in strength from EFU to EF2 after NWS storm surveys and high resolution satellite analysis were conducted.",349
1172749,ST. TAMMANY PAR.,ST JOE,04/10/2024,906,Tornado, ,EF1,0,0,0,0,LA,CST-6, ,190698,C,103,LIX,0,0,NWS Storm Survey, ,6.92,300,0,NNW,5,SE,HAASWOOD,04/10/2024,914,30.3559,-89.7519,30.3468,-89.6364,"The beginning of a long-lived tornado developed in Pearl River, LA near the intersection of US Highway 11 and LA Highway 41 where numerous tree branches were snapped and tossed east. A combination of high resolution satellite and radar imagery analysis indicated that this tornado quickly grew in size and intensity after it crossed Interstate 59. Widespread tree damage could be seen on true color satellite imagery growing to a damage path as wide as 500 yards over the Pearl River Basin. Extensive wind damage could be seen extending outward half a mile south of the tornado path as the tornado approached the Louisiana-Mississippi border. The tornado crossed the Pearl River due west of the entrance of Stennis Space center, entering into Hancock County. The tornado was rated as an EF-1 with peak winds of 100 mph, a maximum width of 300 yards, and path length of almost 7 miles before exiting St Tammany Parish.","A strong upper level disturbance, surface low, and cold front produced a line of severe thunderstorms that pushed across Southeast Louisiana and Southern Mississippi in the morning and early afternoon hours of Wednesday, April 10, 2024. The line of severe thunderstorms produced strong straight line winds,  extensive flash flooding in the New Orleans metro area and several tornadoes. The strongest tornado was an EF-2 tornado that impacted the city of Slidell in St. Tammany Parish, LA on the morning of the 10th. 7 tornadoes have been confirmed from this event. 4 of those 7 touched down and tracked across just the city of Slidell. At one point, as many as 3 of those 7 were on the ground at the same time. These tornadoes have been determined to range in strength from EFU to EF2 after NWS storm surveys and high resolution satellite analysis were conducted.",350
1178276,HANCOCK CO.,GAINESVILLE,04/10/2024,914,Tornado, ,EF0,0,0,0,0,MS,CST-6, ,190699,C,45,LIX,0,0,NWS Storm Survey, ,1.1,250,1,S,1,E,GAINESVILLE,04/10/2024,915,30.3354,-89.6301,30.3491,-89.6207,"A tornado crossed the Pearl River Wildlife Management Area from St. Tammany Parish into Hancock County west of Stennis. It became increasingly more apparent as the tornado appeared to intensify on high resolution satellite imagery at this time. The tornado damage path was its widest and most intense just west of Perch Lake where the peak width was measured to be near 250 yards. This coincided with the tornado to the south occluding and dissipating which appeared to have given it a boost. After this point, the tornado damage path began to narrow and weaken as the tornado occluded into the tornado to its north. Mostly EF0 damage points were associated with this damage path as the tornado dissipated entering the property of Stennis Space Center.","A strong upper level disturbance, surface low, and cold front produced a line of severe thunderstorms that pushed across Southeast Louisiana and Southern Mississippi in the morning and early afternoon hours of Wednesday, April 10, 2024. The line of severe thunderstorms produced strong straight line winds, extensive flash flooding in the New Orleans metro area and several tornadoes. 12 tornadoes have been confirmed in Mississippi from this event. 3 of them developed in Louisiana and tracked into Mississippi.   5 of those 12 tornadoes touched down and tracked across Stennis Space Center. At one point, as many as 3 of those 5 were on the ground at the same time. These tornadoes have been determined to range in strength from EFU to EF1 after NWS storm surveys and high resolution satellite analysis were conducted.",351
1172752,HANCOCK CO.,GAINESVILLE,04/10/2024,914,Tornado, ,EF1,0,0,0,0,MS,CST-6, ,190699,C,45,LIX,0,0,NWS Storm Survey, ,0.93,300,0,SW,1,E,GAINESVILLE,04/10/2024,915,30.3461,-89.6364,30.3501,-89.6215,"A tornado exited St Tammany Parish and entered into Hancock County by crossing the Pearl River due west of the Stennis Space Center main gate entrance. A combination of high resolution satellite and radar imagery analysis was used for this survey. Widespread tree damage could be seen on true color satellite imagery growing to a damage path as wide as 300 yards over the Pearl River Basin.  Damage to a metal outbuilding was observed after the tornado crossed into Stennis Space Center.  This began a very complex interaction of tornado dissipation and genesis around southern Stennis where the damage path of this tornado abruptly ends. The total path length of this tornado, including developing in St Tammany Parish, was 8 miles. Peak intensity was EF-1 or 100 mph.","A strong upper level disturbance, surface low, and cold front produced a line of severe thunderstorms that pushed across Southeast Louisiana and Southern Mississippi in the morning and early afternoon hours of Wednesday, April 10, 2024. The line of severe thunderstorms produced strong straight line winds, extensive flash flooding in the New Orleans metro area and several tornadoes. 12 tornadoes have been confirmed in Mississippi from this event. 3 of them developed in Louisiana and tracked into Mississippi.   5 of those 12 tornadoes touched down and tracked across Stennis Space Center. At one point, as many as 3 of those 5 were on the ground at the same time. These tornadoes have been determined to range in strength from EFU to EF1 after NWS storm surveys and high resolution satellite analysis were conducted.",352
1178290,HANCOCK CO.,GAINESVILLE,04/10/2024,915,Tornado, ,EF1,0,0,0,0,MS,CST-6, ,190699,C,45,LIX,0,0,NWS Storm Survey, ,10.25,150,1,ENE,3,WSW,KILN,04/10/2024,927,30.355,-89.6191,30.407,-89.4712,"One of two new tornadoes developed and wrapped into a mesovortex along the southern periphery of Stennis Space Center. This was the southern of the 2 tornadoes that was on the ground at the same time over Stennis. Widespread tree damage occurred near the south gate as well as a light pole that was removed from its concrete pedestal. While ground surveying was limited in and around Stennis Space Center, high resolution satellite imagery identified a swath of sporadic damage continued northeastward through Texas Flat Road though some of this was hard to discern between tornadic and straight-line wind. Numerous snapped softwood trees and a leaning transmission pole were observed. The damage path gradually became less obvious as the tornado moved northeast and the end points are associated with a defined linear swath of damage observed in the NDVI differencing on high resolution satellite just north of the Jourdan River. The wind damage that occurred beyond this point was reasoned to be non-tornadic.","A strong upper level disturbance, surface low, and cold front produced a line of severe thunderstorms that pushed across Southeast Louisiana and Southern Mississippi in the morning and early afternoon hours of Wednesday, April 10, 2024. The line of severe thunderstorms produced strong straight line winds, extensive flash flooding in the New Orleans metro area and several tornadoes. 12 tornadoes have been confirmed in Mississippi from this event. 3 of them developed in Louisiana and tracked into Mississippi.   5 of those 12 tornadoes touched down and tracked across Stennis Space Center. At one point, as many as 3 of those 5 were on the ground at the same time. These tornadoes have been determined to range in strength from EFU to EF1 after NWS storm surveys and high resolution satellite analysis were conducted.",353
1178285,HANCOCK CO.,GAINESVILLE,04/10/2024,915,Tornado, ,EF1,0,0,0,0,MS,CST-6, ,190699,C,45,LIX,0,0,NWS Storm Survey, ,2.94,100,1,NE,3,ENE,GAINESVILLE,04/10/2024,918,30.3601,-89.6198,30.3606,-89.5772,"Two tornadoes were on the ground at the same time over Stennis, this being the northern one. An EF-1 tornado damage path was identified using high resolution satellite imagery. This path was distinctly separated from the tornado damage path to its south and began near H Rd and Old Highway 43. The tornado tracked southeast, just south of the NDBC, before turning east along the canal. The ground survey team found a swath of trees snapped and uprooted along the northern side of the canal, but further ground survey was limited further into Stennis Space Center. The end point for this tornado was estimated based off NDVI differencing which showed a swath of tree damage southeast of a water reservoir.","A strong upper level disturbance, surface low, and cold front produced a line of severe thunderstorms that pushed across Southeast Louisiana and Southern Mississippi in the morning and early afternoon hours of Wednesday, April 10, 2024. The line of severe thunderstorms produced strong straight line winds, extensive flash flooding in the New Orleans metro area and several tornadoes. 12 tornadoes have been confirmed in Mississippi from this event. 3 of them developed in Louisiana and tracked into Mississippi.   5 of those 12 tornadoes touched down and tracked across Stennis Space Center. At one point, as many as 3 of those 5 were on the ground at the same time. These tornadoes have been determined to range in strength from EFU to EF1 after NWS storm surveys and high resolution satellite analysis were conducted.",354
1172755,HANCOCK CO.,GAINESVILLE,04/10/2024,917,Tornado, ,EF0,0,0,0,0,MS,CST-6, ,190699,C,45,LIX,0,0,NWS Storm Survey, ,5.23,200,3,NNE,4,WNW,BAY ST LOUIS ARPT,04/10/2024,924,30.3911,-89.6003,30.4033,-89.5137,"This tornado started fairly large from the start with a swath extending from Leonard Kimble Road and further north along Mainline Road. High resolution satellite imagery indicated the damage path continued eastward where it crossed Texas Flat Road. Branches were broken and a few snapped trees were observed in a generally confluent pattern. The end point for this tornado is estimated based off high resolution satellite NDVI differencing as it interactive with the parent mesovortex and appeared to dissipate. The tornado was rated as an EF-0 with peak winds of 85 mph, a maximum width of 300 yards, and path length of 5 miles.","A strong upper level disturbance, surface low, and cold front produced a line of severe thunderstorms that pushed across Southeast Louisiana and Southern Mississippi in the morning and early afternoon hours of Wednesday, April 10, 2024. The line of severe thunderstorms produced strong straight line winds, extensive flash flooding in the New Orleans metro area and several tornadoes. 12 tornadoes have been confirmed in Mississippi from this event. 3 of them developed in Louisiana and tracked into Mississippi.   5 of those 12 tornadoes touched down and tracked across Stennis Space Center. At one point, as many as 3 of those 5 were on the ground at the same time. These tornadoes have been determined to range in strength from EFU to EF1 after NWS storm surveys and high resolution satellite analysis were conducted.",355
1178283,HANCOCK CO.,BAY ST LOUIS ARPT,04/10/2024,923,Tornado, ,EFU,0,0,0,0,MS,CST-6, ,190699,C,45,LIX,0,0,NWS Storm Survey, ,2.67,100,6,WNW,3,NW,BAY ST LOUIS ARPT,04/10/2024,927,30.4128,-89.5306,30.4036,-89.4871,"A short-tracked tornado was identified using high resolution satellite imagery NDVI differencing. This tornado tracked over inaccessible rural lands north of Texas Flat Road along Catahoula Creek and Jourdan River before eventually dissipating as it interacted with the parent mesovortex to its east. No damage could be identified and thus the rating for this tornado is unknown.","A strong upper level disturbance, surface low, and cold front produced a line of severe thunderstorms that pushed across Southeast Louisiana and Southern Mississippi in the morning and early afternoon hours of Wednesday, April 10, 2024. The line of severe thunderstorms produced strong straight line winds, extensive flash flooding in the New Orleans metro area and several tornadoes. 12 tornadoes have been confirmed in Mississippi from this event. 3 of them developed in Louisiana and tracked into Mississippi.   5 of those 12 tornadoes touched down and tracked across Stennis Space Center. At one point, as many as 3 of those 5 were on the ground at the same time. These tornadoes have been determined to range in strength from EFU to EF1 after NWS storm surveys and high resolution satellite analysis were conducted.",356
1172764,HANCOCK CO.,BAY ST LOUIS ARPT,04/10/2024,923,Tornado, ,EFU,0,0,0,0,MS,CST-6, ,190699,C,45,LIX,0,0,NWS Storm Survey, ,2.75,150,6,WNW,3,NW,BAY ST LOUIS ARPT,04/10/2024,927,30.4128,-89.5306,30.4042,-89.4855,"A short-tracked tornado was identified using high resolution satellite imagery NDVI differencing. This tornado tracked over inaccessible rural lands north of Texas Flat Road along Catahoula Creek and Jourdan River before eventually dissipating as it interacted with the parent mesovortex to its east. The degree of damage could not be completed with enough confidence to determine an EF rating. Thus the rating for this tornado is unknown.","A strong upper level disturbance, surface low, and cold front produced a line of severe thunderstorms that pushed across Southeast Louisiana and Southern Mississippi in the morning and early afternoon hours of Wednesday, April 10, 2024. The line of severe thunderstorms produced strong straight line winds, extensive flash flooding in the New Orleans metro area and several tornadoes. 12 tornadoes have been confirmed in Mississippi from this event. 3 of them developed in Louisiana and tracked into Mississippi.   5 of those 12 tornadoes touched down and tracked across Stennis Space Center. At one point, as many as 3 of those 5 were on the ground at the same time. These tornadoes have been determined to range in strength from EFU to EF1 after NWS storm surveys and high resolution satellite analysis were conducted.",357
1172789,HANCOCK CO.,KILN,04/10/2024,928,Tornado, ,EF1,0,0,100000,0,MS,CST-6, ,190699,C,45,LIX,0,0,NWS Storm Survey, ,2.92,150,2,NW,2,WNW,FENTON,04/10/2024,933,30.4416,-89.4502,30.4269,-89.4043,"An embedded tornado following along the backside of the mesovortex was identified using high resolution satellite imagery NDVI differencing where more localized damage to trees and structures were identified via ground survey. The roofs of a large barn and single family home were moderately damaged. This tornado tracked primarily along MS Highway 43 with the most widespread damage being located along the curve in Cuevas Road where a swath of trees appeared to be damaged on satellite imagery in addition to observed damage with ground survey. This is where the tornado appeared to be at its strongest. Thereafter, the damage path in NDVI differencing gradually weakens and the tornado is estimated to have dissipated as it crossed the Silver Creek Acres neighborhood where tree damage was found near Violet Street and Gardenia Street in Kiln. The tornado was rated as an EF-1 with peak winds of 100 mph, a maximum width of 150 yards, and path length of 3 miles.","A strong upper level disturbance, surface low, and cold front produced a line of severe thunderstorms that pushed across Southeast Louisiana and Southern Mississippi in the morning and early afternoon hours of Wednesday, April 10, 2024. The line of severe thunderstorms produced strong straight line winds, extensive flash flooding in the New Orleans metro area and several tornadoes. 12 tornadoes have been confirmed in Mississippi from this event. 3 of them developed in Louisiana and tracked into Mississippi.   5 of those 12 tornadoes touched down and tracked across Stennis Space Center. At one point, as many as 3 of those 5 were on the ground at the same time. These tornadoes have been determined to range in strength from EFU to EF1 after NWS storm surveys and high resolution satellite analysis were conducted.",358
1172794,HANCOCK CO.,KILN,04/10/2024,931,Tornado, ,EF0,0,0,0,0,MS,CST-6, ,190699,C,45,LIX,0,0,NWS Storm Survey, ,2.78,75,2,NNW,2,NW,FENTON,04/10/2024,934,30.4511,-89.4439,30.4365,-89.4005,"High resolution satellite imagery aided in identifying yet another embedded tornado that trailed the parent mesovortex that tracked through the area. More localized tree damage in addition to an evident damage path on NDVI differencing helped to confirm the existence of this tornado which tracked from Firetower Road east-southeastward to Old Joe Moran Road. The end point is estimated per satellite imagery which occurred over inaccessible rural lands.","A strong upper level disturbance, surface low, and cold front produced a line of severe thunderstorms that pushed across Southeast Louisiana and Southern Mississippi in the morning and early afternoon hours of Wednesday, April 10, 2024. The line of severe thunderstorms produced strong straight line winds, extensive flash flooding in the New Orleans metro area and several tornadoes. 12 tornadoes have been confirmed in Mississippi from this event. 3 of them developed in Louisiana and tracked into Mississippi.   5 of those 12 tornadoes touched down and tracked across Stennis Space Center. At one point, as many as 3 of those 5 were on the ground at the same time. These tornadoes have been determined to range in strength from EFU to EF1 after NWS storm surveys and high resolution satellite analysis were conducted.",359
1178278,HARRISON CO.,LIGANA,04/10/2024,940,Tornado, ,EF0,0,0,0,0,MS,CST-6, ,190699,C,47,LIX,0,0,NWS Storm Survey, ,4.92,100,5,WSW,3,S,LIGANA,04/10/2024,946,30.5009,-89.3236,30.4816,-89.244,"As the mesovortex tracked east into Harrison County, another tornado developed on the trailing flank of it and tracked east-southeast over primarily inaccessible rural land near the Wolf River. High resolution satellite imagery NDVI differencing identified a scalloped path that starts near F Malley Road in Dedeaux, MS and continues east-southeast where a ground survey identified numerous large tree branches snapped as well as a mobile home that had slid off its blocks. The tornado crossed River Road with minimal damage evident although the track remained visible on NDVI differencing as it crossed the Wolf River. The most notable tree damage from this tornado appears to be located along the river bank, but is not accessible to provide a rating for. The apparent track of the tornado continues east across Wolf River Road and appears to conclude just short of Alcede Lizana Road.","A strong upper level disturbance, surface low, and cold front produced a line of severe thunderstorms that pushed across Southeast Louisiana and Southern Mississippi in the morning and early afternoon hours of Wednesday, April 10, 2024. The line of severe thunderstorms produced strong straight line winds, extensive flash flooding in the New Orleans metro area and several tornadoes. 12 tornadoes have been confirmed in Mississippi from this event. 3 of them developed in Louisiana and tracked into Mississippi.   5 of those 12 tornadoes touched down and tracked across Stennis Space Center. At one point, as many as 3 of those 5 were on the ground at the same time. These tornadoes have been determined to range in strength from EFU to EF1 after NWS storm surveys and high resolution satellite analysis were conducted.",360
1178277,HARRISON CO.,LIGANA,04/10/2024,944,Tornado, ,EF1,0,0,0,0,MS,CST-6, ,190699,C,47,LIX,0,0,NWS Storm Survey, ,1.48,75,1,WSW,1,S,LIGANA,04/10/2024,946,30.5246,-89.2719,30.5111,-89.2526,"This brief tornado quickly raced southeast causing tree damage across rural areas of Hancock County including across Northrup Cuevas Road, just north of a longer-lived tornado that tracked near Wolf River. NDVI differencing helped to identify this tornado damage path which aligned with the ground survey of a rolled manufactured home on Moran Road. The tornado then lifted shortly thereafter.","A strong upper level disturbance, surface low, and cold front produced a line of severe thunderstorms that pushed across Southeast Louisiana and Southern Mississippi in the morning and early afternoon hours of Wednesday, April 10, 2024. The line of severe thunderstorms produced strong straight line winds, extensive flash flooding in the New Orleans metro area and several tornadoes. 12 tornadoes have been confirmed in Mississippi from this event. 3 of them developed in Louisiana and tracked into Mississippi.   5 of those 12 tornadoes touched down and tracked across Stennis Space Center. At one point, as many as 3 of those 5 were on the ground at the same time. These tornadoes have been determined to range in strength from EFU to EF1 after NWS storm surveys and high resolution satellite analysis were conducted.",361
1178279,JACKSON CO.,VESTRY,04/10/2024,1014,Tornado, ,EFU,0,0,0,0,MS,CST-6, ,190699,C,59,LIX,0,0,NWS Storm Survey, ,2.22,25,10,SSW,8,NW,VANCLEAVE,04/10/2024,1016,30.5936,-88.8283,30.5982,-88.7913,"An apparent damage path visible on high resolution satellite imagery via NDVI differencing in conjunction with KMOB radar imagery helped to confirm the existence of a weak tornado that tracked through rural parts of the Jackson County on April 10, 2024. No damage indicators could be identified with this analysis and the tornado thus could not be rated.","A strong upper level disturbance, surface low, and cold front produced a line of severe thunderstorms that pushed across Southeast Louisiana and Southern Mississippi in the morning and early afternoon hours of Wednesday, April 10, 2024. The line of severe thunderstorms produced strong straight line winds, extensive flash flooding in the New Orleans metro area and several tornadoes. 12 tornadoes have been confirmed in Mississippi from this event. 3 of them developed in Louisiana and tracked into Mississippi.   5 of those 12 tornadoes touched down and tracked across Stennis Space Center. At one point, as many as 3 of those 5 were on the ground at the same time. These tornadoes have been determined to range in strength from EFU to EF1 after NWS storm surveys and high resolution satellite analysis were conducted.",362
1176896,MOBILE CO.,GEORGETOWN,04/10/2024,1120,Tornado, ,EF1,0,0,0,0,AL,CST-6, ,190708,C,97,MOB,0,0,NWS Storm Survey, ,0.19,25,3,N,3,N,GEORGETOWN,04/10/2024,1121,30.9186,-88.2743,30.92,-88.277,"Brief EF-1 tornado begun on Brighton Ct removing a home's roof. It|appears the roof was removed due to a garage door failure leading|to almost complete removal. An exterior wall in the garage was|bowed out; however, a lower wind speed was assigned due to the|failure mode being the garage door and absolute lack of any other|damage surrounding the house. The tornado then crossed northwest|across Brighton Dr and dissipated near Brandy Ct while snapping some|large hardwood branches and a fence blown inward resulting in a |convergent path.","A severe line of thunderstorms moved across the Gulf Coast during the day. This line of storms produced large and damaging winds along with a couple of tornadoes.",363
1177855,ESCAMBIA CO.,BELLEVIEW,04/10/2024,1233,Tornado, ,EF1,0,0,0,0,FL,CST-6, ,191294,C,33,MOB,0,0,NWS Storm Survey, ,2.26,150,1,NW,2,SSW,ENSLEY,04/10/2024,1236,30.48,-87.31,30.5,-87.28,"Tornado began along Pine Forest Rd and quickly tracked northeast towards Hillcrest Ave. Numerous very large generational live oaks were uprooted with a couple snapped trunks. One of the live oaks fell on a home causing significant damage to the home, but no injuries. The tornado continued northeast with a clear convergence track and several more uprooted hardwoods. Three mobile homes were crushed by uprooted trees along cycle drive before the tornado passed over Pine Forrest High School.The tornado may have been intermittent and discontinous during this path before damage was found near Kyle Dr. and Rolling hills rd where numerous hard and softwoods were uprooted and snapped including several significant hardwood snaps. This is where the highest damage occured before traveling and dissipating somehwere near I10.","A severe line of thunderstorms moved across the Gulf Coast during the day. This line of storms produced large and damaging winds along with a couple of tornadoes.",364
1177856,SANTA ROSA CO.,FLORIDATOWN,04/10/2024,1246,Tornado, ,EF1,0,0,0,0,FL,CST-6, ,191294,C,113,MOB,0,0,NWS Storm Survey, ,2.48,75,1,ESE,2,NNE,MULAT,04/10/2024,1250,30.57,-87.15,30.58,-87.11,"The tornado began just southwest of Sterling way near Escambia Bay. The tornado quickly intensified as it approached Peach Dr. where numerous homes suffered shingle damage. A very large oak tree was snapped with several other large hardwood branches snapped. Numerous homes lost fences and as a result the tornado was rated at its peak intensity here. The tornado continued northeast across peach Dr towards Red Cedar Rd. Numerous homes suffered shingle damage, large branches removed from trees and fencing damage. A small metal shed was lifted and deposited on Red Cedar Lane and another house had multiple 2x4s shot into the side of the house. A very small but noticeable convergent path was located here. The tornado then rapidly weakened as it approached bell lane where some smaller branches were snapped. Update 4/16/2024 After review of available Planet satellite imagery, it was determined the tornado began prior to the L N railroad crossing, moving onshore off Escambia Bay. Special thanks to NASA SPoRT for providing the imagery to support this extension in the tornado path. This portion of the track was solely in the forest and will be re-assessed later for assigning DI's if higher resolution satellite imagery becomes available.","A severe line of thunderstorms moved across the Gulf Coast during the day. This line of storms produced large and damaging winds along with a couple of tornadoes.",365
1170534,ST. JOHNS CO.,MELDRIM PARK,04/11/2024,1033,Tornado, ,EF1,0,1,0,0,FL,EST-5, ,190160,C,109,JAX,0,0,Broadcast Media, ,6.7,310,1,NE,3,N,BAKERSVILLE,04/11/2024,1045,29.8853,-81.5626,29.9481,-81.4782,"Just before noon a supercell thunderstorm, embedded within |a larger squall line, generated a tornado that touched down in the|Trailmark and Samara Lakes neighborhoods. Radar data and damage |indicate that the tornado made an initial touchdown in a heavily |wooded area along County Road 13 North. The tornado rapidly moved |northeastward, reaching County Road 208 where a tree had been |snapped and fell onto an adjacent mobile home. Within the |Trailmark neighborhood, damage considered for the EF-1 rating |included destroyed fences, vinyl siding torn from residences, |roofing tiles and soffits damaged or torn from structures, |several broken windows, and destroyed screened-in patio areas. The|tornado reached peak intensity in the Trailmark neighborhood with|maximum estimated speed of 100 mph. The 6.7 mile long track ended|northeast of the the Samara Lakes neighborhood where similar |damage occurred. NWS survey results revealed the tornado reached |its widest point of 310 yards in the Samara Lakes neighborhood. |There was one minor injury associated with this tornado event.","Several waves of strong to severe storms moved across the area. One wave brought locally heavy rainfall across the Suwannee River Valley, then as the low level jet approach through midday, shear increased as did diurnal instability which then produced strong to severe storms and an isolated tornado in the World Golf Village.",366
1170760,WILKES CO.,MORAVIAN FALLS,04/11/2024,1743,Tornado, ,EF1,0,0,250000,0,NC,EST-5, ,190466,C,193,RNK,0,0,NWS Storm Survey, ,6,150,1,NNE,1,SE,FAIRPLAINS,04/11/2024,1750,36.12,-81.17,36.205,-81.153,"A tornado touched down at a location around 2.2 miles south-southwest of Wilkesboro, NC and tracked north-northeast reaching Wilkesboro, before heading just slightly east of due north before ending over the western extent of the Sherwood Forest subdivision north of North Wilkesboro, NC.  Along its path, the tornado caused the following damage: numerous soft and hardwood trees were snapped or blown down. Power poles were broken. Two churches were damaged.  An outbuilding was destroyed. Winds damaged shingles on an apartment complex. A chimney of a home was damaged. The canopy of a gas station was bent. Finally, a small business had some of its shingles blown off. Damage values are estimated.","An area of low pressure tracked across the area during the evening hours. Numerous showers and thunderstorms were associated with this system. Some of these storms reached severe levels, producing damaging winds over mainly the northwest North Carolina Foothills region and one tornado in Wilkes County.",367
1175263,ROWAN CO.,MT ULLA,04/11/2024,1852,Tornado, ,EF1,0,0,75000,0,NC,EST-5, ,190969,C,159,GSP,0,0,NWS Employee, ,1.31,40,0,N,1,W,BEAR POPLAR,04/11/2024,1854,35.656,-80.731,35.669,-80.714,"NWS storm survey found the path of an EF1 tornado that  touched down just off of Highway 801, just west of Centenary Church Rd in Mount Ulla. The tornado initially impacted a house near Centenary Church Rd, uplifting the roof deck, resulting in significant loss of roof covering material, collapsing a chimney, and blowing in the garage doors. The structure was also displaced off of its foundation. Tree trunks were snapped and uprooted at this location as well. The tornado moved northeast across the intersection of Back Creek Rd and Highway 801, where several trees were snapped or uprooted. A minute later, the tornado hit Mount Ulla Elementary, where metal sheeting from the gym building was peeled off, while very old wooden poles were broken, most likely hit by metal roofing material. The tornado then crossed Highway 801 and Unberger Rd, where large tree branches were broken, plus sheet metal from the school lofted to the nearby property. The tornado lifted just past this location after traveling a little over a mile.","Scattered to numerous thunderstorms and small lines of storms developed across western North Carolina ahead of a cold front during the afternoon and evening. Multiple strong to severe storms developed, producing one tornado and several areas of damaging straight line winds.",368
1172569,PITTSYLVANIA CO.,SWANSONVILLE,04/11/2024,2027,Tornado, ,EF1,0,0,15000,0,VA,EST-5, ,190477,C,143,RNK,0,0,NWS Storm Survey, ,0.89,250,2,NNW,3,N,SWANSONVILLE,04/11/2024,2033,36.76,-79.59,36.77,-79.58,"Numerous large softwood and hardwood trees were snapped or uprooted, with large branches broken. Damaged trees were noted on both side of Strawberry Creek Lane, and several trees had fallen across the road. Many trees had also been snapped and uprooted in a densely wooded area adjacent to Strawberry Creek Lane. Damage values are estimated.","An area of low pressure tracked across the area during the evening hours. Numerous showers and thunderstorms were associated with this system. Some of these storms reached severe levels, producing damaging winds over mainly portions of the Piedmont region of southwest Virginia and one tornado in Pittsylvania County.",369
1172197,MASON CO.,SOMO,04/12/2024,1741,Tornado, ,EF1,0,0,50000,0,KY,EST-5, ,190633,C,161,ILN,0,0,Emergency Manager, ,0.75,75,0,WSW,1,SE,SOMO,04/12/2024,1743,38.5995,-83.7325,38.5942,-83.7203,"The first and primary visible damage of the tornado occurred at a property just off North Knoweshaw Road, near the intersection of the AA Highway. Here, notable damage occurred to an outbuilding, with a complete collapse of the wall structures. There were several trees that were broken and uprooted on this property as well, but the damage to the outbuilding was just enough to classify this tornado as an EF-1, with wind speeds estimated around 90 mph. ||Video footage was captured of this tornado crossing the AA Highway. The only other damage that occurred was at a property just on the south side of the AA Highway after the tornado crossed it. The primary damage here was hardwood trees that were broken.  One of the windows was broken at the dwelling on this property as well. After this property, no other damage was reported, but there was insulation and other debris that was thrown across the fields southeast of this property, with the last known debris found at a nearby landfill. No property damage was observed at the landfill.","Showers and a few thunderstorms developed along a cold front that moved through the Ohio Valley.",370
1174843,SMITH CO.,ATHOL,04/16/2024,53,Tornado, ,EF0,0,0,2000,0,KS,CST-6, ,190481,C,183,GID,0,0,NWS Storm Survey, ,6.81,35,9,N,14,NW,CORA,04/16/2024,100,39.8987,-98.8876,39.9973,-98.8846,"A tornado moved across rural areas of northern Smith County north of Athol. This tornado damaged some trees near its starting point and turned over a small mobile building along its way north. The tornado passed near a local limestone quarry. The path was based on a combination of damage indicators in the field and radar Correlation Coefficient signatures.","A closed upper low/trough was over the Central Plains which brought an increase in atmospheric lift. Moisture and instability increased across the area during the afternoon of the previous day. Wind shear and helicity increased after sunset. As the low moved northeast over Kansas and Nebraska, a cold front with gusty northwest winds moved into the area during the day on April 16th. These conditions were conducive to the development of severe weather. Strong to severe storms in the form of a QLCS moved northeastward across north central Kansas during the early morning hours of April 16th. The storms produced wind gusts up to 64 mph which resulted in wind damage, an EF-0 tornado (in Smith County), and a non-thunderstorm wind gust of 68 mph. The severe reports began just before 1 AM and ended just after 3 AM CDT.",371
1174842,WEBSTER CO.,COWLES,04/16/2024,128,Tornado, ,EF0,0,0,0,0,NE,CST-6, ,190480,C,181,GID,0,0,NWS Storm Survey, ,0.8,30,4,WNW,4,WNW,COWLES,04/16/2024,129,40.2037,-98.5264,40.2135,-98.5183,"This brief, less than one mile long tornado traversed open country before crossing Highway 281 a couple of miles north of the Cowles/Highway 281 intersection. Corn stalks were strewn about and minor tree damage was noted. The path was based on a combination of damage indicators in the field and radar Correlation Coefficient signatures.","A closed upper low/trough was over the Central Plains, which brought an increase in atmospheric lift. Moisture and instability increased across the area during the afternoon of the previous day. Wind shear and helicity increased after sunset. As the low moved northeast over Kansas and Nebraska, a cold front with gusty northwest winds moved into the area during the day on April 16th. These conditions were conducive to the development of severe weather. Strong to severe storms in the form of a QLCS moved northeastward into south central and central Nebraska during the early morning hours of April 16th. The storms produced hail up to the size of half dollars, wind gusts up to 78 mph, and one EF-0 tornado (in Webster County). These storms began with half dollar size hail just before 1 AM CDT in Furnas County and ended with a round of storms producing half dollar size hail in York County before 7:30 AM CDT. There were some reports of high wind, not associated with thunderstorms, from just before 3 AM to just after 1 PM CDT.",372
1165697,GREENWOOD CO.,EUREKA,04/16/2024,321,Tornado, ,EF1,0,0,0,0,KS,CST-6, ,189577,C,73,ICT,0,0,NWS Storm Survey, ,7.5,200,4,S,4,E,EUREKA ARPT,04/16/2024,337,37.76,-96.29,37.8519,-96.2245,"Damage survey indicated an EF1 tornado with peak estimated wind speeds of 107 mph. There were numerous large trees snapped and uprooted found just south of Fall River.","A powerful upper level low pressure system moved out across the Plains during the evening of April 15th and the early morning hours of Tuesday April 16th. Storms developed ahead of an advancing cold front across Oklahoma into the Flint Hills of Kansas after midnight. Around 4AM one of the storms started to show low level rotation as it moved into southern Greenwood County and shortly after produced an EF-1 tornado southeast and east of Eureka. ||A few hours later, a line storms along the cold front moved into the Flint Hills with a brief but strong tornado occurring south of Virgil. This tornado was rated an EF-2 with damage including steel purlins being bent along with a large outbuilding ripped from its foundation.  Luckily there were no injuries of fatalities with these tornadoes.",373
1162764,OSAGE CO.,OLIVET,04/16/2024,451,Tornado, ,EF1,0,0,0,0,KS,CST-6, ,189083,C,139,TOP,0,0,NWS Storm Survey, ,3.48,100,5,N,3,WSW,LYNDON,04/16/2024,457,38.55,-95.7523,38.597,-95.7289,"A tornado developed just north of Eisenhower State Park north of Melvern Lake and traveled north northeast for approximately 3.5 miles before dissipating.  The tornado did damage to several structures including a home that was shifted slightly off its foundation.","A supercell thunderstorm developed ahead of a dryline during the early morning hours of Tuesday April 16th and produced several tornadoes across southeast and east central Kansas.  Two of those tornadoes occurred in Osage county with one crossing into far southeast Shawnee County before dissipating.  One of the tornadoes hit an occupied camper/RV which was tossed and destroyed.  The two individuals were thrown from the RV and were taken to the hospital with minor injuries.",374
1162767,OSAGE CO.,LYNDON POMONA LK ARP,04/16/2024,506,Tornado, ,EF1,0,2,0,0,KS,CST-6, ,189083,C,139,TOP,0,0,NWS Storm Survey, ,12.07,75,2,ENE,6,NE,CARBONDALE,04/16/2024,525,38.711,-95.6427,38.87,-95.55,"A second tornado was produced from the same supercell thunderstorm just to the northwest of Pomona Lake.  This tornado traveled northeast hitting an occupied camper RV then passing approximately 1 mile west of Overbrook continuing on northeast into far southeast Shawnee County.  It did damage to several homes and outbuildings along this path.  Estimated winds were around 100 mph.","A supercell thunderstorm developed ahead of a dryline during the early morning hours of Tuesday April 16th and produced several tornadoes across southeast and east central Kansas.  Two of those tornadoes occurred in Osage county with one crossing into far southeast Shawnee County before dissipating.  One of the tornadoes hit an occupied camper/RV which was tossed and destroyed.  The two individuals were thrown from the RV and were taken to the hospital with minor injuries.",375
1162769,SHAWNEE CO.,RICHLAND,04/16/2024,525,Tornado, ,EF1,0,0,0,0,KS,CST-6, ,189083,C,177,TOP,0,0,NWS Storm Survey, ,0.73,75,2,WSW,1,W,RICHLAND,04/16/2024,527,38.87,-95.55,38.8796,-95.5443,"A second tornado was produced from the same supercell thunderstorm just to the northwest of Pomona Lake.  This tornado traveled northeast hitting an occupied camper RV then passing approximately 1 mile west of Overbrook continuing on northeast into far southeast Shawnee County.  It did damage to several homes and outbuildings along this path.  Estimated winds were around 100 mph.  This is the Shawnee County segment of the tornado that only lasted another few minutes before no more damage was seen.","A supercell thunderstorm developed ahead of a dryline during the early morning hours of Tuesday April 16th and produced several tornadoes across southeast and east central Kansas.  Two of those tornadoes occurred in Osage county with one crossing into far southeast Shawnee County before dissipating.  One of the tornadoes hit an occupied camper/RV which was tossed and destroyed.  The two individuals were thrown from the RV and were taken to the hospital with minor injuries.",376
1165698,GREENWOOD CO.,QUINCY,04/16/2024,634,Tornado, ,EF2,0,0,0,0,KS,CST-6, ,189577,C,73,ICT,0,0,NWS Storm Survey, ,2.7,116,3,N,3,SE,VIRGIL,04/16/2024,642,37.92,-96.01,37.9486,-95.9813,"The damage survey revealed an EF2 tornado with an estimated peak wind speed of 118 mph occurred south of Virgil. There was damage to a farmstead to a large outbuilding that was ripped from its sturdy foundation and had bent steel purlins. Several large trees were snapped and uprooted.","A powerful upper level low pressure system moved out across the Plains during the evening of April 15th and the early morning hours of Tuesday April 16th. Storms developed ahead of an advancing cold front across Oklahoma into the Flint Hills of Kansas after midnight. Around 4AM one of the storms started to show low level rotation as it moved into southern Greenwood County and shortly after produced an EF-1 tornado southeast and east of Eureka. ||A few hours later, a line storms along the cold front moved into the Flint Hills with a brief but strong tornado occurring south of Virgil. This tornado was rated an EF-2 with damage including steel purlins being bent along with a large outbuilding ripped from its foundation.  Luckily there were no injuries of fatalities with these tornadoes.",377
1170902,NODAWAY CO.,MARYVILLE RANKIN ARP,04/16/2024,750,Tornado, ,EF0,0,0,0,0,MO,CST-6, ,189056,C,147,EAX,0,0,NWS Storm Survey, ,3.37,50,1,NNE,3,NNE,MARYVILLE,04/16/2024,753,40.3453,-94.8188,40.3909,-94.8417,"NWS storm survey confirms a 3.4 mile long EF-0 tornado on the east side of Maryville with max winds of 75 mph.","In the morning and afternoon hours of April 16th, a strong low pressure system brought severe weather to much of Missouri. Most of the storm reports were from damaging straight line winds, but there was large hail across NE Missouri and two confirmed tornadoes.",378
1170876,NODAWAY CO.,HOPKINS,04/16/2024,800,Tornado, ,EF1,0,0,0,0,MO,CST-6, ,189056,C,147,EAX,0,0,NWS Storm Survey, ,0.59,50,4,W,4,W,HOPKINS,04/16/2024,801,40.5455,-94.887,40.554,-94.8886,"NWS storm survey confirms a brief EF-1 tornado occurred around 9 AM local time west of Hopkins. The tornado damaged structures at two properties along State Highway FF.","In the morning and afternoon hours of April 16th, a strong low pressure system brought severe weather to much of Missouri. Most of the storm reports were from damaging straight line winds, but there was large hail across NE Missouri and two confirmed tornadoes.",379
1169923,TAYLOR CO.,BEDFORD,04/16/2024,812,Tornado, ,EF0,0,0,5000,0,IA,CST-6, ,190307,C,173,DMX,0,0,Emergency Manager, ,2.62,50,4,W,5,WNW,BEDFORD,04/16/2024,815,40.6649,-94.7953,40.7025,-94.8016,"This was a brief tornado which occurred west of Bedford moving due north just west of Highway 2 in Taylor County.  This tornado did some low end damage to outbuildings before dissipating.","A strong low pressure brought multiple rounds of strong to severe thunderstorms to portions of central Iowa on Tuesday, April 16th, 2024. Elevated thunderstorms developed overnight and lingered into the morning across the area, remaining sub severe. This was followed by a second line of storms that lifted into the area by late morning. This line produced a few tornadoes in southwest to central Iowa. This was then followed by a third round of thunderstorms, more discrete in storm mode, that produced a few more tornadoes in northwest portions of Iowa. At least 8 short-lived tornadoes touched down, some causing damage in portions of central Iowa from late morning through the afternoon. A few of the severe thunderstorms also produced hail of 1 to 2 inches in diameter and wind gusts of 50-60 mph. Environmental winds behind the dry line were quite strong as well, occasionally gusting in excess of 50-55 mph.",380
1169928,ADAMS CO.,CARBON,04/16/2024,831,Tornado, ,EF0,0,0,15000,0,IA,CST-6, ,190307,C,3,DMX,0,0,Emergency Manager, ,2.41,50,1,NNE,3,ESE,LINCOLN CENTER,04/16/2024,834,41.0646,-94.8234,41.0995,-94.8231,"A small tornado occurred north of Carbon, IA and was captured on video.  This produced EF0 damage to a house with some missing shingles along with damage to a few different outbuildings.","A strong low pressure brought multiple rounds of strong to severe thunderstorms to portions of central Iowa on Tuesday, April 16th, 2024. Elevated thunderstorms developed overnight and lingered into the morning across the area, remaining sub severe. This was followed by a second line of storms that lifted into the area by late morning. This line produced a few tornadoes in southwest to central Iowa. This was then followed by a third round of thunderstorms, more discrete in storm mode, that produced a few more tornadoes in northwest portions of Iowa. At least 8 short-lived tornadoes touched down, some causing damage in portions of central Iowa from late morning through the afternoon. A few of the severe thunderstorms also produced hail of 1 to 2 inches in diameter and wind gusts of 50-60 mph. Environmental winds behind the dry line were quite strong as well, occasionally gusting in excess of 50-55 mph.",381
1169934,CASS CO.,ANITA MUNI ARPT,04/16/2024,858,Tornado, ,EF1,0,0,25000,0,IA,CST-6, ,190307,C,29,DMX,0,0,Emergency Manager, ,0.87,30,0,SE,1,NNW,ANITA MUNI ARPT,04/16/2024,859,41.4275,-94.767,41.4393,-94.7729,"Tornado developed in Lake Anita State Park producing EF1 tree damage.  The tornado moved northwest through a small subdivision producing EF0 damage then crossed the Crestwood Hills Golf Course before dissipating.","A strong low pressure brought multiple rounds of strong to severe thunderstorms to portions of central Iowa on Tuesday, April 16th, 2024. Elevated thunderstorms developed overnight and lingered into the morning across the area, remaining sub severe. This was followed by a second line of storms that lifted into the area by late morning. This line produced a few tornadoes in southwest to central Iowa. This was then followed by a third round of thunderstorms, more discrete in storm mode, that produced a few more tornadoes in northwest portions of Iowa. At least 8 short-lived tornadoes touched down, some causing damage in portions of central Iowa from late morning through the afternoon. A few of the severe thunderstorms also produced hail of 1 to 2 inches in diameter and wind gusts of 50-60 mph. Environmental winds behind the dry line were quite strong as well, occasionally gusting in excess of 50-55 mph.",382
1162671,CLAY CO.,PARADISE,04/16/2024,913,Tornado, ,EF1,0,0,0,0,MO,CST-6, ,189056,C,47,EAX,0,0,NWS Storm Survey, ,2.36,50,2,S,1,ESE,PARADISE,04/16/2024,918,39.3962,-94.528,39.4257,-94.5058,"NWS storm survey confirmed an EF-1 tornado at Smithville Lake in northwestern Clay County on the morning of April 16th. This tornado was associated with a mesovortex within a squall line. The tornado did most of its damage near Camp Branch Dr and Collins Road where it flipped a trailer and badly damaged a building owned by the Kansas City Trapshooters Association. The tornado ended near County Road W just east of the community of Paradise. In total, the tornado traveled about 2.3 miles, was 50 yards wide, and was rated as an EF-1 with peak winds of 95 mph.","In the morning and afternoon hours of April 16th, a strong low pressure system brought severe weather to much of Missouri. Most of the storm reports were from damaging straight line winds, but there was large hail across NE Missouri and two confirmed tornadoes.",383
1169947,DALLAS CO.,DALLAS CENTER ARPT,04/16/2024,1005,Tornado, ,EF0,0,0,20000,0,IA,CST-6, ,190307,C,49,DMX,0,0,NWS Storm Survey, ,6.96,60,2,NE,3,NE,MINBURN,04/16/2024,1014,41.7014,-93.9973,41.8019,-93.9884,"A tornado occurred with morning convection as it moved north through central Iowa.  This tornado began west of Dallas Center a moved north impacting a few farmsteads with mostly minor damage.  This tornado produced a TDS on radar and lifted to the northeast of Minburn.","A strong low pressure brought multiple rounds of strong to severe thunderstorms to portions of central Iowa on Tuesday, April 16th, 2024. Elevated thunderstorms developed overnight and lingered into the morning across the area, remaining sub severe. This was followed by a second line of storms that lifted into the area by late morning. This line produced a few tornadoes in southwest to central Iowa. This was then followed by a third round of thunderstorms, more discrete in storm mode, that produced a few more tornadoes in northwest portions of Iowa. At least 8 short-lived tornadoes touched down, some causing damage in portions of central Iowa from late morning through the afternoon. A few of the severe thunderstorms also produced hail of 1 to 2 inches in diameter and wind gusts of 50-60 mph. Environmental winds behind the dry line were quite strong as well, occasionally gusting in excess of 50-55 mph.",384
1166033,PLATTE CO.,PLATTE CENTER,04/16/2024,1035,Tornado, ,EF0,0,0,0,0,NE,CST-6, ,189641,C,141,OAX,0,0,Emergency Manager, ,8.44,50,3,WSW,3,E,TARNOV,04/16/2024,1051,41.51,-97.55,41.62,-97.47,"This tornado track is based entirely on eyewitness reports as there was no damage indicated along the entirety of the intermittent track. Emergency management, storm spotters, and video evidence indicate that the tornado began approximately 3 miles southwest of Platte Center. it moved northeast where it crossed the Central Highway road a half mile east of 325th Avenue. From that point on, it became more intermittent, occasionally kicking up dust at the ground underneath the persistent funnel cloud. There were times, especially during the intermittent phase, when the ground-level circulation went through center pivot irrigation systems without tipping them over, which has stood as the basis for rating this as an EF-0 tornado. Video evidence suggests that it was approximately 50 yards wide at its maximum width.","At midnight on the 16th, non-severe thunderstorms were ongoing across portions of northeast Nebraska and western Iowa. With these storms being rooted in a nearly stationary boundary co-located with the exit region of a low-level jet, this area saw prolonged periods of moderate to heavy rain. This resulted in isolated instances of flash flooding, especially for rural portions of western Wayne County where several roads were reported under water.||By 4 am, A round of strong to severe thunderstorms entered eastern Nebraska from the west and south. These storms were co-located with a tongue of enhanced instability and low-level shear as the surface low occluded in central Nebraska. Scattered instances of damaging wind and continued isolated flooding were reported through the early morning hours.||While the main round of thunderstorms continued east into Iowa and Missouri by late morning, continued redevelopment of thunderstorms persisted through the afternoon hours across portions of northeast Nebraska. This resulted from forcing for ascent and steep lapse rates associated with the cut-off low lingering in central Nebraska. Just before noon through the early afternoon hours on the 16th, the Omaha-Valley NWS received reports of funnel clouds and brief spin-up tornadoes associated with these storms. NWS damage surveys concluded that there were 4 EF-0 tornadoes, two in Platte County and two in Colfax County. Scattered showers and storms lingered across the area through the evening of the 16th as the low-pressure system weakened and slowly moved northeast into the upper Midwest.",385
1166034,PLATTE CO.,CRESTON,04/16/2024,1137,Tornado, ,EF0,0,0,0,0,NE,CST-6, ,189641,C,141,OAX,0,0,NWS Storm Survey, ,2.91,30,1,S,1,E,CRESTON,04/16/2024,1142,41.68,-97.37,41.7,-97.35,"A tornado began just west of 190th Avenue and about a half mile north of 445th Street where it flipped a cattle shed. The tornado then tracked toward the northwest, where it impacted another farm, flipping over a small outbuilding and removing roofing material of another outbuilding. A large cedar tree was also split down the middle. From this point, the tornado tracked north and then eventually east. Another farm was impacted near 190th Avenue and 475th Street where a detached garage had the roof removed and walls collapsed. Another cattle shed was overturned near the endpoint of the tornado near 475th Street and 182nd Avenue. There were several videos of this tornado which indicate an interesting evolution. It seemed to begin as the parent storm ingested rotation from a weak frontal boundary extending southeast of the storm, then pulled the tornado northwest closer to the storm updraft, and then eventually it turned to move northeast in the same direction as the storm and eventually pushed a bit more toward the east as a cool gust pushed out and dissipated the tornado. While the funnel cloud was rather wide at times, the actual contact with the ground was quite narrow, as evidenced by the narrow damage track.","At midnight on the 16th, non-severe thunderstorms were ongoing across portions of northeast Nebraska and western Iowa. With these storms being rooted in a nearly stationary boundary co-located with the exit region of a low-level jet, this area saw prolonged periods of moderate to heavy rain. This resulted in isolated instances of flash flooding, especially for rural portions of western Wayne County where several roads were reported under water.||By 4 am, A round of strong to severe thunderstorms entered eastern Nebraska from the west and south. These storms were co-located with a tongue of enhanced instability and low-level shear as the surface low occluded in central Nebraska. Scattered instances of damaging wind and continued isolated flooding were reported through the early morning hours.||While the main round of thunderstorms continued east into Iowa and Missouri by late morning, continued redevelopment of thunderstorms persisted through the afternoon hours across portions of northeast Nebraska. This resulted from forcing for ascent and steep lapse rates associated with the cut-off low lingering in central Nebraska. Just before noon through the early afternoon hours on the 16th, the Omaha-Valley NWS received reports of funnel clouds and brief spin-up tornadoes associated with these storms. NWS damage surveys concluded that there were 4 EF-0 tornadoes, two in Platte County and two in Colfax County. Scattered showers and storms lingered across the area through the evening of the 16th as the low-pressure system weakened and slowly moved northeast into the upper Midwest.",386
1166035,COLFAX CO.,CLARKSON,04/16/2024,1218,Tornado, ,EF0,0,0,0,0,NE,CST-6, ,189641,C,37,OAX,0,0,Public, ,1.08,30,3,S,3,SE,CLARKSON,04/16/2024,1223,41.68,-97.12,41.69,-97.1,"Eyewitness reports and photo and video evidence show that the long-lived funnel cloud formed a ground circulation that began at approximately 118 local time and lasted for approximately 5 minutes. It slowly traveled northeast during this time, with the only damage being some minor damage to tree branches.","At midnight on the 16th, non-severe thunderstorms were ongoing across portions of northeast Nebraska and western Iowa. With these storms being rooted in a nearly stationary boundary co-located with the exit region of a low-level jet, this area saw prolonged periods of moderate to heavy rain. This resulted in isolated instances of flash flooding, especially for rural portions of western Wayne County where several roads were reported under water.||By 4 am, A round of strong to severe thunderstorms entered eastern Nebraska from the west and south. These storms were co-located with a tongue of enhanced instability and low-level shear as the surface low occluded in central Nebraska. Scattered instances of damaging wind and continued isolated flooding were reported through the early morning hours.||While the main round of thunderstorms continued east into Iowa and Missouri by late morning, continued redevelopment of thunderstorms persisted through the afternoon hours across portions of northeast Nebraska. This resulted from forcing for ascent and steep lapse rates associated with the cut-off low lingering in central Nebraska. Just before noon through the early afternoon hours on the 16th, the Omaha-Valley NWS received reports of funnel clouds and brief spin-up tornadoes associated with these storms. NWS damage surveys concluded that there were 4 EF-0 tornadoes, two in Platte County and two in Colfax County. Scattered showers and storms lingered across the area through the evening of the 16th as the low-pressure system weakened and slowly moved northeast into the upper Midwest.",387
1166036,COLFAX CO.,HOWELLS,04/16/2024,1239,Tornado, ,EF0,0,0,0,0,NE,CST-6, ,189641,C,37,OAX,0,0,Emergency Manager, ,5.21,40,7,SSW,5,SSE,HOWELLS,04/16/2024,1249,41.62,-97.04,41.66,-96.96,"Detailed reports from a combination of emergency management, eyewitnesses, and video evidence from storm spotters indicate this as the path of the tornado. Eyewitness accounts indicate that the final 1.5 miles of the track were intermittent, with occasional debris and dust at the ground level. These reports also indicate that the tornado began at 1:39 PM and lasted for approximately 10 minutes, which aligns well with the storm's motion. There were at least 2 center pivots damaged along the track and some minor damage to small outbuildings where tin roofing material was removed. These damage indicators and the degree of damage indicate that the tornado was an EF-0 with maximum winds of approximately 75 mph. Video evidence of the dust field suggests a width of approximately 40 yards.","At midnight on the 16th, non-severe thunderstorms were ongoing across portions of northeast Nebraska and western Iowa. With these storms being rooted in a nearly stationary boundary co-located with the exit region of a low-level jet, this area saw prolonged periods of moderate to heavy rain. This resulted in isolated instances of flash flooding, especially for rural portions of western Wayne County where several roads were reported under water.||By 4 am, A round of strong to severe thunderstorms entered eastern Nebraska from the west and south. These storms were co-located with a tongue of enhanced instability and low-level shear as the surface low occluded in central Nebraska. Scattered instances of damaging wind and continued isolated flooding were reported through the early morning hours.||While the main round of thunderstorms continued east into Iowa and Missouri by late morning, continued redevelopment of thunderstorms persisted through the afternoon hours across portions of northeast Nebraska. This resulted from forcing for ascent and steep lapse rates associated with the cut-off low lingering in central Nebraska. Just before noon through the early afternoon hours on the 16th, the Omaha-Valley NWS received reports of funnel clouds and brief spin-up tornadoes associated with these storms. NWS damage surveys concluded that there were 4 EF-0 tornadoes, two in Platte County and two in Colfax County. Scattered showers and storms lingered across the area through the evening of the 16th as the low-pressure system weakened and slowly moved northeast into the upper Midwest.",388
1177838,PLYMOUTH CO.,HINTON,04/16/2024,1246,Tornado, ,EFU,0,0,0,0,IA,CST-6, ,191293,C,149,FSD,0,0,Law Enforcement, ,0.01,10,0,NNW,0,NNW,HINTON,04/16/2024,1246,42.637,-96.302,42.637,-96.302,"Members of the Hinton Police Department witnessed a very brief touchdown in an open field. The storm produced no visible damage as to determine a rating.","A negatively tilted upper level wave lifted across the Central Plains on April 16th, with timing of the dry slot ahead of the feature during the afternoon hours. With peak destabilization and development of storms near the triple point in the early to mid afternoon, a mix of hail, damaging winds, and several brief tornadoes occurred.",389
1178100,PLYMOUTH CO.,WEST LE MARS,04/16/2024,1248,Tornado, ,EFU,0,0,0,0,IA,CST-6, ,191293,C,149,FSD,0,0,Public, ,0.01,10,3,SW,3,SW,WEST LE MARS,04/16/2024,1248,42.759,-96.2623,42.759,-96.2623,"Members of the public witnessed a very brief touchdown in an open field. The storm produced no visible damage as to determine a rating. The touchdown location is an estimate based on public videos and radar.","A negatively tilted upper level wave lifted across the Central Plains on April 16th, with timing of the dry slot ahead of the feature during the afternoon hours. With peak destabilization and development of storms near the triple point in the early to mid afternoon, a mix of hail, damaging winds, and several brief tornadoes occurred.",390
1177849,PLYMOUTH CO.,STRUBLE,04/16/2024,1300,Tornado, ,EF1,0,0,0,0,IA,CST-6, ,191293,C,149,FSD,0,0,Emergency Manager, ,1.32,25,4,SW,3,SW,STRUBLE,04/16/2024,1303,42.86,-96.238,42.873,-96.219,"A tornado spun up in an open field around 4 miles southwest of Struble, about one-half mile south of 130th Street and just west of Kestrel Avenue.  The tornado tracked to the northeast for one-half mile before destroying an outbuilding and blowing out a garage door on a single family dwelling on the east side of Kestrel Avenue.  The tornado continued northeast for around one mile before it uprooted a one-foot diameter tree at another farmstead before it lifted shortly thereafter. The maximum estimated wind speed was 105 mph and the average path width was 25 yards.","A negatively tilted upper level wave lifted across the Central Plains on April 16th, with timing of the dry slot ahead of the feature during the afternoon hours. With peak destabilization and development of storms near the triple point in the early to mid afternoon, a mix of hail, damaging winds, and several brief tornadoes occurred.",391
1177850,SIOUX CO.,MAURICE,04/16/2024,1311,Tornado, ,EFU,0,0,0,0,IA,CST-6, ,191293,C,167,FSD,0,0,Emergency Manager, ,0.01,10,3,SSW,3,SSW,MAURICE,04/16/2024,1311,42.924,-96.194,42.924,-96.194,"Emergency manager witnessed a very brief touchdown in an open field. The storm produced no visible damage as to determine a rating.","A negatively tilted upper level wave lifted across the Central Plains on April 16th, with timing of the dry slot ahead of the feature during the afternoon hours. With peak destabilization and development of storms near the triple point in the early to mid afternoon, a mix of hail, damaging winds, and several brief tornadoes occurred.",392
1169948,CALHOUN CO.,RANDS,04/16/2024,1326,Tornado, ,EF1,0,0,12000,0,IA,CST-6, ,190307,C,25,DMX,0,0,Storm Chaser, ,5.22,75,1,WNW,1,ENE,ROCKWELL CITY ARPT,04/16/2024,1338,42.3355,-94.5927,42.411,-94.5954,"Video from storm chaser provided footage for entire life cycle of tornado.  The tornado formed just northwest of the hamlet of Rands and produced EF1 damage to telephone poles.  The tornado traveled almost due north along Quinton Avenue and passed east of the Rockwell City Correctional Faciliity.  It crossed old Highway 20 near Quinton Avenue and passed through a farmstead with only minor damage.  The tornado eventually lifted after passing over a railroad.","A strong low pressure brought multiple rounds of strong to severe thunderstorms to portions of central Iowa on Tuesday, April 16th, 2024. Elevated thunderstorms developed overnight and lingered into the morning across the area, remaining sub severe. This was followed by a second line of storms that lifted into the area by late morning. This line produced a few tornadoes in southwest to central Iowa. This was then followed by a third round of thunderstorms, more discrete in storm mode, that produced a few more tornadoes in northwest portions of Iowa. At least 8 short-lived tornadoes touched down, some causing damage in portions of central Iowa from late morning through the afternoon. A few of the severe thunderstorms also produced hail of 1 to 2 inches in diameter and wind gusts of 50-60 mph. Environmental winds behind the dry line were quite strong as well, occasionally gusting in excess of 50-55 mph.",393
1177853,SIOUX CO.,SIOUX CENTER,04/16/2024,1327,Tornado, ,EF0,0,0,0,0,IA,CST-6, ,191293,C,167,FSD,0,0,NWS Storm Survey, ,0.89,25,1,NNW,1,SSW,SIOUX CENTER MUNI AR,04/16/2024,1329,43.097,-96.193,43.109,-96.186,"A brief tornado spun up just south of 380th Street on the outskirts of Sioux Center. The tornado quickly crossed 380th Street as it moved north-northeast and uprooted several large pine trees along a tree line. The tornado then struck a farmstead where it collapsed a barn and tossed tin into a neighboring field. The tornado shifted track to a more northeast direction and then crossed open fields until it lifted near the railroad tracks around one-half mile south of 370th Street. The maximum estimated wind speed was 85 mph and the average path width was 25 yards.","A negatively tilted upper level wave lifted across the Central Plains on April 16th, with timing of the dry slot ahead of the feature during the afternoon hours. With peak destabilization and development of storms near the triple point in the early to mid afternoon, a mix of hail, damaging winds, and several brief tornadoes occurred.",394
1177857,SIOUX CO.,SIOUX CENTER MUNI AR,04/16/2024,1330,Tornado, ,EF0,0,0,0,0,IA,CST-6, ,191293,C,167,FSD,0,0,NWS Storm Survey, ,0.25,25,1,SSE,1,SE,SIOUX CENTER MUNI AR,04/16/2024,1331,43.113,-96.167,43.116,-96.164,"A brief tornado spun up just south of 370th Street around one-half mile east of U.S. Highway 75 where it uprooted three large pine trees. The tornado moved northeast for about another minute before breaking several large branches at a residence before it lifted. The maximum estimated wind speed was 80 mph and the average path width was 25 yards.","A negatively tilted upper level wave lifted across the Central Plains on April 16th, with timing of the dry slot ahead of the feature during the afternoon hours. With peak destabilization and development of storms near the triple point in the early to mid afternoon, a mix of hail, damaging winds, and several brief tornadoes occurred.",395
1169949,CALHOUN CO.,MANSON,04/16/2024,1357,Tornado, ,EFU,0,0,0,0,IA,CST-6, ,190307,C,25,DMX,0,0,Storm Chaser, ,0.61,30,2,SSW,1,SSW,MANSON,04/16/2024,1358,42.5027,-94.5395,42.5114,-94.541,"A storm chaser caught video of this weak tornado south of Manson.  It was a brief tornado which moved northward in open rural farmland.  No damage indicators were impacted by this tornado, hence the EFU rating.","A strong low pressure brought multiple rounds of strong to severe thunderstorms to portions of central Iowa on Tuesday, April 16th, 2024. Elevated thunderstorms developed overnight and lingered into the morning across the area, remaining sub severe. This was followed by a second line of storms that lifted into the area by late morning. This line produced a few tornadoes in southwest to central Iowa. This was then followed by a third round of thunderstorms, more discrete in storm mode, that produced a few more tornadoes in northwest portions of Iowa. At least 8 short-lived tornadoes touched down, some causing damage in portions of central Iowa from late morning through the afternoon. A few of the severe thunderstorms also produced hail of 1 to 2 inches in diameter and wind gusts of 50-60 mph. Environmental winds behind the dry line were quite strong as well, occasionally gusting in excess of 50-55 mph.",396
1177866,LYON CO.,GEORGE,04/16/2024,1358,Tornado, ,EF1,0,0,0,0,IA,CST-6, ,191293,C,119,FSD,0,0,NWS Storm Survey, ,0.99,75,6,S,5,S,GEORGE,04/16/2024,1401,43.2582,-96.006,43.272,-96.001,"A tornado developed along 270th Street to the west of Kennedy Avenue. It tracked north-northeastward through Otter Valley Golf Course where it uprooted several trees and damaged a maintenance shed. The tornado continued on a north-northeast path and impacted a farmstead north of the golf course where it destroyed an outbuilding and uprooted several more trees. Debris from the outbuilding was strewn across a field as it continued for another half mile northward before it lifted near the intersection of 260th Street and Kennedy Avenue. The maximum estimated wind speed was 105 mph and the average path width was 50 yards.","A negatively tilted upper level wave lifted across the Central Plains on April 16th, with timing of the dry slot ahead of the feature during the afternoon hours. With peak destabilization and development of storms near the triple point in the early to mid afternoon, a mix of hail, damaging winds, and several brief tornadoes occurred.",397
1172008,BUCHANAN CO.,BOIES BEND CO PARK,04/16/2024,1402,Tornado, ,EF1,0,0,0,0,IA,CST-6, ,190594,C,19,DVN,0,0,NWS Storm Survey, ,10.01,125,1,NE,5,NNE,BUFFALO CREEK CO PARK,04/16/2024,1415,42.41,-91.79,42.53,-91.68,"A high end EF-1 tornado touched down northwest of Quasqueton, IA near the Pine Creek Wildlife area, damaging several trees along 262nd St. The tornado continued to track to the northeast, uprooting and snapping several healthy hardwood trees at the Pine Creek Cemetery. Several individuals who lived near the cemetery observed the tornado at this time. The tornado continued moving to the NNE, uprooting several more trees, damaging a farm outbuilding and overturning a semi along Highway 20 before lifting about 4 miles northeast of Winthrop, IA.","Eastern Iowa, northwest Illinois, and far northeast Missouri sat in the warm sector of an intense Spring storm system that brought widespread severe thunderstorms to the area during the afternoon and evening hours on April 16th. There were reports of hail, damaging winds, and two tornadoes. One of the tornadoes was on the ground for 42 miles across parts of Lee, Henry, Des Moines and Louisa Counties and was rated EF-2 with maximum winds of 130 MPH.",398
1169950,POCAHONTAS CO.,PALMER,04/16/2024,1411,Tornado, ,EF0,0,0,200,0,IA,CST-6, ,190307,C,151,DMX,0,0,Storm Chaser, ,1.66,75,4,ESE,4,E,PALMER,04/16/2024,1415,42.614,-94.5218,42.6378,-94.5263,"Storm chaser had video of entire life cycle of tornado.  The tornado developed on the edge of a farmstead producing minor tree damage.  The tornado continued northeast through rural farmland before turning northwest.  The tornado remained in open farmland for the remainder of its path before dissipating.","A strong low pressure brought multiple rounds of strong to severe thunderstorms to portions of central Iowa on Tuesday, April 16th, 2024. Elevated thunderstorms developed overnight and lingered into the morning across the area, remaining sub severe. This was followed by a second line of storms that lifted into the area by late morning. This line produced a few tornadoes in southwest to central Iowa. This was then followed by a third round of thunderstorms, more discrete in storm mode, that produced a few more tornadoes in northwest portions of Iowa. At least 8 short-lived tornadoes touched down, some causing damage in portions of central Iowa from late morning through the afternoon. A few of the severe thunderstorms also produced hail of 1 to 2 inches in diameter and wind gusts of 50-60 mph. Environmental winds behind the dry line were quite strong as well, occasionally gusting in excess of 50-55 mph.",399
1169951,POCAHONTAS CO.,ROLFE,04/16/2024,1432,Tornado, ,EFU,0,0,0,0,IA,CST-6, ,190307,C,151,DMX,0,0,Trained Spotter, ,1.44,75,3,S,2,S,ROLFE,04/16/2024,1435,42.7725,-94.5167,42.7932,-94.5197,"This tornado was captured on video as it moved northward through rural farmland south of Rolfe.  The tornado did not impact any damage indicators, hence the EFU rating.","A strong low pressure brought multiple rounds of strong to severe thunderstorms to portions of central Iowa on Tuesday, April 16th, 2024. Elevated thunderstorms developed overnight and lingered into the morning across the area, remaining sub severe. This was followed by a second line of storms that lifted into the area by late morning. This line produced a few tornadoes in southwest to central Iowa. This was then followed by a third round of thunderstorms, more discrete in storm mode, that produced a few more tornadoes in northwest portions of Iowa. At least 8 short-lived tornadoes touched down, some causing damage in portions of central Iowa from late morning through the afternoon. A few of the severe thunderstorms also produced hail of 1 to 2 inches in diameter and wind gusts of 50-60 mph. Environmental winds behind the dry line were quite strong as well, occasionally gusting in excess of 50-55 mph.",400
1169952,POCAHONTAS CO.,ROLFE,04/16/2024,1441,Tornado, ,EF0,0,0,10000,0,IA,CST-6, ,190307,C,151,DMX,0,0,Storm Chaser, ,0.64,40,1,S,0,SSE,ROLFE,04/16/2024,1443,42.8098,-94.5189,42.819,-94.5194,"A storm chaser captured video of this brief tornado as it moved just east of Rolfe.  The tornado produced some minor damage to a couple of farmsteads on the east side of Rolfe along with some tree damage.","A strong low pressure brought multiple rounds of strong to severe thunderstorms to portions of central Iowa on Tuesday, April 16th, 2024. Elevated thunderstorms developed overnight and lingered into the morning across the area, remaining sub severe. This was followed by a second line of storms that lifted into the area by late morning. This line produced a few tornadoes in southwest to central Iowa. This was then followed by a third round of thunderstorms, more discrete in storm mode, that produced a few more tornadoes in northwest portions of Iowa. At least 8 short-lived tornadoes touched down, some causing damage in portions of central Iowa from late morning through the afternoon. A few of the severe thunderstorms also produced hail of 1 to 2 inches in diameter and wind gusts of 50-60 mph. Environmental winds behind the dry line were quite strong as well, occasionally gusting in excess of 50-55 mph.",401
1172019,LEE CO.,MT HAMILL,04/16/2024,1525,Tornado, ,EF1,0,0,0,0,IA,CST-6, ,190594,C,111,DVN,0,0,NWS Storm Survey, ,6.14,600,2,NW,2,NNE,HOUGHTON,04/16/2024,1534,40.77,-91.64,40.8138,-91.5834,"An NWS survey team confirmed a long-track EF2 tornado Tuesday afternoon in southeast Iowa. The tornado developed just southwest of Houghton, Iowa in Lee County. The tornado caused mainly EF-1 damage in Lee county to hardwood trees and farm outbuildings. Significant damage to homes, trees, and outbuildings was observed. The worst damage occurred at a farmstead north of New London in Henry County, where the roof was removed from a brick house, one of the exterior walls collapsed, and the garage was destroyed. Numerous out buildings were also destroyed at nearby farmsteads. Maximum winds were estimated around 130 mph. The tornado continued into northwest Des Moines County and caused additional damage at several farmsteads southeast of Yarmouth. Public video confirmed that the tornado continued northeast into Louisa County, where a vehicle was blown off the road just east of Morning Sun. The tornado then damaged trees near the Port Louisa National Wildlife refuge, and finally lifted near the confluence of the Iowa and Mississippi Rivers. The tornado had a maximum path width around 600 yards. The tornado path length was around 42 miles. There were no injuries. Numerous emergency managers provided valuable assistance to NWS Quad Cities during the survey.","Eastern Iowa, northwest Illinois, and far northeast Missouri sat in the warm sector of an intense Spring storm system that brought widespread severe thunderstorms to the area during the afternoon and evening hours on April 16th. There were reports of hail, damaging winds, and two tornadoes. One of the tornadoes was on the ground for 42 miles across parts of Lee, Henry, Des Moines and Louisa Counties and was rated EF-2 with maximum winds of 130 MPH.",402
1172021,HENRY CO.,SALEM,04/16/2024,1534,Tornado, ,EF2,0,0,0,0,IA,CST-6, ,190594,C,87,DVN,0,0,NWS Storm Survey, ,13.25,600,3,SE,3,NNE,NEW LONDON,04/16/2024,1552,40.8138,-91.5834,40.959,-91.372,"An NWS survey team confirmed a long-track EF2 tornado Tuesday afternoon in southeast Iowa. The tornado developed just southwest of Houghton, Iowa in Lee County. Significant damage to homes, trees, and outbuildings was observed. The worst damage occurred at a farmstead north of New London in Henry County, where the roof was removed from a brick house, one of the exterior walls collapsed, and the garage was destroyed. Numerous out buildings were also destroyed at nearby farmsteads. Maximum winds were estimated around 130 mph. The tornado continued into northwest Des Moines County and caused additional damage at several farmsteads southeast of Yarmouth. Public video confirmed that the tornado continued northeast into Louisa County, where a vehicle was blown off the road just east of Morning Sun. The tornado then damaged trees near the Port Louisa National Wildlife refuge, and finally lifted near the confluence of the Iowa and Mississippi Rivers. The tornado had a maximum path width around 600 yards. The tornado path length was around 42 miles. There were no injuries. Numerous emergency managers provided valuable assistance to NWS Quad Cities during the survey.","Eastern Iowa, northwest Illinois, and far northeast Missouri sat in the warm sector of an intense Spring storm system that brought widespread severe thunderstorms to the area during the afternoon and evening hours on April 16th. There were reports of hail, damaging winds, and two tornadoes. One of the tornadoes was on the ground for 42 miles across parts of Lee, Henry, Des Moines and Louisa Counties and was rated EF-2 with maximum winds of 130 MPH.",403
1172024,DES MOINES CO.,PLEASANTGROVE,04/16/2024,1552,Tornado, ,EF2,0,0,0,0,IA,CST-6, ,190594,C,57,DVN,0,0,NWS Storm Survey, ,11.52,600,5,W,1,ENE,GARLAND,04/16/2024,1607,40.959,-91.372,41.074,-91.212,"An NWS survey team confirmed a long-track EF2 tornado Tuesday afternoon in southeast Iowa. The tornado developed just southwest of Houghton, Iowa in Lee County. Significant damage to homes, trees, and outbuildings was observed. The worst damage occurred at a farmstead north of New London in Henry County, where the roof was removed from a brick house, one of the exterior walls collapsed, and the garage was destroyed. Numerous out buildings were also destroyed at nearby farmsteads. Maximum winds were estimated around 130 mph. The tornado continued into northwest Des Moines County and caused additional damage at several farmsteads southeast of Yarmouth. Public video confirmed that the tornado continued northeast into Louisa County, where a vehicle was blown off the road just east of Morning Sun. The tornado then damaged trees near the Port Louisa National Wildlife refuge, and finally lifted near the confluence of the Iowa and Mississippi Rivers. The tornado had a maximum path width around 600 yards. The tornado path length was around 42 miles. There were no injuries. Numerous emergency managers provided valuable assistance to NWS Quad Cities during the survey.","Eastern Iowa, northwest Illinois, and far northeast Missouri sat in the warm sector of an intense Spring storm system that brought widespread severe thunderstorms to the area during the afternoon and evening hours on April 16th. There were reports of hail, damaging winds, and two tornadoes. One of the tornadoes was on the ground for 42 miles across parts of Lee, Henry, Des Moines and Louisa Counties and was rated EF-2 with maximum winds of 130 MPH.",404
1172026,LOUISA CO.,NEWPORT,04/16/2024,1607,Tornado, ,EF1,0,0,0,0,IA,CST-6, ,190594,C,115,DVN,0,0,NWS Storm Survey, ,10.75,600,2,WSW,2,ENE,TOOLESBORO,04/16/2024,1621,41.074,-91.212,41.16,-91.04,"An NWS survey team confirmed a long-track EF2 tornado Tuesday afternoon in southeast Iowa. The tornado developed just southwest of Houghton, Iowa in Lee County. Significant damage to homes, trees, and outbuildings was observed. The worst damage occurred at a farmstead north of New London in Henry County, where the roof was removed from a brick house, one of the exterior walls collapsed, and the garage was destroyed. Numerous out buildings were also destroyed at nearby farmsteads. Maximum winds were estimated around 130 mph. The tornado continued into northwest Des Moines County and caused additional damage at several farmsteads southeast of Yarmouth. Public video confirmed that the tornado continued northeast into Louisa County, where a vehicle was blown off the road just east of Morning Sun. The tornado then damaged trees near the Port Louisa National Wildlife refuge, and finally lifted near the confluence of the Iowa and Mississippi Rivers. The tornado had a maximum path width around 600 yards. The tornado path length was around 42 miles. There were no injuries. Numerous emergency managers provided valuable assistance to NWS Quad Cities during the survey.","Eastern Iowa, northwest Illinois, and far northeast Missouri sat in the warm sector of an intense Spring storm system that brought widespread severe thunderstorms to the area during the afternoon and evening hours on April 16th. There were reports of hail, damaging winds, and two tornadoes. One of the tornadoes was on the ground for 42 miles across parts of Lee, Henry, Des Moines and Louisa Counties and was rated EF-2 with maximum winds of 130 MPH.",405
1166892,CRAWFORD CO.,BUCYRUS,04/17/2024,1506,Tornado, ,EF1,0,0,1000000,0,OH,EST-5, ,189827,C,33,CLE,0,0,NWS Storm Survey, ,3.47,100,1,W,2,ENE,BUCYRUS,04/17/2024,1511,40.7981,-83.0005,40.8177,-82.9394,"An EF1 tornado with estimated peak winds of 110 mph occurred in Bucyrus. The tornado began near the bend of Kerstetter Road and West Southern Avenue. The tornado yielded 80 mph winds with damage to the roof of a home on West Southern Avenue. The tornado tracked northeastward and produced scattered damage in the form of broken tree limbs. The tornado continued northeastward across the Sandusky River and intensified with winds up to 100 mph. Several large hardwood trees were uprooted, a garage was destroyed, a small trailer rolled, three chimneys were blown down, several large trees were uprooted, and a shed was destroyed near the intersection of Ridge Avenue and Wise Street. The tornado continued northeastward with maximum winds of 110 mph while moving a house off its foundation. The tornado also caused roof damage to the post office and a roof collapse at a convenience store in and around downtown Bucyrus. In addition, an abandoned plant wall was blown out and several antennas were bent. The tornado continued northeastward, downed several large trees across a golf course, and damaged a storage shed. Several tree limbs were broken as the tornado tracked farther northeastward and weakened. The tornado finally ended along Beechgrove Road northeast of U.S. Highway 30.","At the surface, an occluded low drifted from northeastern WI to the central Upper Peninsula of MI during the early afternoon through early evening of the 17th. Simultaneously, the low's attendant warm front drifted eastward across central Lake Erie and far-western PA, and the low's attendant cold front swept eastward from near the northwest OH/northeast IN border and central IN to near the OH/PA border, which caused the warm sector to shrink with time. Scattered multicell thunderstorms and a few supercell thunderstorms developed along and ahead of the cold front, and persisted generally eastward across northern OH as the storms encountered weak to moderate MUCAPE and DCAPE, respectively, and moderate to strong effective bulk shear. This environment allowed storms to produce damaging hail and straight-line convective wind gusts, respectively. Three tornadoes also occurred amidst favorably-low mixed layer lifting condensation levels less than 1500 meters AGL and favorably-strong, surface-based effective storm-relative helicity.",406
1163775,CHAMPAIGN CO.,CABLE,04/17/2024,1521,Tornado, ,EF0,0,0,25000,0,OH,EST-5, ,189228,C,21,ILN,0,0,NWS Storm Survey, ,3,150,3,S,2,SW,FOUNTAIN PARK,04/17/2024,1525,40.1277,-83.6335,40.1452,-83.5827,"The tornado began approximately 6 miles east of Urbana, Ohio north of US Highway 36 with the first visible sign of damage along Mutual Union Road. Minor roof damage was observed at one residence with nearly all trees in the surrounding location remaining intact. As the tornado continued northeast, outbuilding damage was observed on Yocom Road. The most concentrated area of damage occurred on Perry Road where multiple trees were uprooted and several outbuildings were damaged. The final location of damage was found on North Parkview Road where minor roof and tree damage was observed. The tornado likely dissipated east of this point.","Scattered thunderstorms developed as a low pressure system moved through the region.",407
1163900,DELAWARE CO.,HARLEM,04/17/2024,1626,Tornado, ,EF1,0,0,35000,0,OH,EST-5, ,189228,C,41,ILN,0,0,NWS Storm Survey, ,0.9,100,2,SE,2,ESE,HARLEM,04/17/2024,1628,40.132,-82.8097,40.1338,-82.7936,"The tornado quickly developed and likely reached the maximum intensity near the intersection of Fancher Road and State Route 605 South causing damage to a residence on the south side of Fancher Road. Multiple homes on the south side of Fancher Road had damage including blown out windows, garage door failures, and moderate roof material loss.||The tornado weakened as it crossed Fancher Road near Hatch Road and Kean Road, causing damage to trees in the area. The last known damage was found north of Fancher Road where an outbuilding lost most of its metal panels.","Scattered thunderstorms developed as a low pressure system moved through the region.",408
1166893,PORTAGE CO.,WINDHAM,04/17/2024,1745,Tornado, ,EF1,0,0,500000,0,OH,EST-5, ,189827,C,133,CLE,0,0,NWS Storm Survey, ,3.97,65,2,W,2,E,MAHONING,04/17/2024,1751,41.2323,-81.0813,41.2672,-81.0205,"An EF1 tornado with estimated peak winds of 110 mph occurred in Windham. The tornado began near the intersection of OH Route 303 and Stanley Road. The tornado|produced wind damage of EF0 to low end EF1 intensity as it downed trees and damaged roofs of several buildings. The tornado continued northeastward toward Bryant Road, where the tornado caused significant damage to a large garage and moved a shed several yards, in addition to downing several trees. The tornado crossed|the Ohio Turnpike, impacted three tractor trailers, and closed the highway for some time. North of the Ohio Turnpike and off Bryant Road, the tornado heavily damaged a mobile home, flipped over a car and boat, and caused other minor structural damage,|indicative of EF1 damage. The tornado continued northeast toward Parkman Road, Crestview Drive, Wisteria Street, and Geneva Drive. This area experienced the greatest damage from the tornado, indicative of the 110 mph rating. Several homes were heavily damaged with loss of roofing material, siding, and blown out windows. Two homes were shifted off their foundations. Numerous large trees were downed onto some homes. The tornado continued northeastward and crossed OH Route 82, west of Horn Road, where several trees were snapped. The tornado continued producing tree|damage to Frazier Road before dissipating prior to reaching Silica Sand Road.","At the surface, an occluded low drifted from northeastern WI to the central Upper Peninsula of MI during the early afternoon through early evening of the 17th. Simultaneously, the low's attendant warm front drifted eastward across central Lake Erie and far-western PA, and the low's attendant cold front swept eastward from near the northwest OH/northeast IN border and central IN to near the OH/PA border, which caused the warm sector to shrink with time. Scattered multicell thunderstorms and a few supercell thunderstorms developed along and ahead of the cold front, and persisted generally eastward across northern OH as the storms encountered weak to moderate MUCAPE and DCAPE, respectively, and moderate to strong effective bulk shear. This environment allowed storms to produce damaging hail and straight-line convective wind gusts, respectively. Three tornadoes also occurred amidst favorably-low mixed layer lifting condensation levels less than 1500 meters AGL and favorably-strong, surface-based effective storm-relative helicity.",409
1166894,TRUMBULL CO.,STATE RD,04/17/2024,1801,Tornado, ,EF0,0,0,100000,0,OH,EST-5, ,189827,C,155,CLE,0,0,NWS Storm Survey, ,2.95,20,1,NW,2,NNW,CHAMPION,04/17/2024,1806,41.3058,-80.9112,41.3267,-80.8616,"An EF0 tornado with estimated peak winds of 80 mph impacted portions of Southington and Champion Townships in Trumbull County. The tornado began near OH Route|305, east of Hoffman Norton Road. Damage in this location included significant damage to a garage and some downed trees and roofing damage, indicative of 80 mph tornadic winds. The tornado continued northeastward to Oak Hill Drive, where additional downed trees caused damage to a couple homes. The tornado continued northeastward to Downs Road NW, where more downed trees caused more home damage. The tornado moved farther northeastward and caused more tree damage west of Mahoning Avenue (OH Route 45), but the tornado dissipated before reaching the road.","At the surface, an occluded low drifted from northeastern WI to the central Upper Peninsula of MI during the early afternoon through early evening of the 17th. Simultaneously, the low's attendant warm front drifted eastward across central Lake Erie and far-western PA, and the low's attendant cold front swept eastward from near the northwest OH/northeast IN border and central IN to near the OH/PA border, which caused the warm sector to shrink with time. Scattered multicell thunderstorms and a few supercell thunderstorms developed along and ahead of the cold front, and persisted generally eastward across northern OH as the storms encountered weak to moderate MUCAPE and DCAPE, respectively, and moderate to strong effective bulk shear. This environment allowed storms to produce damaging hail and straight-line convective wind gusts, respectively. Three tornadoes also occurred amidst favorably-low mixed layer lifting condensation levels less than 1500 meters AGL and favorably-strong, surface-based effective storm-relative helicity.",410
1176065,SPOKANE CO.,LYONS,04/18/2024,1230,Tornado, ,EF0,0,0,0,0,WA,PST-8, ,191073,C,63,OTX,0,0,Public, ,0.01,5,2,SSE,2,SSE,LYONS,04/18/2024,1235,47.6571,-117.5586,47.6571,-117.5586,"Observer reported a small stationary landspout.","Weak convective cell generated a very small, weak landspout in Airway Heights.",411
1173217,GREENE CO.,GREENFIELD,04/18/2024,1551,Tornado, ,EFU,0,0,0,0,IL,CST-6, ,190706,C,61,LSX,0,0,NWS Storm Survey, ,3.68,10,4,N,3,SSE,ATHENSVILLE,04/18/2024,1603,39.387,-90.212,39.41,-90.152,"A tornado track was interpolated between spotter reports and storm chaser videos in Greene County, on Illinois Route 267 just south of intersection with NE 700 Street. The tornado tracked to the northeast, crossing into Macoupin County about three quarters of a mile south of Palmyra Road. The tornado may have lifted and touched down multiple times. During a storm survey no damage indicators were found, thus the tornado is rated EFU with an approximate path length of 3.68 miles in Greene County. Overall, the path length was 4.31 miles.","During the afternoon and evening of April 18, 2024, discrete supercell thunderstorms developed along a cold front moving through the bi-state area. These storms were initially mainly capable of producing large hail and damaging wind gusts, but become tornadic as additional thunderstorms formed along the front. Due to the additional thunderstorms storms congealed into a QLCS that impacted portions of southwestern Illinois. The QLCS was responsible for several tornadoes and instances of straight line wind damage in this part of the area. Fortunately, no injuries or fatalities were reported with these thunderstorms.",412
1173219,MACOUPIN CO.,BARR,04/18/2024,1603,Tornado, ,EFU,0,0,0,0,IL,CST-6, ,190706,C,117,LSX,0,0,NWS Storm Survey, ,0.63,10,3,WNW,2,WNW,BARR,04/18/2024,1604,39.41,-90.152,39.414,-90.141,"After crossing into Macoupin County, the tornado continued to the northeast before dissipating near intersection of Spruce Road and McClelland Road. The tornado may have lifted and touched down multiple times. No damage indicators were found in Macoupin County, thus the tornado was rated EFU with an approximate path length of 0.63 miles. Overall, the path length was 4.31 miles.","During the afternoon and evening of April 18, 2024, discrete supercell thunderstorms developed along a cold front moving through the bi-state area. These storms were initially mainly capable of producing large hail and damaging wind gusts, but become tornadic as additional thunderstorms formed along the front. Due to the additional thunderstorms storms congealed into a QLCS that impacted portions of southwestern Illinois. The QLCS was responsible for several tornadoes and instances of straight line wind damage in this part of the area. Fortunately, no injuries or fatalities were reported with these thunderstorms.",413
1172626,ST. LOUIS CO.,ALLENTON,04/18/2024,1630,Tornado, ,EF0,0,0,0,0,MO,CST-6, ,190693,C,189,LSX,0,0,NWS Storm Survey, ,0.49,10,3,S,3,SSE,ALLENTON,04/18/2024,1631,38.464,-90.665,38.463,-90.657,"The tornado touched down in a subdivision southwest of Eureka in rural St. Louis County where it caused minor tree damage.","During the afternoon and evening of April 18, 2024, discrete supercell thunderstorms developed along a cold front moving through the bi-state area. These storms were initially capable of producing large hail and damaging wind gusts, but became tornadic as additional thunderstorms formed along the front. Due to the additional thunderstorms, storms congealed into a QLCS that impacted the St. Louis metro area. The QLCS was responsible for a tornado and straight line wind damage in this area. Fortunately, no injuries or fatalities were reported with these thunderstorms.",414
1172632,JEFFERSON CO.,HOENE SPG,04/18/2024,1631,Tornado, ,EF1,0,0,100000,0,MO,CST-6, ,190693,C,99,LSX,0,0,NWS Storm Survey, ,7.29,40,2,WNW,1,SSE,HIGH RIDGE,04/18/2024,1639,38.463,-90.657,38.456,-90.523,"The tornado touched down in a subdivision southwest of Eureka in rural St. Louis County where it caused minor tree damage.  The tornado moved east across the Meramec River into Jefferson County where it damaged two large metal outbuildings and snapped wooden electrical poles on Twin River Rd Between the Meramec and Big Rivers.  The tornado continued to the east where it caused tree damage before lifting southeast of High Ridge.","During the afternoon and evening of April 18, 2024, discrete supercell thunderstorms developed along a cold front moving through the bi-state area. These storms were initially capable of producing large hail and damaging wind gusts, but became tornadic as additional thunderstorms formed along the front. Due to the additional thunderstorms, storms congealed into a QLCS that impacted the St. Louis metro area. The QLCS was responsible for a tornado and straight line wind damage in this area. Fortunately, no injuries or fatalities were reported with these thunderstorms.",415
1173221,JERSEY CO.,KEMPER,04/18/2024,1636,Tornado, ,EFU,0,0,0,0,IL,CST-6, ,190706,C,83,LSX,0,0,NWS Storm Survey, ,0.02,10,1,WSW,1,WSW,KEMPER,04/18/2024,1637,39.2156,-90.1817,39.2158,-90.1815,"No damage was found but there was a trained spotter report of a brief tornado touchdown approximately nine tenths of a mile west of Kemper, just north of Appletree Road N. The approximate path length is 0.02 miles.","During the afternoon and evening of April 18, 2024, discrete supercell thunderstorms developed along a cold front moving through the bi-state area. These storms were initially mainly capable of producing large hail and damaging wind gusts, but become tornadic as additional thunderstorms formed along the front. Due to the additional thunderstorms storms congealed into a QLCS that impacted portions of southwestern Illinois. The QLCS was responsible for several tornadoes and instances of straight line wind damage in this part of the area. Fortunately, no injuries or fatalities were reported with these thunderstorms.",416
1172681,MACOUPIN CO.,STANDARD CITY,04/18/2024,1652,Tornado, ,EF1,0,0,50000,0,IL,CST-6, ,190706,C,117,LSX,0,0,NWS Storm Survey, ,0.23,75,3,S,3,N,WOMAC,04/18/2024,1653,39.31,-89.791,39.307,-89.788,"A brief, weak tornado touched down 2.7 miles south of Standard City, to the west of Standard City Road. crossing Standard City Road. In this location it caused moderate roof damage to three farm buildings before moving to the south southeast. It crossed Standard City Road and broke several large limbs off of trees before lifting and dissipating. Overall, the tornado was rated EF1 (max wind speed of 95 mph) with a path length of 0.23 miles and a max path width of 75 yards. No deaths or injuries were reported.","During the afternoon and evening of April 18, 2024, discrete supercell thunderstorms developed along a cold front moving through the bi-state area. These storms were initially mainly capable of producing large hail and damaging wind gusts, but become tornadic as additional thunderstorms formed along the front. Due to the additional thunderstorms storms congealed into a QLCS that impacted portions of southwestern Illinois. The QLCS was responsible for several tornadoes and instances of straight line wind damage in this part of the area. Fortunately, no injuries or fatalities were reported with these thunderstorms.",417
1172682,MADISON CO.,STALLINGS,04/18/2024,1652,Tornado, ,EF0,0,0,0,0,IL,CST-6, ,190706,C,119,LSX,0,0,NWS Storm Survey, ,0.91,100,1,SSE,2,SE,STALLINGS,04/18/2024,1653,38.706,-90.06,38.706,-90.044,"A weak tornado touched down just east of Horseshoe Lake and moved along Arlington Road. The damage was confined to tree limbs before lifting and dissipating near Hanson Drive. Overall, the tornado was rated EF0 with a path length of 0.91 miles and a max path width of 100 yards. No deaths or injuries were reported.","During the afternoon and evening of April 18, 2024, discrete supercell thunderstorms developed along a cold front moving through the bi-state area. These storms were initially mainly capable of producing large hail and damaging wind gusts, but become tornadic as additional thunderstorms formed along the front. Due to the additional thunderstorms storms congealed into a QLCS that impacted portions of southwestern Illinois. The QLCS was responsible for several tornadoes and instances of straight line wind damage in this part of the area. Fortunately, no injuries or fatalities were reported with these thunderstorms.",418
1172688,MADISON CO.,MIDWAY,04/18/2024,1657,Tornado, ,EF1,0,0,100000,0,IL,CST-6, ,190706,C,119,LSX,0,0,NWS Storm Survey, ,3.14,75,1,NNW,1,S,PRAIRIETOWN,04/18/2024,1701,38.947,-89.976,38.95,-89.919,"A tornado touched down near Cooper Road, 4.3 miles northeast of Bethalto, damaging the roof on two farm buildings. Then it tracked to the east-northeast crossing Illinois Route 159. In this location, it caused considerable damage to two out buildings as well as trees and fences. It continued to the east northeast for another 2.7 miles before crossing Prairietown Road, causing minor roof damage to a house and major damage to an outbuilding, before lifting and dissipating. Overall, the tornado was rated EF1 (max wind speed of 95 mph) with a path length of 3.14 miles and a max path width of 75 yards. No deaths or injuries were reported.","During the afternoon and evening of April 18, 2024, discrete supercell thunderstorms developed along a cold front moving through the bi-state area. These storms were initially mainly capable of producing large hail and damaging wind gusts, but become tornadic as additional thunderstorms formed along the front. Due to the additional thunderstorms storms congealed into a QLCS that impacted portions of southwestern Illinois. The QLCS was responsible for several tornadoes and instances of straight line wind damage in this part of the area. Fortunately, no injuries or fatalities were reported with these thunderstorms.",419
1172694,ST. CLAIR CO.,PARKFIELD TERRACE,04/18/2024,1658,Tornado, ,EF0,0,0,10000,0,IL,CST-6, ,190706,C,163,LSX,0,0,NWS Storm Survey, ,1.09,35,0,NE,1,ENE,STOLLE,04/18/2024,1659,38.552,-90.177,38.554,-90.157,"A tornado touched down near Reiber Drive on The Prairies Golf Club, snapping off or uprooting several large trees there and in a nearby subdivision. One of the uprooted trees landed on a house causing moderate roof damage. The tornado tracked to the east crossing Camp Jackson Road and I-255. Some more tree damage occurred on Lynn Street, just east of I-255, before lifting and dissipating. Overall, the tornado was rated EF0 (max wind speed of 76 mph) with a path length of 1.09 miles and a max path width of 35 yards. No deaths or injuries were reported.","During the afternoon and evening of April 18, 2024, discrete supercell thunderstorms developed along a cold front moving through the bi-state area. These storms were initially mainly capable of producing large hail and damaging wind gusts, but become tornadic as additional thunderstorms formed along the front. Due to the additional thunderstorms storms congealed into a QLCS that impacted portions of southwestern Illinois. The QLCS was responsible for several tornadoes and instances of straight line wind damage in this part of the area. Fortunately, no injuries or fatalities were reported with these thunderstorms.",420
1172691,MADISON CO.,TROY,04/18/2024,1709,Tornado, ,EF0,0,0,5000,0,IL,CST-6, ,190706,C,119,LSX,0,0,NWS Storm Survey, ,0.33,75,3,NE,3,NE,TROY,04/18/2024,1710,38.752,-89.831,38.754,-89.826,"A tornado touched down along Lower Marine Road, around 3 miles northeast of Troy. It snapped off numerous tree limbs and uprooted several large trees as it tracked northeast along Lower Marine Road. One residence sustained minor roof damage. The tornado lifted and dissipated just west of Silver Creek. Overall, the was rated EF0 (max wind speed of 80 mph) with a path length of 0.33 miles and a max path width of 75 yards. No deaths or injuries were reported.","During the afternoon and evening of April 18, 2024, discrete supercell thunderstorms developed along a cold front moving through the bi-state area. These storms were initially mainly capable of producing large hail and damaging wind gusts, but become tornadic as additional thunderstorms formed along the front. Due to the additional thunderstorms storms congealed into a QLCS that impacted portions of southwestern Illinois. The QLCS was responsible for several tornadoes and instances of straight line wind damage in this part of the area. Fortunately, no injuries or fatalities were reported with these thunderstorms.",421
1172693,MADISON CO.,MARINE,04/18/2024,1713,Tornado, ,EF0,0,0,10000,0,IL,CST-6, ,190706,C,119,LSX,0,0,NWS Storm Survey, ,4.37,100,2,NW,3,ENE,MARINE,04/18/2024,1716,38.798,-89.808,38.804,-89.728,"A tornado touched down on Loos Road, about 1.7 miles northwest of Marine. In this location it blew down several tree limbs, metal canopy off a roof and blew shed doors down. It then tracked to the east northeast crossing Illinois Route 4, then crossed Pocahontas Road. It snapped off a large pine tree before lifting and dissipating on Brothers Lane just west of Buffalo Road. Overall, the was rated EF0 (max wind speed of 74 mph) with a path length of 4.37 miles and a max path width of 100 yards. No deaths or injuries were reported.","During the afternoon and evening of April 18, 2024, discrete supercell thunderstorms developed along a cold front moving through the bi-state area. These storms were initially mainly capable of producing large hail and damaging wind gusts, but become tornadic as additional thunderstorms formed along the front. Due to the additional thunderstorms storms congealed into a QLCS that impacted portions of southwestern Illinois. The QLCS was responsible for several tornadoes and instances of straight line wind damage in this part of the area. Fortunately, no injuries or fatalities were reported with these thunderstorms.",422
1166919,LOGAN CO.,NARITA,04/18/2024,1818,Tornado, ,EF1,0,1,0,0,IL,CST-6, ,189853,C,107,ILX,0,0,NWS Storm Survey, ,3.77,200,1,SSE,1,E,LATHAM,04/18/2024,1823,39.96,-89.22,39.97,-89.15,"The tornado touched down about three mile west-southwest of Latham where it snapped off around 10 trees. The tornado was eventually sighted by a spotter about a half mile southwest of Latham, damaging some trees by a home and scouring the ground in the field as it headed toward Latham. The damage in Latham was mainly to trees, with one business having its roof blown off. The tornado dissipated on the east side of Latham at Highway 121. A semi truck was overturned on Route 121, resulting in minor injuries to the driver.","A slow moving frontal system aided the development of supercell thunderstorms by mid-afternoon, which eventually grew upscale into a line segment as they progressed across central and southeastern Illinois during the evening. A total of four tornadoes occurred across Logan and Macon counties in central Illinois. One injury occurred in Logan County when a semi-truck was blown over by one of the tornadoes. In addition to the tornadoes, scattered wind damage also occurred.",423
1166921,LOGAN CO.,LATHAM,04/18/2024,1823,Tornado, ,EF1,0,0,0,0,IL,CST-6, ,189853,C,107,ILX,0,0,NWS Storm Survey, ,0.89,300,1,SSE,2,SE,LATHAM,04/18/2024,1824,39.95,-89.16,39.947,-89.1437,"The tornado touched down just east of the intersection of 2300th Avenue and 200th Street, about 1.5 miles south-southeast of Latham in Logan County, where it produced damage to the roof of an outbuilding. The tornado continued east, crossing into Macon County at the intersection of 2400th Avenue and Heman Street, about two miles southeast of Latham. The tornado eventually dissipated 0.9 miles west of Heman. Softwood and hardwood trees were uprooted along 2400th Avenue, which is the county line between Logan and Macon counties.","A slow moving frontal system aided the development of supercell thunderstorms by mid-afternoon, which eventually grew upscale into a line segment as they progressed across central and southeastern Illinois during the evening. A total of four tornadoes occurred across Logan and Macon counties in central Illinois. One injury occurred in Logan County when a semi-truck was blown over by one of the tornadoes. In addition to the tornadoes, scattered wind damage also occurred.",424
1166922,MACON CO.,HEMAN,04/18/2024,1824,Tornado, ,EF1,0,0,0,0,IL,CST-6, ,189853,C,115,ILX,0,0,NWS Storm Survey, ,1.26,300,2,SSW,2,SSE,HEMAN,04/18/2024,1825,39.947,-89.1437,39.947,-89.12,"The tornado began in Logan County, about 1.5 miles south-southeast of Latham. It progressed east into Macon County, entering the county at the intersection of 2400th Avenue and Heman Street, about 1.75 miles south-southwest of Heman. The tornado uprooted softwood and hardwood trees along 2400th Avenue, which is the county line between Logan and Macon counties. As the tornado progressed east along Heman Street it produced extensive damage to several outbuildings, including knocking down several walls and throwing debris for a mile downstream. The tornado snapped some trees and damaged an outbuilding on 500E Road before dissipating a few hundred yards east of there.","A slow moving frontal system aided the development of supercell thunderstorms by mid-afternoon, which eventually grew upscale into a line segment as they progressed across central and southeastern Illinois during the evening. A total of four tornadoes occurred across Logan and Macon counties in central Illinois. One injury occurred in Logan County when a semi-truck was blown over by one of the tornadoes. In addition to the tornadoes, scattered wind damage also occurred.",425
1166923,MACON CO.,WARRENSBURG,04/18/2024,1827,Tornado, ,EF1,0,0,0,0,IL,CST-6, ,189853,C,115,ILX,0,0,NWS Storm Survey, ,3.71,200,1,W,3,E,WARRENSBURG,04/18/2024,1832,39.93,-89.09,39.93,-89.02,"The tornado began about one mile west of Warrensburg along North Kenney Road. It was photographed by the fire chief from Warrensburg as it approached town. The tornado produced roof damage to several homes and damaged numerous trees in Warrensburg. It then traveled along west Illiniwick Road, snapping a couple of large trees before dissipating about a half mile east of north Wyckles Road, which was about 2.5 miles east of Warrensburg.","A slow moving frontal system aided the development of supercell thunderstorms by mid-afternoon, which eventually grew upscale into a line segment as they progressed across central and southeastern Illinois during the evening. A total of four tornadoes occurred across Logan and Macon counties in central Illinois. One injury occurred in Logan County when a semi-truck was blown over by one of the tornadoes. In addition to the tornadoes, scattered wind damage also occurred.",426
1166924,MACON CO.,EMERY,04/18/2024,1837,Tornado, ,EF1,0,0,0,0,IL,CST-6, ,189853,C,115,ILX,0,0,NWS Storm Survey, ,7.19,500,2,SW,1,WNW,ARGENTA,04/18/2024,1845,39.96,-88.97,39.99,-88.84,"The tornado began two miles north of Forsyth along east Wise Road, damaging numerous trees around a residence. It progressed eastward, damaging grain bins and six power poles just east of Highway 51 along and north of Wise Road. The tornado continued east along east Wise Road and east Emery Road as it progressed towards Argenta. A semi-truck was blown over on Emery Road near Route 51. Debris was strewn all along the path into the adjacent fields. The tornado eventually dissipated about one mile west of Argenta.","A slow moving frontal system aided the development of supercell thunderstorms by mid-afternoon, which eventually grew upscale into a line segment as they progressed across central and southeastern Illinois during the evening. A total of four tornadoes occurred across Logan and Macon counties in central Illinois. One injury occurred in Logan County when a semi-truck was blown over by one of the tornadoes. In addition to the tornadoes, scattered wind damage also occurred.",427
1177769,ANCHORAGE MUNI TO BIRD CREEK CO.,ANCHORAGE,04/19/2024,1913,Tornado, ,EF0,0,0,0,0,AK,AKST-9, ,191285,C,101,AFC,0,0,Trained Spotter, ,0.01,1,10,SE,10,SE,ANCHORAGE,04/19/2024,1913,61.13,-149.66,61.13,-149.66,"Weak landspout observed near Rusty Point.","A weak landspout was observed near Rusty Point, AK, by a member of the general public in Anchorage. A lenticular cloud was noted over the mountain peak at the time, which was attached to the landspout. With no radar available to aid in the landspout's diagnosis, it is theorized that downsloping winds, enhanced by south and southeasterly winds, created an area of wind shear in a topographically varying region, which was then lifted vertically with an upslope flow, thus producing the observed landspout.",428
1170327,GOSHEN CO.,HUNTLEY,04/25/2024,1415,Tornado, ,EFU,0,0,0,0,WY,MST-7, ,189575,C,15,CYS,0,0,Trained Spotter, ,0.92,20,3,ESE,4,E,HUNTLEY,04/25/2024,1425,41.92,-104.09,41.9304,-104.0787,"Numerous reports of a funnel cloud with occasional ground circulation between Huntley and Lyman. Storm was mostly stationary.","Numerous strong to severe thunderstorms develop across southeast Wyoming on the afternoon of the 25th. One storm, which formed along a stationary boundary near the Wyoming/Nebraska border, ended up producing a brief, stationary tornado between Huntley and Lyman along with golf ball hail.",429
1165305,WASHINGTON CO.,ELBA,04/25/2024,1425,Tornado, ,EFU,0,0,0,0,CO,MST-7, ,189463,C,121,BOU,0,0,County Official, ,0.25,50,11,WNW,11,WNW,ELBA,04/25/2024,1426,39.97,-103.37,39.97,-103.37,"WY-Comms reported a tornado south of Akron at 3:25 PM MDT. Multiple reports on social |media reported a tornado SW of Akron. Webcams show tornado at 3:26 PM MDT. Tornado briefly touched down over an open field. No reports of damage.","A severe thunderstorm developed near Holyoke and produced hail up to 2 inches in diameter. Also, a brief tornado develop south of Akron.",430
1175146,CHEYENNE CO.,BIRD CITY ARPT,04/25/2024,1545,Tornado, ,EFU,0,0,0,0,KS,CST-6, ,190840,C,23,GLD,0,0,Storm Chaser, ,0.01,10,9,SSW,9,SSW,BIRD CITY ARPT,04/25/2024,1548,39.6088,-101.5899,39.6089,-101.5898,"Brief, small tornado reported south of CR D between CR 25 and 26.  No damage was reported.","In the early afternoon of the 25th, multiple storms formed in northwestern Kansas and moved north-northeast. There were multiple clusters, or waves, of storms throughout the afternoon to overnight hours. These storms produced 3 inch diameter hail, 70 MPH thunderstorm wind gusts, and a tornado.",431
1175143,YUMA CO.,CLARKVILLE,04/25/2024,1629,Tornado, ,EFU,0,0,0,0,CO,MST-7, ,190730,C,125,GLD,0,0,Storm Chaser, ,0.22,100,8,E,8,E,CLARKVILLE,04/25/2024,1631,40.3999,-102.4699,40.4023,-102.4672,"Tornado captured on video northeast of the CR U and 57 intersection.  No damage was reported due to the tornado remaining over open fields.","In the early afternoon of the 25, multiple storms formed in eastern Colorado and northwestern Kansas and moved north-northeast. There were multiple clusters, or waves, of storms throughout the afternoon to overnight hours. These storms produced 1.75 Inch Diameter Hail, and Landspouts.",432
1177375,YUMA CO.,CLARKVILLE,04/25/2024,1715,Tornado, ,EFU,0,0,0,0,CO,MST-7, ,190730,C,125,GLD,0,0,Storm Chaser, ,0.04,100,6,E,6,E,CLARKVILLE,04/25/2024,1718,40.3674,-102.5126,40.3679,-102.5122,"Landspout tornado visible for several minutes located approximately north of CR 55 and S.  Based on video the landspout remained nearly stationary.  No damage was reported.","In the early afternoon of the 25, multiple storms formed in eastern Colorado and northwestern Kansas and moved north-northeast. There were multiple clusters, or waves, of storms throughout the afternoon to overnight hours. These storms produced 1.75 Inch Diameter Hail, and Landspouts.",433
1173240,CLEVELAND CO.,STELLA,04/26/2024,349,Tornado, ,EF0,0,0,10000,0,OK,CST-6, ,189848,C,27,OUN,0,0,NWS Storm Survey, ,0.54,30,2,ESE,2,ESE,STELLA,04/26/2024,350,35.306,-97.177,35.312,-97.171,"A tornado developed from a QLCS (Quasi-Linear Convective System) in northeast Cleveland County to the east-southeast of Stella. One mobile home had roof damage and trees were damaged along the path.","During the early morning of the 26th, ahead of a strong upper wave passage, a quasi-linear convective system (QLCS) developed across portions of central into eastern Oklahoma. Despite strong kinematics (wind shear) in place, the initial phase of the linear complex was rather benign (in terms of severe weather outcomes). However, as the complex overspread the Interstate 35 corridor, organization increased rapidly, including the development of several strong mesovortices. A cluster of weak tornadoes and wind damage occurred across portions of east-central Oklahoma, associated with these mesovortices. By the afternoon, while stronger synoptic support had lifted into portions of the Missouri Valley, strong convergence along a trailing boundary/pseudo-dryline promoted development of a few transient storms. A report of small hail was received with one of these storms across Seminole County.",434
1173241,POTTAWATOMIE CO.,PINK,04/26/2024,352,Tornado, ,EF0,0,0,5000,0,OK,CST-6, ,189848,C,125,OUN,0,0,NWS Storm Survey, ,2.4,40,5,NNW,5,WSW,DALE,04/26/2024,355,35.333,-97.141,35.364,-97.125,"Two nearly-simultaneous tornadoes occurred in northwestern Pottawatomie County from a QLCS storm. The first one developed just east of the Cleveland-Pottawatomie County line along Lake Road and moved northeast and then north dissipating or merging with a second tornado near Fishmarket Road and Oakridge Lane. Two barns had siding damage, but otherwise damage was primarily to trees along the path.","During the early morning of the 26th, ahead of a strong upper wave passage, a quasi-linear convective system (QLCS) developed across portions of central into eastern Oklahoma. Despite strong kinematics (wind shear) in place, the initial phase of the linear complex was rather benign (in terms of severe weather outcomes). However, as the complex overspread the Interstate 35 corridor, organization increased rapidly, including the development of several strong mesovortices. A cluster of weak tornadoes and wind damage occurred across portions of east-central Oklahoma, associated with these mesovortices. By the afternoon, while stronger synoptic support had lifted into portions of the Missouri Valley, strong convergence along a trailing boundary/pseudo-dryline promoted development of a few transient storms. A report of small hail was received with one of these storms across Seminole County.",435
1173242,CLEVELAND CO.,STELLA,04/26/2024,353,Tornado, ,EF1,0,0,1000,0,OK,CST-6, ,189848,C,27,OUN,0,0,NWS Storm Survey, ,0.05,30,4,ENE,4,ENE,STELLA,04/26/2024,353,35.352,-97.143,35.352,-97.143,"Two nearly-simultaneous tornadoes occurred in northwestern Pottawatomie County from a QLCS storm. The second tornado developed just inside Cleveland County before moving quickly into Pottawatomie County. Tree damage was observed at the county line as the tornado moved into Pottawatomie County, but the grove of trees in Cleveland County was not accessible to the survey team.","During the early morning of the 26th, ahead of a strong upper wave passage, a quasi-linear convective system (QLCS) developed across portions of central into eastern Oklahoma. Despite strong kinematics (wind shear) in place, the initial phase of the linear complex was rather benign (in terms of severe weather outcomes). However, as the complex overspread the Interstate 35 corridor, organization increased rapidly, including the development of several strong mesovortices. A cluster of weak tornadoes and wind damage occurred across portions of east-central Oklahoma, associated with these mesovortices. By the afternoon, while stronger synoptic support had lifted into portions of the Missouri Valley, strong convergence along a trailing boundary/pseudo-dryline promoted development of a few transient storms. A report of small hail was received with one of these storms across Seminole County.",436
1173243,POTTAWATOMIE CO.,DALE,04/26/2024,353,Tornado, ,EF1,0,0,5000,0,OK,CST-6, ,189848,C,125,OUN,0,0,NWS Storm Survey, ,1.88,75,6,WSW,4,WSW,DALE,04/26/2024,356,35.352,-97.143,35.369,-97.117,"Two nearly-simultaneous tornadoes occurred in northwestern Pottawatomie County from a QLCS storm. The second tornado developed just inside Cleveland County before moving quickly into Pottawatomie County. Trees were snapped and a house received damage to shingles along and just east of the county line in Pottawatomie County. The tornado moved generally northeast producing tree damage and it may have merged with the first tornado near Fishmarket Road and Oakridge Lane. The tornado continued northeast for a little over 0.5 miles continuing to produce tree damage until it dissipated east of Lakewood Circle.","During the early morning of the 26th, ahead of a strong upper wave passage, a quasi-linear convective system (QLCS) developed across portions of central into eastern Oklahoma. Despite strong kinematics (wind shear) in place, the initial phase of the linear complex was rather benign (in terms of severe weather outcomes). However, as the complex overspread the Interstate 35 corridor, organization increased rapidly, including the development of several strong mesovortices. A cluster of weak tornadoes and wind damage occurred across portions of east-central Oklahoma, associated with these mesovortices. By the afternoon, while stronger synoptic support had lifted into portions of the Missouri Valley, strong convergence along a trailing boundary/pseudo-dryline promoted development of a few transient storms. A report of small hail was received with one of these storms across Seminole County.",437
1173843,POTTAWATOMIE CO.,SHAWNEE,04/26/2024,405,Tornado, ,EF0,0,0,30000,0,OK,CST-6, ,189848,C,125,OUN,0,0,NWS Storm Survey, ,2.4,50,3,WNW,3,NNW,SHAWNEE,04/26/2024,408,35.356,-96.969,35.377,-96.936,"A tornado developed southwest of US Highway 177 and Acme Road and moved northeast through the northwestern portion of Shawnee. A few homes had shingle damage and there were some sheds, fences, metal buildings, trees and power poles damaged along the path.","During the early morning of the 26th, ahead of a strong upper wave passage, a quasi-linear convective system (QLCS) developed across portions of central into eastern Oklahoma. Despite strong kinematics (wind shear) in place, the initial phase of the linear complex was rather benign (in terms of severe weather outcomes). However, as the complex overspread the Interstate 35 corridor, organization increased rapidly, including the development of several strong mesovortices. A cluster of weak tornadoes and wind damage occurred across portions of east-central Oklahoma, associated with these mesovortices. By the afternoon, while stronger synoptic support had lifted into portions of the Missouri Valley, strong convergence along a trailing boundary/pseudo-dryline promoted development of a few transient storms. A report of small hail was received with one of these storms across Seminole County.",438
1173844,POTTAWATOMIE CO.,JOHNSON,04/26/2024,428,Tornado, ,EF1,0,0,15000,0,OK,CST-6, ,189848,C,125,OUN,0,0,NWS Storm Survey, ,1.6,70,10,ENE,11,ENE,JOHNSON,04/26/2024,430,35.447,-96.675,35.463,-96.656,"This tornado developed west of US Highway 377 near Hazel Dell Road and moved northeast crossing into Lincoln County about one mile east of US Highway 377. Damage in Pottawatomie County was primarily to trees, although at least one home along US-377 received some roof damage.","During the early morning of the 26th, ahead of a strong upper wave passage, a quasi-linear convective system (QLCS) developed across portions of central into eastern Oklahoma. Despite strong kinematics (wind shear) in place, the initial phase of the linear complex was rather benign (in terms of severe weather outcomes). However, as the complex overspread the Interstate 35 corridor, organization increased rapidly, including the development of several strong mesovortices. A cluster of weak tornadoes and wind damage occurred across portions of east-central Oklahoma, associated with these mesovortices. By the afternoon, while stronger synoptic support had lifted into portions of the Missouri Valley, strong convergence along a trailing boundary/pseudo-dryline promoted development of a few transient storms. A report of small hail was received with one of these storms across Seminole County.",439
1173846,LINCOLN CO.,PRAGUE,04/26/2024,430,Tornado, ,EF1,0,0,5000,0,OK,CST-6, ,189848,C,81,OUN,0,0,NWS Storm Survey, ,2.5,400,3,SE,4,E,PRAGUE,04/26/2024,433,35.463,-96.656,35.487,-96.624,"This tornado moved into Lincoln County from Pottawatomie County and produced tree damage southeast of Prague before moving into Okfuskee County south of US Highway 62. See information for Eastern Oklahoma from the NWS Tulsa for the Okfuskee County portion of this tornado.","During the early morning of the 26th, ahead of a strong upper wave passage, a quasi-linear convective system (QLCS) developed across portions of central into eastern Oklahoma. Despite strong kinematics (wind shear) in place, the initial phase of the linear complex was rather benign (in terms of severe weather outcomes). However, as the complex overspread the Interstate 35 corridor, organization increased rapidly, including the development of several strong mesovortices. A cluster of weak tornadoes and wind damage occurred across portions of east-central Oklahoma, associated with these mesovortices. By the afternoon, while stronger synoptic support had lifted into portions of the Missouri Valley, strong convergence along a trailing boundary/pseudo-dryline promoted development of a few transient storms. A report of small hail was received with one of these storms across Seminole County.",440
1187308,LINCOLN CO.,PRAGUE,04/26/2024,431,Tornado, ,EF0,0,0,10000,0,OK,CST-6, ,189848,C,81,OUN,0,0,Emergency Manager, ,0.2,30,3,NNE,3,NNE,PRAGUE,04/26/2024,431,35.528,-96.677,35.528,-96.677,"A home received roof damage from this brief tornado.","During the early morning of the 26th, ahead of a strong upper wave passage, a quasi-linear convective system (QLCS) developed across portions of central into eastern Oklahoma. Despite strong kinematics (wind shear) in place, the initial phase of the linear complex was rather benign (in terms of severe weather outcomes). However, as the complex overspread the Interstate 35 corridor, organization increased rapidly, including the development of several strong mesovortices. A cluster of weak tornadoes and wind damage occurred across portions of east-central Oklahoma, associated with these mesovortices. By the afternoon, while stronger synoptic support had lifted into portions of the Missouri Valley, strong convergence along a trailing boundary/pseudo-dryline promoted development of a few transient storms. A report of small hail was received with one of these storms across Seminole County.",441
1175393,OKFUSKEE CO.,PADEN,04/26/2024,433,Tornado, ,EF1,0,0,0,0,OK,CST-6, ,190089,C,107,TSA,0,0,NWS Storm Survey, ,5.8,500,3,WSW,4,N,PADEN,04/26/2024,439,35.487,-96.624,35.5541,-96.5625,"This is the third segment of a three-segment tornado that developed south of Prague in Pottawatomie County, moved northeast across the southeastern portion of Lincoln County, and finally moved into Okfuskee County southwest of Paden, just south of Highway 62. The tornado dissipated north of Paden. It uprooted trees and snapped large tree limbs in Okfuskee County. Based on this damage, maximum estimated wind in this segment of the tornado was 90 to 100 mph.","Strong to severe thunderstorms developed along a dry line across northwest Texas and western Oklahoma during the late evening hours of the 25th, as a strong upper level disturbance translated into the Southern Plains. The storms moved east across Oklahoma during the early morning hours of the 26th, evolving into a squall line before reaching eastern Oklahoma. This complex of thunderstorms moved through eastern Oklahoma during the morning of the 26th, producing several tornadoes and damaging wind gusts. ||Another round of thunderstorms developed into eastern Oklahoma during the afternoon hours of the 26th, as a dry line approached the area from the west. The strongest of these thunderstorms produced large hail up to ping pong ball size and damaging wind gusts.",442
1175396,OKMULGEE CO.,MURDELL,04/26/2024,518,Tornado, ,EF1,0,0,25000,0,OK,CST-6, ,190089,C,111,TSA,0,0,NWS Storm Survey, ,6.9,650,2,WSW,3,NE,OKMULGEE ARPT,04/26/2024,525,35.656,-96.0096,35.6992,-95.8992,"This tornado snapped or uprooted numerous trees, damaged an outbuilding, damaged the roofs of a couple homes, and blew down power poles. Based on this damage, maximum estimated wind in the tornado was 100 to 110 mph.","Strong to severe thunderstorms developed along a dry line across northwest Texas and western Oklahoma during the late evening hours of the 25th, as a strong upper level disturbance translated into the Southern Plains. The storms moved east across Oklahoma during the early morning hours of the 26th, evolving into a squall line before reaching eastern Oklahoma. This complex of thunderstorms moved through eastern Oklahoma during the morning of the 26th, producing several tornadoes and damaging wind gusts. ||Another round of thunderstorms developed into eastern Oklahoma during the afternoon hours of the 26th, as a dry line approached the area from the west. The strongest of these thunderstorms produced large hail up to ping pong ball size and damaging wind gusts.",443
1175398,PITTSBURG CO.,NORTH MC ALESTER,04/26/2024,622,Tornado, ,EF1,0,0,50000,0,OK,CST-6, ,190089,C,121,TSA,0,0,Emergency Manager, ,1.7,250,1,WSW,1,NNE,NORTH MC ALESTER,04/26/2024,624,34.9435,-95.7835,34.9615,-95.7636,"This tornado moved across the northwest side of McAlester, damaging the roofs of homes, uprooting trees, and snapping power poles. Based on this damage, maximum estimated wind in the tornado was 85 to 95 mph.","Strong to severe thunderstorms developed along a dry line across northwest Texas and western Oklahoma during the late evening hours of the 25th, as a strong upper level disturbance translated into the Southern Plains. The storms moved east across Oklahoma during the early morning hours of the 26th, evolving into a squall line before reaching eastern Oklahoma. This complex of thunderstorms moved through eastern Oklahoma during the morning of the 26th, producing several tornadoes and damaging wind gusts. ||Another round of thunderstorms developed into eastern Oklahoma during the afternoon hours of the 26th, as a dry line approached the area from the west. The strongest of these thunderstorms produced large hail up to ping pong ball size and damaging wind gusts.",444
1174746,BUFFALO CO.,RAVENNA,04/26/2024,1116,Tornado, ,EF1,0,0,70000,0,NE,CST-6, ,190488,C,19,GID,0,0,NWS Storm Survey, ,2.32,175,3,ESE,3,ENE,RAVENNA,04/26/2024,1121,41.0188,-98.8736,41.05,-98.89,"This tornado was the first tornado of the day, starting east-southeast of Ravenna in Buffalo County and ending north of Ravenna in Sherman County. Damage started at an ethanol plant east of Ravenna, where minor damage occurred on a catwalk. The tornado moved north-northwest during its life cycle. The most significant damage was at a residence in southern Sherman County, where outbuildings were damaged or destroyed. The tornado was rated an EF1 with an estimated peak wind speed of 90 MPH, based upon damage to a power pole and the structures. The tornado faded away on or very near Highway 68 about three miles north of Ravenna in Sherman County.","On this Friday afternoon, south central Nebraska served as the launching point to what would end up being a significant/destructive regional tornado outbreak that impacted portions of south central and eastern Nebraska, into southwestern and south central Iowa. This event unfolded as a powerful upper trough, along with a surface low/trough, moved into the Central Plains. Locally, a northward-arcing warm front passed through south central and central Nebraska. Dewpoints were generally in the 50s and 60s during the early afternoon hours on April 26th across south central and central Nebraska. Most unstable CAPE was around 1,000 to 3,000 J/kg and wind shear was around 40 knots, setting the stage for tornado development within parts of Buffalo, Sherman and especially Howard and Greeley counties. ||Storms already began developing in south central and central Nebraska during the late morning hours. The storms began by producing nickel sized hail in Sherman County just after 12 PM CDT. The first tornado of the day developed around 12:16 PM CDT from a supercell moving across northern Buffalo County into Sherman County and was rated as an EF1. This storm moved northward and split into two storms with the second storm on the right becoming stronger and continuing to move north northeast. These two storms produced a total of six tornadoes in Buffalo, Sherman, Howard, and Greeley Counties. The last tornado of the day developed in Greeley County just after 2 PM CDT and moved northeastward before exiting this local area into Boone County (which is located in the Eastern Nebraska area). The strongest tornado within the south central Nebraska area was rated an EF3, passing very near Elba in Howard County (this was the strongest tornado to strike the 24-county area in nearly 10 years...since EF-3 tornadoes on May 11, 2014). Other storms developed and produced hail. The largest hail was golf ball sized which fell in Howard County around 1:15 PM CDT. Prior to departing the local area, they produced quarter sized hail in Nance County just after 3 PM CDT.",445
1174752,SHERMAN CO.,ROCKVILLE,04/26/2024,1121,Tornado, ,EF1,0,0,70000,0,NE,CST-6, ,190488,C,163,GID,0,0,NWS Storm Survey, ,2.35,175,5,SSW,5,SW,ROCKVILLE,04/26/2024,1131,41.05,-98.89,41.0752,-98.9202,"This tornado was the first tornado of the day, starting east-southeast of Ravenna in Buffalo County and ending north of Ravenna in Sherman County. Damage started at an ethanol plant east of Ravenna, where minor damage occurred on a catwalk. The tornado moved north-northwest during its life cycle. The most significant damage was at a residence in southern Sherman County, where outbuildings were damaged or destroyed. The tornado was rated an EF1 with an estimated peak wind speed of 90 MPH, based upon damage to a power pole and the structures. The tornado faded away on or very near Highway 68 about three miles north of Ravenna in Sherman County.","On this Friday afternoon, south central Nebraska served as the launching point to what would end up being a significant/destructive regional tornado outbreak that impacted portions of south central and eastern Nebraska, into southwestern and south central Iowa. This event unfolded as a powerful upper trough, along with a surface low/trough, moved into the Central Plains. Locally, a northward-arcing warm front passed through south central and central Nebraska. Dewpoints were generally in the 50s and 60s during the early afternoon hours on April 26th across south central and central Nebraska. Most unstable CAPE was around 1,000 to 3,000 J/kg and wind shear was around 40 knots, setting the stage for tornado development within parts of Buffalo, Sherman and especially Howard and Greeley counties. ||Storms already began developing in south central and central Nebraska during the late morning hours. The storms began by producing nickel sized hail in Sherman County just after 12 PM CDT. The first tornado of the day developed around 12:16 PM CDT from a supercell moving across northern Buffalo County into Sherman County and was rated as an EF1. This storm moved northward and split into two storms with the second storm on the right becoming stronger and continuing to move north northeast. These two storms produced a total of six tornadoes in Buffalo, Sherman, Howard, and Greeley Counties. The last tornado of the day developed in Greeley County just after 2 PM CDT and moved northeastward before exiting this local area into Boone County (which is located in the Eastern Nebraska area). The strongest tornado within the south central Nebraska area was rated an EF3, passing very near Elba in Howard County (this was the strongest tornado to strike the 24-county area in nearly 10 years...since EF-3 tornadoes on May 11, 2014). Other storms developed and produced hail. The largest hail was golf ball sized which fell in Howard County around 1:15 PM CDT. Prior to departing the local area, they produced quarter sized hail in Nance County just after 3 PM CDT.",446
1175244,MCLENNAN CO.,ERATH,04/26/2024,1123,Tornado, ,EF0,0,0,10000,0,TX,CST-6, ,190922,C,309,FWD,0,0,NWS Storm Survey, ,0.15,30,1,ESE,1,E,ERATH,04/26/2024,1124,31.6277,-97.2599,31.6291,-97.258,"A brief EF-0 tornado occurred along Wisdom Ct west of Waco. Fences were damaged and large tree limbs were broken. Maximum estimated winds were 80 mph.","A shortwave trough, dryline, and Pacific front all worked together to produce multiple rounds of thunderstorms Friday April 26 through Sunday April 28. All modes of severe weather took place across the region, along with multiple instances of flash flooding. 11 tornadoes occurred across McLennan, Hill, and Navarro counties on April 26th, and another 4 tornadoes occurred in Milam, Limestone and Freestone counties on April 28th.",447
1175246,MCLENNAN CO.,ERATH,04/26/2024,1126,Tornado, ,EF1,0,0,200000,0,TX,CST-6, ,190922,C,309,FWD,0,0,NWS Storm Survey, ,0.88,100,1,E,2,NNW,(ACT)MADISON-COOPER,04/26/2024,1129,31.6316,-97.2524,31.6398,-97.241,"A second tornado from the same supercell occurred west of Waco damaging neighborhoods on either side of Wortham Bend Road near China Spring Rd. Damage in these neighborhoods consisted of damaged trees, downed fences, broken windows, and mostly minor roof damage. One home lost most of the front part of its roof, and a few homes were impaled with flying fence panels. Maximum estimated winds were 95 mph.","A shortwave trough, dryline, and Pacific front all worked together to produce multiple rounds of thunderstorms Friday April 26 through Sunday April 28. All modes of severe weather took place across the region, along with multiple instances of flash flooding. 11 tornadoes occurred across McLennan, Hill, and Navarro counties on April 26th, and another 4 tornadoes occurred in Milam, Limestone and Freestone counties on April 28th.",448
1174758,SHERMAN CO.,ROCKVILLE,04/26/2024,1132,Tornado, ,EF1,0,0,200000,0,NE,CST-6, ,190488,C,163,GID,0,0,NWS Storm Survey, ,5.68,100,2,SE,4,NNE,ROCKVILLE,04/26/2024,1148,41.0951,-98.8275,41.177,-98.8171,"The second tornado of the day was first sighted out in a field south of Rockville, then moved north and cross the Middle Loup River. The tornado caused EF1 rated damage to a home and outbuildings just south of town. It then moved north along the east edge of Rockville and damaged trees, a couple of grain bins and outbuildings. It continued to move north roughly along Rockville Road and snapped several power poles. Based upon reports, the tornado likely dissipated in open country about four miles north of town. The EF1 rating and estimated peak wind speed of 105 MPH was assigned based upon the snapped power poles north of town.","On this Friday afternoon, south central Nebraska served as the launching point to what would end up being a significant/destructive regional tornado outbreak that impacted portions of south central and eastern Nebraska, into southwestern and south central Iowa. This event unfolded as a powerful upper trough, along with a surface low/trough, moved into the Central Plains. Locally, a northward-arcing warm front passed through south central and central Nebraska. Dewpoints were generally in the 50s and 60s during the early afternoon hours on April 26th across south central and central Nebraska. Most unstable CAPE was around 1,000 to 3,000 J/kg and wind shear was around 40 knots, setting the stage for tornado development within parts of Buffalo, Sherman and especially Howard and Greeley counties. ||Storms already began developing in south central and central Nebraska during the late morning hours. The storms began by producing nickel sized hail in Sherman County just after 12 PM CDT. The first tornado of the day developed around 12:16 PM CDT from a supercell moving across northern Buffalo County into Sherman County and was rated as an EF1. This storm moved northward and split into two storms with the second storm on the right becoming stronger and continuing to move north northeast. These two storms produced a total of six tornadoes in Buffalo, Sherman, Howard, and Greeley Counties. The last tornado of the day developed in Greeley County just after 2 PM CDT and moved northeastward before exiting this local area into Boone County (which is located in the Eastern Nebraska area). The strongest tornado within the south central Nebraska area was rated an EF3, passing very near Elba in Howard County (this was the strongest tornado to strike the 24-county area in nearly 10 years...since EF-3 tornadoes on May 11, 2014). Other storms developed and produced hail. The largest hail was golf ball sized which fell in Howard County around 1:15 PM CDT. Prior to departing the local area, they produced quarter sized hail in Nance County just after 3 PM CDT.",449
1175248,MCLENNAN CO.,TOURS,04/26/2024,1148,Tornado, ,EF2,0,0,200000,0,TX,CST-6, ,190922,C,309,FWD,0,0,NWS Storm Survey, ,3.68,165,2,NE,2,NNW,HOEN,04/26/2024,1159,31.7754,-97.0496,31.808,-97,"A tornado developed north of Tours, just west of Berger Road. This tornado initially damaged trees and a shed, but strengthened as it crossed Czech Hall Road. The tornado hit a property on County Line Road causing EF-2 damage to a barn and a shop on the property. The tornado scattered heavy farm material into the field to the east. The tornado continued into Hill County crossing CR 3238 where an eye witness reported it dissipated before developing the next tornado. Maximum estimated winds were 110 to 115 mph.","A shortwave trough, dryline, and Pacific front all worked together to produce multiple rounds of thunderstorms Friday April 26 through Sunday April 28. All modes of severe weather took place across the region, along with multiple instances of flash flooding. 11 tornadoes occurred across McLennan, Hill, and Navarro counties on April 26th, and another 4 tornadoes occurred in Milam, Limestone and Freestone counties on April 28th.",450
1175249,MCLENNAN CO.,TOURS,04/26/2024,1148,Tornado, ,EF0,0,0,0,0,TX,CST-6, ,190922,C,309,FWD,0,0,NWS Storm Survey, ,0.18,15,1,NNE,1,NNE,TOURS,04/26/2024,1149,31.7637,-97.0656,31.765,-97.0629,"A brief, weak tornado damaged trees west of Heritage Pkwy and south of Easy Rd northwest of Tours. Maximum estimated winds were 75 mph.","A shortwave trough, dryline, and Pacific front all worked together to produce multiple rounds of thunderstorms Friday April 26 through Sunday April 28. All modes of severe weather took place across the region, along with multiple instances of flash flooding. 11 tornadoes occurred across McLennan, Hill, and Navarro counties on April 26th, and another 4 tornadoes occurred in Milam, Limestone and Freestone counties on April 28th.",451
1174780,HOWARD CO.,FARWELL,04/26/2024,1152,Tornado, ,EF0,0,0,200000,0,NE,CST-6, ,190488,C,93,GID,0,0,NWS Storm Survey, ,2.29,50,3,SSW,1,S,FARWELL,04/26/2024,1158,41.1788,-98.6462,41.2099,-98.631,"An eyewitness, who provided photos, times, and detailed locations, documented a short-lived tornado south of Farwell in Howard County. This tornado occurred just prior to the development of the tornado which eventually passed near Elba. Along its curvy path, this nearly three mile long tornado overturned two center irrigation pivots and damaged some trees south of Farwell. Scouring along the ground was easily visible. The tornado dissipated just south of Farwell.","On this Friday afternoon, south central Nebraska served as the launching point to what would end up being a significant/destructive regional tornado outbreak that impacted portions of south central and eastern Nebraska, into southwestern and south central Iowa. This event unfolded as a powerful upper trough, along with a surface low/trough, moved into the Central Plains. Locally, a northward-arcing warm front passed through south central and central Nebraska. Dewpoints were generally in the 50s and 60s during the early afternoon hours on April 26th across south central and central Nebraska. Most unstable CAPE was around 1,000 to 3,000 J/kg and wind shear was around 40 knots, setting the stage for tornado development within parts of Buffalo, Sherman and especially Howard and Greeley counties. ||Storms already began developing in south central and central Nebraska during the late morning hours. The storms began by producing nickel sized hail in Sherman County just after 12 PM CDT. The first tornado of the day developed around 12:16 PM CDT from a supercell moving across northern Buffalo County into Sherman County and was rated as an EF1. This storm moved northward and split into two storms with the second storm on the right becoming stronger and continuing to move north northeast. These two storms produced a total of six tornadoes in Buffalo, Sherman, Howard, and Greeley Counties. The last tornado of the day developed in Greeley County just after 2 PM CDT and moved northeastward before exiting this local area into Boone County (which is located in the Eastern Nebraska area). The strongest tornado within the south central Nebraska area was rated an EF3, passing very near Elba in Howard County (this was the strongest tornado to strike the 24-county area in nearly 10 years...since EF-3 tornadoes on May 11, 2014). Other storms developed and produced hail. The largest hail was golf ball sized which fell in Howard County around 1:15 PM CDT. Prior to departing the local area, they produced quarter sized hail in Nance County just after 3 PM CDT.",452
1174762,HOWARD CO.,FARWELL,04/26/2024,1158,Tornado, ,EF3,0,0,3500000,0,NE,CST-6, ,190488,C,93,GID,0,0,NWS Storm Survey, ,9.31,600,1,SSE,4,NNE,ELBA,04/26/2024,1221,41.2028,-98.6199,41.3301,-98.5612,"Initially narrow, this tornado started south of Farwell with eyewitness reports, and would eventually turn into a large, EF3-rated tornado. The tornado moved across rural areas north of Farwell, causing tree damage and overturning center irrigation pivots. As the tornado emerged onto the North Loup River valley just west of Elba, it gained significant strength. Just west of Elba, a farmstead sustained heavy damage to a home, outbuildings and vehicles, among other items. A well-built metal building structure was was demolished, with extensive damage to the nearby home. Based upon damage indicators, this location was deemed to have the strongest winds, estimated to be 145 MPH, resulting in the EF3 rating. The tornado was estimated to be around 600 yards wide as it crossed Highway 11 just northwest of Elba. A long stretch of power poles was knocked down along Odell Road. The tornado eventually navigated across the North Loup River about 2.5 miles north of town. From that point, the tornado moved onto pasture ground. Based upon radar data, timing and lack of solid damage indicators, it is believed this tornado likely weakened as it moved north.","On this Friday afternoon, south central Nebraska served as the launching point to what would end up being a significant/destructive regional tornado outbreak that impacted portions of south central and eastern Nebraska, into southwestern and south central Iowa. This event unfolded as a powerful upper trough, along with a surface low/trough, moved into the Central Plains. Locally, a northward-arcing warm front passed through south central and central Nebraska. Dewpoints were generally in the 50s and 60s during the early afternoon hours on April 26th across south central and central Nebraska. Most unstable CAPE was around 1,000 to 3,000 J/kg and wind shear was around 40 knots, setting the stage for tornado development within parts of Buffalo, Sherman and especially Howard and Greeley counties. ||Storms already began developing in south central and central Nebraska during the late morning hours. The storms began by producing nickel sized hail in Sherman County just after 12 PM CDT. The first tornado of the day developed around 12:16 PM CDT from a supercell moving across northern Buffalo County into Sherman County and was rated as an EF1. This storm moved northward and split into two storms with the second storm on the right becoming stronger and continuing to move north northeast. These two storms produced a total of six tornadoes in Buffalo, Sherman, Howard, and Greeley Counties. The last tornado of the day developed in Greeley County just after 2 PM CDT and moved northeastward before exiting this local area into Boone County (which is located in the Eastern Nebraska area). The strongest tornado within the south central Nebraska area was rated an EF3, passing very near Elba in Howard County (this was the strongest tornado to strike the 24-county area in nearly 10 years...since EF-3 tornadoes on May 11, 2014). Other storms developed and produced hail. The largest hail was golf ball sized which fell in Howard County around 1:15 PM CDT. Prior to departing the local area, they produced quarter sized hail in Nance County just after 3 PM CDT.",453
1177740,HILL CO.,BIROME,04/26/2024,1159,Tornado, ,EF2,0,0,0,0,TX,CST-6, ,190922,C,217,FWD,0,0,NWS Storm Survey, ,2,165,2,WNW,2,N,BIROME,04/26/2024,1205,31.808,-97,31.8251,-96.9725,"This entry is a continuation of the EF-2 tornado that started in McLennan County. A tornado developed north of Tours, just west of Berger Road. The tornado hit a property on County Line Road causing EF-2 damage to a barn and a shop on the property. The tornado scattered heavy farm material into the field to the east. The tornado continued northeast, crossing CR 3238 where an eye witness reported it dissipated before developing the next tornado. Maximum estimated winds were 110 to 115 mph.","A shortwave trough, dryline, and Pacific front all worked together to produce multiple rounds of thunderstorms Friday April 26 through Sunday April 28. All modes of severe weather took place across the region, along with multiple instances of flash flooding. 11 tornadoes occurred across McLennan, Hill, and Navarro counties on April 26th, and another 4 tornadoes occurred in Milam, Limestone and Freestone counties on April 28th.",454
1175250,HILL CO.,BIROME,04/26/2024,1206,Tornado, ,EF1,0,0,60000,0,TX,CST-6, ,190922,C,217,FWD,0,0,NWS Storm Survey, ,0.2,55,2,N,2,N,BIROME,04/26/2024,1207,31.8287,-96.9664,31.83,-96.9633,"The same supercell produced another brief tornado, based on eye witness accounts, on either side of FM 339 southwest of Penelope. The tornado formed in the field just east of the road, hitting a residence and dissipating soon afterwards. Two houses were damaged: One had metal panels peeled off the roof, and the home shifted off its cinder blocks about 8 inches. Winds got in the garage of the uninhabited second house and lifted the roof off, then it collapsed back on the house and the walls buckled. The tornado lifted just east of the property. Maximum estimated winds were 105 mph.","A shortwave trough, dryline, and Pacific front all worked together to produce multiple rounds of thunderstorms Friday April 26 through Sunday April 28. All modes of severe weather took place across the region, along with multiple instances of flash flooding. 11 tornadoes occurred across McLennan, Hill, and Navarro counties on April 26th, and another 4 tornadoes occurred in Milam, Limestone and Freestone counties on April 28th.",455
1175333,NAVARRO CO.,PELHAM,04/26/2024,1230,Tornado, ,EF1,0,0,200000,0,TX,CST-6, ,190922,C,349,FWD,0,0,NWS Storm Survey, ,9.01,200,2,SE,0,WNW,DRESDEN,04/26/2024,1244,31.9508,-96.8032,32.0331,-96.6861,"A tornado formed just northwest of Navarro Mills Lake, just east of the Navarro/Hill County line. Damage near this initiation point was confined to split tree trunks consistent with EF-0 intensity windspeeds. The tornado tracked east-northeastward, causing tree damage and impacting multiple residences and outbuildings in areas between FM 744 and Navarro Mills Lake. Most of this damage was EF-0 to low end EF-1 in character, consistent with windspeeds of 75-95 mph. Damage was mainly associated with roof and fascia damage on the residences and significant sheet metal damage on outbuildings. However, one manufactured home was totally destroyed on Navarro County Road 3091, consistent with EF-1 winds estimated at around 110 mph. The tornado crossed FM 744, and dissipated just northwest of the Dresden community.","A shortwave trough, dryline, and Pacific front all worked together to produce multiple rounds of thunderstorms Friday April 26 through Sunday April 28. All modes of severe weather took place across the region, along with multiple instances of flash flooding. 11 tornadoes occurred across McLennan, Hill, and Navarro counties on April 26th, and another 4 tornadoes occurred in Milam, Limestone and Freestone counties on April 28th.",456
1174773,HOWARD CO.,ELBA,04/26/2024,1232,Tornado, ,EF2,0,0,400000,0,NE,CST-6, ,190488,C,93,GID,0,0,NWS Storm Survey, ,4.32,880,6,NE,7,NNW,CUSHING,04/26/2024,1245,41.3446,-98.5073,41.39,-98.45,"Through a roughly 10 minute process, during which the parent supercell did not move much, a fourth tornado formed in northern Howard County before crossing into Greeley County. This tornado was rated an EF2 with estimated peak wind speeds of 135 MPH based upon metal power pole damage just west of the Highway 281 and 22 junction near Wolbach. The tornado had previously destroyed a metal building to the southwest, and would go on to destroy a couple of wood framed outbuildings to the northeast of Highway 281. The south edge of the tornado likely passed just north of the Highway 281 and 22 junction. It was in this general area and along the county line that the tornado was at least one-half mile wide. The tornado marched northeast, causing damage to at least one residence, outbuildings, trees, and center irrigation pivots. As the supercell slowed down north of Wolbach, this tornado diminished (damage noted was much less severe and sparse), and the supercell began the process of developing another tornado to the east.","On this Friday afternoon, south central Nebraska served as the launching point to what would end up being a significant/destructive regional tornado outbreak that impacted portions of south central and eastern Nebraska, into southwestern and south central Iowa. This event unfolded as a powerful upper trough, along with a surface low/trough, moved into the Central Plains. Locally, a northward-arcing warm front passed through south central and central Nebraska. Dewpoints were generally in the 50s and 60s during the early afternoon hours on April 26th across south central and central Nebraska. Most unstable CAPE was around 1,000 to 3,000 J/kg and wind shear was around 40 knots, setting the stage for tornado development within parts of Buffalo, Sherman and especially Howard and Greeley counties. ||Storms already began developing in south central and central Nebraska during the late morning hours. The storms began by producing nickel sized hail in Sherman County just after 12 PM CDT. The first tornado of the day developed around 12:16 PM CDT from a supercell moving across northern Buffalo County into Sherman County and was rated as an EF1. This storm moved northward and split into two storms with the second storm on the right becoming stronger and continuing to move north northeast. These two storms produced a total of six tornadoes in Buffalo, Sherman, Howard, and Greeley Counties. The last tornado of the day developed in Greeley County just after 2 PM CDT and moved northeastward before exiting this local area into Boone County (which is located in the Eastern Nebraska area). The strongest tornado within the south central Nebraska area was rated an EF3, passing very near Elba in Howard County (this was the strongest tornado to strike the 24-county area in nearly 10 years...since EF-3 tornadoes on May 11, 2014). Other storms developed and produced hail. The largest hail was golf ball sized which fell in Howard County around 1:15 PM CDT. Prior to departing the local area, they produced quarter sized hail in Nance County just after 3 PM CDT.",457
1174775,GREELEY CO.,WOLBACH,04/26/2024,1245,Tornado, ,EF2,0,0,400000,0,NE,CST-6, ,190488,C,77,GID,0,0,NWS Storm Survey, ,4.88,880,3,WSW,4,N,WOLBACH,04/26/2024,1254,41.39,-98.45,41.4506,-98.4016,"Through a roughly 10 minute process, during which the parent supercell did not move much, a fourth tornado formed in northern Howard County before crossing into Greeley County. This tornado was rated an EF2 with estimated peak wind speeds of 135 MPH based upon metal power pole damage just west of the Highway 281 and 22 junction near Wolbach. The tornado had previously destroyed a metal building to the southwest, and would go on to destroy a couple of wood framed outbuildings to the northeast of Highway 281. The south edge of the tornado likely passed just north of the Highway 281 and 22 junction. It was in this general area and along the county line that the tornado was at least one-half mile wide. The tornado marched northeast, causing damage to at least one residence, outbuildings, trees, and center irrigation pivots. As the supercell slowed down north of Wolbach, this tornado diminished (damage noted was much less severe and sparse), and the supercell began the process of developing another tornado to the east.","On this Friday afternoon, south central Nebraska served as the launching point to what would end up being a significant/destructive regional tornado outbreak that impacted portions of south central and eastern Nebraska, into southwestern and south central Iowa. This event unfolded as a powerful upper trough, along with a surface low/trough, moved into the Central Plains. Locally, a northward-arcing warm front passed through south central and central Nebraska. Dewpoints were generally in the 50s and 60s during the early afternoon hours on April 26th across south central and central Nebraska. Most unstable CAPE was around 1,000 to 3,000 J/kg and wind shear was around 40 knots, setting the stage for tornado development within parts of Buffalo, Sherman and especially Howard and Greeley counties. ||Storms already began developing in south central and central Nebraska during the late morning hours. The storms began by producing nickel sized hail in Sherman County just after 12 PM CDT. The first tornado of the day developed around 12:16 PM CDT from a supercell moving across northern Buffalo County into Sherman County and was rated as an EF1. This storm moved northward and split into two storms with the second storm on the right becoming stronger and continuing to move north northeast. These two storms produced a total of six tornadoes in Buffalo, Sherman, Howard, and Greeley Counties. The last tornado of the day developed in Greeley County just after 2 PM CDT and moved northeastward before exiting this local area into Boone County (which is located in the Eastern Nebraska area). The strongest tornado within the south central Nebraska area was rated an EF3, passing very near Elba in Howard County (this was the strongest tornado to strike the 24-county area in nearly 10 years...since EF-3 tornadoes on May 11, 2014). Other storms developed and produced hail. The largest hail was golf ball sized which fell in Howard County around 1:15 PM CDT. Prior to departing the local area, they produced quarter sized hail in Nance County just after 3 PM CDT.",458
1175335,NAVARRO CO.,BARRY,04/26/2024,1246,Tornado, ,EF1,0,0,200000,0,TX,CST-6, ,190922,C,349,FWD,0,0,NWS Storm Survey, ,11.3,200,3,WSW,3,NE,EMHOUSE,04/26/2024,1305,32.0764,-96.674,32.1983,-96.5467,"A tornado formed approximately 2 miles southwest of Barry in open country, based on storm spotter video and eyewitness reports. This tornado moved north and northeast of Barry, impacting several residences and outbuildings along Navarro County roads 1210 and 1230. Most of the structural damage was confined to roofs and outbuilding sheet metal and was consistent with damage intensities of EF-0 and lower end EF-1 magnitude. However, one manufactured home along CR 1230 was totally destroyed, consistent with EF-1 winds of approximately 110 mph. The tornado traveled several additional miles to the east, passing north of Emhouse and producing EF-0 damage to trees and outbuildings. This tornado eventually dissipated in the Chambers Creek drainage west of Rice.","A shortwave trough, dryline, and Pacific front all worked together to produce multiple rounds of thunderstorms Friday April 26 through Sunday April 28. All modes of severe weather took place across the region, along with multiple instances of flash flooding. 11 tornadoes occurred across McLennan, Hill, and Navarro counties on April 26th, and another 4 tornadoes occurred in Milam, Limestone and Freestone counties on April 28th.",459
1175338,HILL CO.,ABBOTT,04/26/2024,1249,Tornado, ,EF1,0,0,50000,0,TX,CST-6, ,190922,C,217,FWD,0,0,NWS Storm Survey, ,2.4,200,0,WNW,2,NNE,ABBOTT,04/26/2024,1253,31.883,-97.0869,31.9111,-97.0637,"A tornado occurred near Abbott, first developing on the west side of I-35W and CR 2341 where trees were damaged and uprooted. A semi-tractor trailer was rolled over on the interstate. The tornado moved northeast causing tree damage until it reached CR 3106 where it caused minor damage to a few homes. The tornado dissipated after crossing CR 3106 again, north of CR 3145. Maximum estimated winds were 95 mph.","A shortwave trough, dryline, and Pacific front all worked together to produce multiple rounds of thunderstorms Friday April 26 through Sunday April 28. All modes of severe weather took place across the region, along with multiple instances of flash flooding. 11 tornadoes occurred across McLennan, Hill, and Navarro counties on April 26th, and another 4 tornadoes occurred in Milam, Limestone and Freestone counties on April 28th.",460
1174841,GREELEY CO.,WOLBACH,04/26/2024,1304,Tornado, ,EF2,0,0,25000,0,NE,CST-6, ,190488,C,77,GID,0,0,NWS Storm Survey, ,7.15,500,4,NNE,11,SSE,SPALDING,04/26/2024,1315,41.4553,-98.3695,41.54,-98.29,"This tornado started about four miles northeast of Wolbach and was associated with a parent supercell that had previously produced two other tornadoes. In Greeley County, damage was confined mainly to center irrigation pivots and trees. The tornado moved northeast over open country and crossed the Boone County line along Highway 56. In Boone County, the tornado caused minor damage to a home on a farmstead at the county line along with quite a bit of tree damage in the general area. The tornado moved north and appeared to strengthen some as it flipped and tossed several central irrigation pivots north of Highway 56. Power poles were snapped and debris was lifted into power lines. As the tornado moved north-northeast, the most significant damage was found about two miles southwest of Primrose. A single-family home was extensively damaged, including the three-car garage being totally ripped away along with much of the roof structure. Several outbuildings were damaged or destroyed. Extensive tree damage and numerous power poles were snapped in the area. Tree damage was widespread west of Primrose and one large outbuilding was destroyed. In its final few miles, the tornado damaged trees and irrigation pivots in several places. Extensive damage to a livestock facility and several snapped power poles were noted about halfway between Primrose and Petersburg. The tornado likely dissipated in open country as it approached the Beaver Creek southwest of Petersburg. The widest point of the tornado appeared to occur just to the west and southwest of Primrose when the tornado may have been at least 500 yards wide. The EF2 rating and estimated maximum wind speed of 130 MPH was based upon the damage that occurred at a home southwest of Primrose. Note: The dollar estimate of damage applies to Greeley County only.","On this Friday afternoon, south central Nebraska served as the launching point to what would end up being a significant/destructive regional tornado outbreak that impacted portions of south central and eastern Nebraska, into southwestern and south central Iowa. This event unfolded as a powerful upper trough, along with a surface low/trough, moved into the Central Plains. Locally, a northward-arcing warm front passed through south central and central Nebraska. Dewpoints were generally in the 50s and 60s during the early afternoon hours on April 26th across south central and central Nebraska. Most unstable CAPE was around 1,000 to 3,000 J/kg and wind shear was around 40 knots, setting the stage for tornado development within parts of Buffalo, Sherman and especially Howard and Greeley counties. ||Storms already began developing in south central and central Nebraska during the late morning hours. The storms began by producing nickel sized hail in Sherman County just after 12 PM CDT. The first tornado of the day developed around 12:16 PM CDT from a supercell moving across northern Buffalo County into Sherman County and was rated as an EF1. This storm moved northward and split into two storms with the second storm on the right becoming stronger and continuing to move north northeast. These two storms produced a total of six tornadoes in Buffalo, Sherman, Howard, and Greeley Counties. The last tornado of the day developed in Greeley County just after 2 PM CDT and moved northeastward before exiting this local area into Boone County (which is located in the Eastern Nebraska area). The strongest tornado within the south central Nebraska area was rated an EF3, passing very near Elba in Howard County (this was the strongest tornado to strike the 24-county area in nearly 10 years...since EF-3 tornadoes on May 11, 2014). Other storms developed and produced hail. The largest hail was golf ball sized which fell in Howard County around 1:15 PM CDT. Prior to departing the local area, they produced quarter sized hail in Nance County just after 3 PM CDT.",461
1167556,BOONE CO.,CEDAR RAPIDS ARPT,04/26/2024,1315,Tornado, ,EF2,0,0,0,0,NE,CST-6, ,189915,C,11,OAX,0,0,NWS Storm Survey, ,19.56,500,6,W,4,NW,LORETTO,04/26/2024,1410,41.54,-98.29,41.8,-98.14,"This Wolbach/Primrose tornado crossed into Boone County along Highway 56 to the southwest of Primrose. The tornado caused minor damage to a home on a farmstead at the county line along with quite a bit of tree damage in the general area. The tornado moved north and appeared to strengthen some as it flipped and tossed several center irrigation pivot systems north of Highway 56. Power poles were snapped and debris was lifted into power lines. As the tornado moved north-northeast, the most significant damage was found about 2 miles southwest of Primrose. A single-family home was extensively damaged, including the three-car garage being totally ripped away along with much of the roof structure. Several outbuildings were damaged or destroyed. Extensive tree damage and numerous power poles were snapped in the area. Tree damage was widespread west of Primrose and one large outbuilding was destroyed. The tornado appeared to slow down and possibly weaken some north of Primrose, but did manage to get moving northeast again after a short time. In its final few miles, the tornado damaged trees and center pivot irrigation systems in several places. Extensive damage to a livestock facility and several snapped power poles was noted about halfway between Petersburg and Primrose. The tornado likely dissipated in open country as it approached Beaver Creek southwest of Petersburg. The widest point of the tornado appeared to occur just to the west and southwest Primrose when the tornado may have been up to 500 yards wide. The average width of this tornado was estimated to be 200 yards. The EF2 rating and estimated maximum wind speed of 130 mph was based on the damage that occurred at the home southwest of Primrose. This tornado started in Greeley County and was on the ground for over one hour along its 27.5 mile path.","On the morning of April 26th, a potent negatively-tilted shortwave trough ejected out into the central Plains. Upper air analysis shows a jet streak on the downstream side of this trough with substantial divergence aloft over Nebraska. At the surface, morning cloud cover and drizzle across much of eastern Nebraska and western Iowa quickly gave way to partly cloud skies as a warm front moved north through the area, just after noon. At the same time, thunderstorms initiated along a pacific front/dryline in south-central Nebraska. One supercell produced several tornadoes from south-central Nebraska into Boone County, resulting in an EF-2 tornado just west of Cedar Rapids. A second round of supercells initiated in Jefferson and Saline counties. These long-track supercells produced the worst tornado outbreak the Omaha WFO has seen in 10 years. 5 EF-3 tornadoes were surveyed, with several of these tornadoes just shy of an EF-4 rating. One of these EF-3 tornadoes impacted the northeast side of Lincoln, Nebraska where 70 people were reported trapped in a manufacturing plant that collapsed as the tornado passed. Another long-track EF-3 tornado hit portions of Elkhorn, Bennington and Blair, Nebraska. Eppley Airfield was hit by the third EF-3 tornado of the day, doing damage to aircraft hangars on the southeast side of the airport before hitting homes in far western Pottawattamie County. The last two EF-3 tornadoes of the day both impacted portions of Pottawattamie County. While one remained primarily in rural areas in the central part of the county, the final EF-3 of the day hit the town of Minden, Iowa head-on, resulting in 1 fatality and 3 injuries. This was the only fatality of the entire event. This tornado continued into Shelby County, narrowly missing the towns of Tenant and Harlan. A total of 24 tornadoes were confirmed across both Nebraska and Iowa portions of the Omaha CWA. The strongest tornado was the EF-3 that impacted Elkhorn and Blair, with peak estimated wind speeds at 165 miles per hour.||Along the warm front the day prior, scattered thunderstorms developed along the Kansas-Nebraska border during the evening hours. Most of these storms were sub-severe, however, one thunderstorm produced severe hail in and north of Odell, Nebraska for around ten minutes just before 9 pm CDT.",462
1175341,NAVARRO CO.,RICE,04/26/2024,1319,Tornado, ,EF0,0,0,0,0,TX,CST-6, ,190922,C,349,FWD,0,0,NWS Storm Survey, ,2.12,100,3,W,2,NW,RICE,04/26/2024,1323,32.2272,-96.5455,32.2539,-96.5275,"A citizen captured a video of a brief tornado which formed west of Rice, Texas. The tornado transited mainly bottomland/wetland areas of Cummins Creek, resulting in minor tree damage. This tornado dissipated northwest of Rice, prior to crossing Interstate 45. Maximum estimated winds were 75 mph.","A shortwave trough, dryline, and Pacific front all worked together to produce multiple rounds of thunderstorms Friday April 26 through Sunday April 28. All modes of severe weather took place across the region, along with multiple instances of flash flooding. 11 tornadoes occurred across McLennan, Hill, and Navarro counties on April 26th, and another 4 tornadoes occurred in Milam, Limestone and Freestone counties on April 28th.",463
1175342,NAVARRO CO.,FROST,04/26/2024,1330,Tornado, ,EF0,0,0,100000,0,TX,CST-6, ,190922,C,349,FWD,0,0,NWS Storm Survey, ,1.14,100,1,SW,0,ENE,FROST,04/26/2024,1331,32.0738,-96.8302,32.0826,-96.8137,"A brief EF-0 tornado occurred west of Frost in far northwestern Navarro County. A grain elevator was impacted and partially collapsed along State Highway 22 west of Frost. The tornado crossed the highway and produced some EF-0 roof and garage door damage to several homes on the west side of Frost. The tornado dissipated just north of Frost. Maximum estimated winds were 80 mph.","A shortwave trough, dryline, and Pacific front all worked together to produce multiple rounds of thunderstorms Friday April 26 through Sunday April 28. All modes of severe weather took place across the region, along with multiple instances of flash flooding. 11 tornadoes occurred across McLennan, Hill, and Navarro counties on April 26th, and another 4 tornadoes occurred in Milam, Limestone and Freestone counties on April 28th.",464
1167561,BUTLER CO.,DWIGHT,04/26/2024,1351,Tornado, ,EF1,0,0,0,0,NE,CST-6, ,189915,C,23,OAX,0,0,Trained Spotter, ,8.09,200,5,WSW,4,E,GARRISON,04/26/2024,1407,41.05,-97.11,41.17,-97.1,"Several trained spotters observed a tornado that began near the intersection of Highway 15 and Ashland Road. It moved to the north-northeast as a broad multiple vortex tornado, but the overall motion was observed to be relatively weak despite the tornado's width. The tornado snapped several trees and a road sign near the intersection of Highway 15 and 66. It continued nearly due north from that location with very little damage along an intermittent track, but it did overturn multiple center pivot irrigation systems. While the funnel was often not fully condensed, there was a rather persistent dust whirl below the base of the funnel all the way north to near Road 29 just east of Highway 15. Near the time of its demise, a second brief tornado developed just 1 mile to the east of this tornado. The peak winds in this tornado were estimated to be at 100 miles per hour. The tornado was estimated to be 200 yards across at its widest, with an average width of 100 yards during its lifespan.","On the morning of April 26th, a potent negatively-tilted shortwave trough ejected out into the central Plains. Upper air analysis shows a jet streak on the downstream side of this trough with substantial divergence aloft over Nebraska. At the surface, morning cloud cover and drizzle across much of eastern Nebraska and western Iowa quickly gave way to partly cloud skies as a warm front moved north through the area, just after noon. At the same time, thunderstorms initiated along a pacific front/dryline in south-central Nebraska. One supercell produced several tornadoes from south-central Nebraska into Boone County, resulting in an EF-2 tornado just west of Cedar Rapids. A second round of supercells initiated in Jefferson and Saline counties. These long-track supercells produced the worst tornado outbreak the Omaha WFO has seen in 10 years. 5 EF-3 tornadoes were surveyed, with several of these tornadoes just shy of an EF-4 rating. One of these EF-3 tornadoes impacted the northeast side of Lincoln, Nebraska where 70 people were reported trapped in a manufacturing plant that collapsed as the tornado passed. Another long-track EF-3 tornado hit portions of Elkhorn, Bennington and Blair, Nebraska. Eppley Airfield was hit by the third EF-3 tornado of the day, doing damage to aircraft hangars on the southeast side of the airport before hitting homes in far western Pottawattamie County. The last two EF-3 tornadoes of the day both impacted portions of Pottawattamie County. While one remained primarily in rural areas in the central part of the county, the final EF-3 of the day hit the town of Minden, Iowa head-on, resulting in 1 fatality and 3 injuries. This was the only fatality of the entire event. This tornado continued into Shelby County, narrowly missing the towns of Tenant and Harlan. A total of 24 tornadoes were confirmed across both Nebraska and Iowa portions of the Omaha CWA. The strongest tornado was the EF-3 that impacted Elkhorn and Blair, with peak estimated wind speeds at 165 miles per hour.||Along the warm front the day prior, scattered thunderstorms developed along the Kansas-Nebraska border during the evening hours. Most of these storms were sub-severe, however, one thunderstorm produced severe hail in and north of Odell, Nebraska for around ten minutes just before 9 pm CDT.",465
1167564,LANCASTER CO.,HAVELOCK,04/26/2024,1352,Tornado, ,EF3,0,3,0,0,NE,CST-6, ,189915,C,109,OAX,0,0,NWS Storm Survey, ,5.25,700,1,SSE,2,W,WAVERLY,04/26/2024,1357,40.8575,-96.6121,40.917,-96.5502,"This tornado touched down on the northeast side of Lincoln near the intersection of Havelock Ave and 84th Street causing damage to a business and a large transmission line south of Havelock Ave. The tornado moved northeast through agricultural fields, snapping power poles and large trees while increasing in strength.  The tornado hit a manufacturing plant at 98th Street and Highway 6 where 70 employees were sheltered. The plant received EF-3 damage. There was a complete failure of the roof and 3 walls of the plant. Employee cars sustained varying damage, with the worst being thrown at least 75-100 yards. Tree trunks were snapped northeast of this location at a nearby business which sustained roof and siding damage.||The tornado quickly crossed 98th Street and Highway 6 where a BNSF train locomotive took a direct hit, derailing numerous cars. The tornado continued northeast across open fields, crossing I-80 and eventually Salt Creek. There was substantial tree damage along the path and along Salt Creek as well as deposited roof debris from the manufacturing plant.||Satellite and video analysis indicate that this tornado ended almost due west of Waverly, with another separate tornado developing less than a mile to the west-northwest.","On the morning of April 26th, a potent negatively-tilted shortwave trough ejected out into the central Plains. Upper air analysis shows a jet streak on the downstream side of this trough with substantial divergence aloft over Nebraska. At the surface, morning cloud cover and drizzle across much of eastern Nebraska and western Iowa quickly gave way to partly cloud skies as a warm front moved north through the area, just after noon. At the same time, thunderstorms initiated along a pacific front/dryline in south-central Nebraska. One supercell produced several tornadoes from south-central Nebraska into Boone County, resulting in an EF-2 tornado just west of Cedar Rapids. A second round of supercells initiated in Jefferson and Saline counties. These long-track supercells produced the worst tornado outbreak the Omaha WFO has seen in 10 years. 5 EF-3 tornadoes were surveyed, with several of these tornadoes just shy of an EF-4 rating. One of these EF-3 tornadoes impacted the northeast side of Lincoln, Nebraska where 70 people were reported trapped in a manufacturing plant that collapsed as the tornado passed. Another long-track EF-3 tornado hit portions of Elkhorn, Bennington and Blair, Nebraska. Eppley Airfield was hit by the third EF-3 tornado of the day, doing damage to aircraft hangars on the southeast side of the airport before hitting homes in far western Pottawattamie County. The last two EF-3 tornadoes of the day both impacted portions of Pottawattamie County. While one remained primarily in rural areas in the central part of the county, the final EF-3 of the day hit the town of Minden, Iowa head-on, resulting in 1 fatality and 3 injuries. This was the only fatality of the entire event. This tornado continued into Shelby County, narrowly missing the towns of Tenant and Harlan. A total of 24 tornadoes were confirmed across both Nebraska and Iowa portions of the Omaha CWA. The strongest tornado was the EF-3 that impacted Elkhorn and Blair, with peak estimated wind speeds at 165 miles per hour.||Along the warm front the day prior, scattered thunderstorms developed along the Kansas-Nebraska border during the evening hours. Most of these storms were sub-severe, however, one thunderstorm produced severe hail in and north of Odell, Nebraska for around ten minutes just before 9 pm CDT.",466
1200880,LANCASTER CO.,WAVERLY,04/26/2024,1357,Tornado, ,EF1,0,0,0,0,NE,CST-6, ,189915,C,109,OAX,0,0,NWS Storm Survey, ,2.96,150,2,W,2,N,WAVERLY,04/26/2024,1401,40.92,-96.56,40.95,-96.52,"This tornado developed immediately prior to the dissipation of the Lincoln EF-3 tornado to its southeast. The tornado traveled northeast for nearly 3 miles, doing most of its damage to trees and powerlines, but also destroying two large outbuildings and causing window damage to a home. This tornado dissipated in a field as a new tornado developed quickly to its north according to video and satellite evidence. Peak estimated winds in this tornado were at 107 miles per hour, with a peak width of 150 yards and an average track width estimated at 100 yards.","On the morning of April 26th, a potent negatively-tilted shortwave trough ejected out into the central Plains. Upper air analysis shows a jet streak on the downstream side of this trough with substantial divergence aloft over Nebraska. At the surface, morning cloud cover and drizzle across much of eastern Nebraska and western Iowa quickly gave way to partly cloud skies as a warm front moved north through the area, just after noon. At the same time, thunderstorms initiated along a pacific front/dryline in south-central Nebraska. One supercell produced several tornadoes from south-central Nebraska into Boone County, resulting in an EF-2 tornado just west of Cedar Rapids. A second round of supercells initiated in Jefferson and Saline counties. These long-track supercells produced the worst tornado outbreak the Omaha WFO has seen in 10 years. 5 EF-3 tornadoes were surveyed, with several of these tornadoes just shy of an EF-4 rating. One of these EF-3 tornadoes impacted the northeast side of Lincoln, Nebraska where 70 people were reported trapped in a manufacturing plant that collapsed as the tornado passed. Another long-track EF-3 tornado hit portions of Elkhorn, Bennington and Blair, Nebraska. Eppley Airfield was hit by the third EF-3 tornado of the day, doing damage to aircraft hangars on the southeast side of the airport before hitting homes in far western Pottawattamie County. The last two EF-3 tornadoes of the day both impacted portions of Pottawattamie County. While one remained primarily in rural areas in the central part of the county, the final EF-3 of the day hit the town of Minden, Iowa head-on, resulting in 1 fatality and 3 injuries. This was the only fatality of the entire event. This tornado continued into Shelby County, narrowly missing the towns of Tenant and Harlan. A total of 24 tornadoes were confirmed across both Nebraska and Iowa portions of the Omaha CWA. The strongest tornado was the EF-3 that impacted Elkhorn and Blair, with peak estimated wind speeds at 165 miles per hour.||Along the warm front the day prior, scattered thunderstorms developed along the Kansas-Nebraska border during the evening hours. Most of these storms were sub-severe, however, one thunderstorm produced severe hail in and north of Odell, Nebraska for around ten minutes just before 9 pm CDT.",467
1167565,LANCASTER CO.,WAVERLY,04/26/2024,1403,Tornado, ,EF0,0,0,0,0,NE,CST-6, ,189915,C,109,OAX,0,0,NWS Storm Survey, ,1.9,50,2,NNW,4,NNE,WAVERLY,04/26/2024,1407,40.95,-96.53,40.97,-96.5,"A storm chaser with time and location stamps on their video tracked a tornado through mainly open fields. A damage survey team did find evidence of some minor tree damage at a few locations, sufficient to rate this as an EF-0 tornado.","On the morning of April 26th, a potent negatively-tilted shortwave trough ejected out into the central Plains. Upper air analysis shows a jet streak on the downstream side of this trough with substantial divergence aloft over Nebraska. At the surface, morning cloud cover and drizzle across much of eastern Nebraska and western Iowa quickly gave way to partly cloud skies as a warm front moved north through the area, just after noon. At the same time, thunderstorms initiated along a pacific front/dryline in south-central Nebraska. One supercell produced several tornadoes from south-central Nebraska into Boone County, resulting in an EF-2 tornado just west of Cedar Rapids. A second round of supercells initiated in Jefferson and Saline counties. These long-track supercells produced the worst tornado outbreak the Omaha WFO has seen in 10 years. 5 EF-3 tornadoes were surveyed, with several of these tornadoes just shy of an EF-4 rating. One of these EF-3 tornadoes impacted the northeast side of Lincoln, Nebraska where 70 people were reported trapped in a manufacturing plant that collapsed as the tornado passed. Another long-track EF-3 tornado hit portions of Elkhorn, Bennington and Blair, Nebraska. Eppley Airfield was hit by the third EF-3 tornado of the day, doing damage to aircraft hangars on the southeast side of the airport before hitting homes in far western Pottawattamie County. The last two EF-3 tornadoes of the day both impacted portions of Pottawattamie County. While one remained primarily in rural areas in the central part of the county, the final EF-3 of the day hit the town of Minden, Iowa head-on, resulting in 1 fatality and 3 injuries. This was the only fatality of the entire event. This tornado continued into Shelby County, narrowly missing the towns of Tenant and Harlan. A total of 24 tornadoes were confirmed across both Nebraska and Iowa portions of the Omaha CWA. The strongest tornado was the EF-3 that impacted Elkhorn and Blair, with peak estimated wind speeds at 165 miles per hour.||Along the warm front the day prior, scattered thunderstorms developed along the Kansas-Nebraska border during the evening hours. Most of these storms were sub-severe, however, one thunderstorm produced severe hail in and north of Odell, Nebraska for around ten minutes just before 9 pm CDT.",468
1167563,BUTLER CO.,BRAINARD,04/26/2024,1406,Tornado, ,EFU,0,0,0,0,NE,CST-6, ,189915,C,23,OAX,0,0,Trained Spotter, ,0.72,30,4,WSW,4,WSW,BRAINARD,04/26/2024,1407,41.16,-97.073,41.17,-97.066,"Trained spotters with video and photo confirmation reported a tornado lasting approximately 1 minute over open fields. There was no damage found from this tornado, so its width and wind speeds were not able to be accurately estimated.","On the morning of April 26th, a potent negatively-tilted shortwave trough ejected out into the central Plains. Upper air analysis shows a jet streak on the downstream side of this trough with substantial divergence aloft over Nebraska. At the surface, morning cloud cover and drizzle across much of eastern Nebraska and western Iowa quickly gave way to partly cloud skies as a warm front moved north through the area, just after noon. At the same time, thunderstorms initiated along a pacific front/dryline in south-central Nebraska. One supercell produced several tornadoes from south-central Nebraska into Boone County, resulting in an EF-2 tornado just west of Cedar Rapids. A second round of supercells initiated in Jefferson and Saline counties. These long-track supercells produced the worst tornado outbreak the Omaha WFO has seen in 10 years. 5 EF-3 tornadoes were surveyed, with several of these tornadoes just shy of an EF-4 rating. One of these EF-3 tornadoes impacted the northeast side of Lincoln, Nebraska where 70 people were reported trapped in a manufacturing plant that collapsed as the tornado passed. Another long-track EF-3 tornado hit portions of Elkhorn, Bennington and Blair, Nebraska. Eppley Airfield was hit by the third EF-3 tornado of the day, doing damage to aircraft hangars on the southeast side of the airport before hitting homes in far western Pottawattamie County. The last two EF-3 tornadoes of the day both impacted portions of Pottawattamie County. While one remained primarily in rural areas in the central part of the county, the final EF-3 of the day hit the town of Minden, Iowa head-on, resulting in 1 fatality and 3 injuries. This was the only fatality of the entire event. This tornado continued into Shelby County, narrowly missing the towns of Tenant and Harlan. A total of 24 tornadoes were confirmed across both Nebraska and Iowa portions of the Omaha CWA. The strongest tornado was the EF-3 that impacted Elkhorn and Blair, with peak estimated wind speeds at 165 miles per hour.||Along the warm front the day prior, scattered thunderstorms developed along the Kansas-Nebraska border during the evening hours. Most of these storms were sub-severe, however, one thunderstorm produced severe hail in and north of Odell, Nebraska for around ten minutes just before 9 pm CDT.",469
1167566,LANCASTER CO.,WAVERLY,04/26/2024,1412,Tornado, ,EF0,0,0,0,0,NE,CST-6, ,189915,C,109,OAX,0,0,NWS Storm Survey, ,1,30,8,NNE,9,NNE,WAVERLY,04/26/2024,1414,41.03,-96.48,41.038,-96.464,"A storm chaser with time and location stamps tracked a tornado through mainly open fields. A subsequent storm damage survey revealed that EF-0 damage had been done in the Lancaster County portion of this track. Beginning on Little Salt Road a quarter mile east of County Road 10, several large branches were observed to have been broken by the tornado. The tornado continued into Saunders County where it produced EF-1 damage to a farmstead on Emery Road between County Road 8 and County Road 7. Peak estimated winds from this tornado in Lancaster County were estimated to be around 75 miles per hour. The tornado was roughly 30 yards wide for its duration in the county before moving into southeastern Saunders County.","On the morning of April 26th, a potent negatively-tilted shortwave trough ejected out into the central Plains. Upper air analysis shows a jet streak on the downstream side of this trough with substantial divergence aloft over Nebraska. At the surface, morning cloud cover and drizzle across much of eastern Nebraska and western Iowa quickly gave way to partly cloud skies as a warm front moved north through the area, just after noon. At the same time, thunderstorms initiated along a pacific front/dryline in south-central Nebraska. One supercell produced several tornadoes from south-central Nebraska into Boone County, resulting in an EF-2 tornado just west of Cedar Rapids. A second round of supercells initiated in Jefferson and Saline counties. These long-track supercells produced the worst tornado outbreak the Omaha WFO has seen in 10 years. 5 EF-3 tornadoes were surveyed, with several of these tornadoes just shy of an EF-4 rating. One of these EF-3 tornadoes impacted the northeast side of Lincoln, Nebraska where 70 people were reported trapped in a manufacturing plant that collapsed as the tornado passed. Another long-track EF-3 tornado hit portions of Elkhorn, Bennington and Blair, Nebraska. Eppley Airfield was hit by the third EF-3 tornado of the day, doing damage to aircraft hangars on the southeast side of the airport before hitting homes in far western Pottawattamie County. The last two EF-3 tornadoes of the day both impacted portions of Pottawattamie County. While one remained primarily in rural areas in the central part of the county, the final EF-3 of the day hit the town of Minden, Iowa head-on, resulting in 1 fatality and 3 injuries. This was the only fatality of the entire event. This tornado continued into Shelby County, narrowly missing the towns of Tenant and Harlan. A total of 24 tornadoes were confirmed across both Nebraska and Iowa portions of the Omaha CWA. The strongest tornado was the EF-3 that impacted Elkhorn and Blair, with peak estimated wind speeds at 165 miles per hour.||Along the warm front the day prior, scattered thunderstorms developed along the Kansas-Nebraska border during the evening hours. Most of these storms were sub-severe, however, one thunderstorm produced severe hail in and north of Odell, Nebraska for around ten minutes just before 9 pm CDT.",470
1167567,SAUNDERS CO.,MEMPHIS,04/26/2024,1414,Tornado, ,EF1,0,0,0,0,NE,CST-6, ,189915,C,155,OAX,0,0,NWS Storm Survey, ,2.83,50,4,S,2,SSE,MEMPHIS,04/26/2024,1418,41.038,-96.464,41.07,-96.43,"A storm chaser with time and location stamps on their video tracked a tornado through mainly open fields. The storm damage survey indicated locations with snapped tree trunks, as well as one farmstead on Emery Road between County Road 8 and County Road 7 that was impacted. At that location, several trees were snapped, a barn was badly damaged, and there was minor damage to a home. The tornado was intermittent near the end of the track, but had a persistent surface circulation and dust whirl, as well as a partially to fully condensed funnel cloud for its entire duration. This segment is a continuation of the Lancaster County portion of this tornado. The maximum estimated wind speeds from this tornado in Saunders County was 108 miles per hour, with a peak width of 50 yards and an average width of 40 yards.","On the morning of April 26th, a potent negatively-tilted shortwave trough ejected out into the central Plains. Upper air analysis shows a jet streak on the downstream side of this trough with substantial divergence aloft over Nebraska. At the surface, morning cloud cover and drizzle across much of eastern Nebraska and western Iowa quickly gave way to partly cloud skies as a warm front moved north through the area, just after noon. At the same time, thunderstorms initiated along a pacific front/dryline in south-central Nebraska. One supercell produced several tornadoes from south-central Nebraska into Boone County, resulting in an EF-2 tornado just west of Cedar Rapids. A second round of supercells initiated in Jefferson and Saline counties. These long-track supercells produced the worst tornado outbreak the Omaha WFO has seen in 10 years. 5 EF-3 tornadoes were surveyed, with several of these tornadoes just shy of an EF-4 rating. One of these EF-3 tornadoes impacted the northeast side of Lincoln, Nebraska where 70 people were reported trapped in a manufacturing plant that collapsed as the tornado passed. Another long-track EF-3 tornado hit portions of Elkhorn, Bennington and Blair, Nebraska. Eppley Airfield was hit by the third EF-3 tornado of the day, doing damage to aircraft hangars on the southeast side of the airport before hitting homes in far western Pottawattamie County. The last two EF-3 tornadoes of the day both impacted portions of Pottawattamie County. While one remained primarily in rural areas in the central part of the county, the final EF-3 of the day hit the town of Minden, Iowa head-on, resulting in 1 fatality and 3 injuries. This was the only fatality of the entire event. This tornado continued into Shelby County, narrowly missing the towns of Tenant and Harlan. A total of 24 tornadoes were confirmed across both Nebraska and Iowa portions of the Omaha CWA. The strongest tornado was the EF-3 that impacted Elkhorn and Blair, with peak estimated wind speeds at 165 miles per hour.||Along the warm front the day prior, scattered thunderstorms developed along the Kansas-Nebraska border during the evening hours. Most of these storms were sub-severe, however, one thunderstorm produced severe hail in and north of Odell, Nebraska for around ten minutes just before 9 pm CDT.",471
1167574,BOONE CO.,BOONE,04/26/2024,1427,Tornado, ,EFU,0,0,0,0,NE,CST-6, ,189915,C,11,OAX,0,0,Trained Spotter, ,1.01,50,1,N,2,N,BOONE,04/26/2024,1428,41.65,-97.93,41.66,-97.93,"A trained spotter confirmed a short-lived tornado with no damage. This tornado was estimated to be around 50 yards wide.","On the morning of April 26th, a potent negatively-tilted shortwave trough ejected out into the central Plains. Upper air analysis shows a jet streak on the downstream side of this trough with substantial divergence aloft over Nebraska. At the surface, morning cloud cover and drizzle across much of eastern Nebraska and western Iowa quickly gave way to partly cloud skies as a warm front moved north through the area, just after noon. At the same time, thunderstorms initiated along a pacific front/dryline in south-central Nebraska. One supercell produced several tornadoes from south-central Nebraska into Boone County, resulting in an EF-2 tornado just west of Cedar Rapids. A second round of supercells initiated in Jefferson and Saline counties. These long-track supercells produced the worst tornado outbreak the Omaha WFO has seen in 10 years. 5 EF-3 tornadoes were surveyed, with several of these tornadoes just shy of an EF-4 rating. One of these EF-3 tornadoes impacted the northeast side of Lincoln, Nebraska where 70 people were reported trapped in a manufacturing plant that collapsed as the tornado passed. Another long-track EF-3 tornado hit portions of Elkhorn, Bennington and Blair, Nebraska. Eppley Airfield was hit by the third EF-3 tornado of the day, doing damage to aircraft hangars on the southeast side of the airport before hitting homes in far western Pottawattamie County. The last two EF-3 tornadoes of the day both impacted portions of Pottawattamie County. While one remained primarily in rural areas in the central part of the county, the final EF-3 of the day hit the town of Minden, Iowa head-on, resulting in 1 fatality and 3 injuries. This was the only fatality of the entire event. This tornado continued into Shelby County, narrowly missing the towns of Tenant and Harlan. A total of 24 tornadoes were confirmed across both Nebraska and Iowa portions of the Omaha CWA. The strongest tornado was the EF-3 that impacted Elkhorn and Blair, with peak estimated wind speeds at 165 miles per hour.||Along the warm front the day prior, scattered thunderstorms developed along the Kansas-Nebraska border during the evening hours. Most of these storms were sub-severe, however, one thunderstorm produced severe hail in and north of Odell, Nebraska for around ten minutes just before 9 pm CDT.",472
1167568,DOUGLAS CO.,WATERLOO,04/26/2024,1430,Tornado, ,EF4,0,3,0,0,NE,CST-6, ,189915,C,55,OAX,0,0,NWS Storm Survey, ,15.68,1450,6,SSW,2,N,BENNINGTON,04/26/2024,1457,41.2,-96.33,41.393,-96.171,"This tornado developed about one quarter mile west of the West Q Road and 255th Street intersection in Western Douglas county where trees were knocked down and a farmstead sustained outbuilding damage. The tornado continued northeast crossing agricultural fields and flipping numerous center pivots, eventually crossing 252nd Street. The tornado caused EF-2 damage as it approached Highway 92, damaging numerous homes and striking an acreage northwest of the Highway 92 (West Center street) and Highway 275 intersection. Several center pivots were overturned as the tornado continued northeast crossing east of Highway 275, causing EF-2 damage to several acreages, homes, and outbuildings along Highway 275/240th Street. Continuing northeast, the tornado crossed 234th Street near Harney Street where it damaged a horse farm and an acreage as well as a home along Dodge Street/Highway 6 before crossing Dodge Street causing roof and outbuilding damage at the Junkstock Farm. The tornado crossed the Elkhorn River, damaging trees and flipping center pivots in an acreage along Blondo Street just south of the railroad tracks. The tornado continued into the western part of Elkhorn approximately one-half mile south-southwest of the intersection of West Maple Road and 216th Street. One home sustained high-end EF-2 damage losing large sections of its roofs. Another home just to the north had total destruction of the structure, resulting in EF-4 damage. The tornado moved across Prospect Hills Cemetery, damaging headstones, and moved across West Maple Avenue severely damaging a landscape business before entering the Ramblewood subdivision. Numerous homes in the subdivision received EF-3 damage with only small interior rooms standing. EF-3 damage persisted as the tornado continued north-northeastward damaging homes between 212th Street and Kestrel Parkway, again leaving only interior rooms standing.  Two homes at the intersection of North 212th Street and Larimor Avenue were completely destroyed, resulting in a second instance of EF-4 damage. The tornado then crossed Fort Street about one-third of a mile east of 216th Street, causing the collapse of new development homes. This damage was also consistent with that of an EF-3 tornado. The tornado then veered to the northeast across mainly rural areas of northwestern Douglas County, between Fort Street and Military Road. By the time the tornado crossed Highway 31, it reached its peak width of 1 mile wide. EF-1 damage was noted in this area with several power poles and trees snapped. The tornado narrowed to about one-half mile wide and moved into residential development just northwest of the intersection of 180th Street and Military Road, where EF-1 damage was observed due to loss of roofs. The tornado then moved into Bennington���s Newport Landing neighborhood, causing high-end EF-2 damage by removing large sections of several home's roofs and collapsing some exterior walls. The tornado then moved across Bennington Lake, crossing just west of the intersection of Highway 36 and 168th Street, snapping the tops off of numerous trees. It then moved across agricultural land, damaging farm outbuildings southeast of the intersection of 168th Street and Dutch Hall Road, before crossing into Washington County.  All walls of this home were collapsed. However, the walls were not attached to the foundation in a way that would discriminate between EF-3 and EF-4 damage. Thus, high-end EF-3 damage was determined. Peak estimated winds for this segment of the tornado's track were at 170 miles per hour. The maximum width of the tornado in this segment was 1450 yards, with an average width of approximately 900 yards.","On the morning of April 26th, a potent negatively-tilted shortwave trough ejected out into the central Plains. Upper air analysis shows a jet streak on the downstream side of this trough with substantial divergence aloft over Nebraska. At the surface, morning cloud cover and drizzle across much of eastern Nebraska and western Iowa quickly gave way to partly cloud skies as a warm front moved north through the area, just after noon. At the same time, thunderstorms initiated along a pacific front/dryline in south-central Nebraska. One supercell produced several tornadoes from south-central Nebraska into Boone County, resulting in an EF-2 tornado just west of Cedar Rapids. A second round of supercells initiated in Jefferson and Saline counties. These long-track supercells produced the worst tornado outbreak the Omaha WFO has seen in 10 years. 5 EF-3 tornadoes were surveyed, with several of these tornadoes just shy of an EF-4 rating. One of these EF-3 tornadoes impacted the northeast side of Lincoln, Nebraska where 70 people were reported trapped in a manufacturing plant that collapsed as the tornado passed. Another long-track EF-3 tornado hit portions of Elkhorn, Bennington and Blair, Nebraska. Eppley Airfield was hit by the third EF-3 tornado of the day, doing damage to aircraft hangars on the southeast side of the airport before hitting homes in far western Pottawattamie County. The last two EF-3 tornadoes of the day both impacted portions of Pottawattamie County. While one remained primarily in rural areas in the central part of the county, the final EF-3 of the day hit the town of Minden, Iowa head-on, resulting in 1 fatality and 3 injuries. This was the only fatality of the entire event. This tornado continued into Shelby County, narrowly missing the towns of Tenant and Harlan. A total of 24 tornadoes were confirmed across both Nebraska and Iowa portions of the Omaha CWA. The strongest tornado was the EF-3 that impacted Elkhorn and Blair, with peak estimated wind speeds at 165 miles per hour.||Along the warm front the day prior, scattered thunderstorms developed along the Kansas-Nebraska border during the evening hours. Most of these storms were sub-severe, however, one thunderstorm produced severe hail in and north of Odell, Nebraska for around ten minutes just before 9 pm CDT.",473
1165699,ELK CO.,LONGTON,04/26/2024,1432,Tornado, ,EF0,0,0,0,0,KS,CST-6, ,189578,C,49,ICT,0,0,Law Enforcement, ,3.19,150,7,NNE,10,NE,LONGTON,04/26/2024,1437,37.4598,-96.0134,37.483,-95.963,"Law enforcement officer sent in pictures of tree damage that occurred in eastern Elk County.","Storms developed during the afternoon hours over the Flint Hills on Friday, April 26th along an eastward moving dryline. As the storms progressed east they started to produce five tornadoes. Two of the tornadoes were rated an EF-2. One of them struck southwest of Fredonia and the other southwest of Yates Center. Luckily there were no injuries or fatalities with these tornadoes. The other tornadoes were rated EF1, EF0 and EFU. Large hail ranging from quarter size to ping pong ball size was reported.",474
1175779,WILSON CO.,COYVILLE,04/26/2024,1434,Tornado, ,EF0,0,0,0,0,KS,CST-6, ,189578,C,205,ICT,0,0,Fire Department/Rescue, ,0.91,40,5,NE,6,NE,COYVILLE,04/26/2024,1440,37.7262,-95.8364,37.734,-95.823,"Rural fire department found the tornado track starting in Wilson County with most of the damage occurring in Woodson County.","Storms developed during the afternoon hours over the Flint Hills on Friday, April 26th along an eastward moving dryline. As the storms progressed east they started to produce five tornadoes. Two of the tornadoes were rated an EF-2. One of them struck southwest of Fredonia and the other southwest of Yates Center. Luckily there were no injuries or fatalities with these tornadoes. The other tornadoes were rated EF1, EF0 and EFU. Large hail ranging from quarter size to ping pong ball size was reported.",475
1165700,WILSON CO.,BUXTON,04/26/2024,1437,Tornado, ,EF2,0,0,0,0,KS,CST-6, ,189578,C,205,ICT,0,0,NWS Storm Survey, ,5.28,300,3,NW,3,W,FREDONIA,04/26/2024,1446,37.483,-95.963,37.5254,-95.8829,"The damage was mainly to trees and outbuildings, but a two story home sustained roof damage when it was mostly torn off.","Storms developed during the afternoon hours over the Flint Hills on Friday, April 26th along an eastward moving dryline. As the storms progressed east they started to produce five tornadoes. Two of the tornadoes were rated an EF-2. One of them struck southwest of Fredonia and the other southwest of Yates Center. Luckily there were no injuries or fatalities with these tornadoes. The other tornadoes were rated EF1, EF0 and EFU. Large hail ranging from quarter size to ping pong ball size was reported.",476
1175782,WOODSON CO.,BATESVILLE,04/26/2024,1439,Tornado, ,EF2,0,0,0,0,KS,CST-6, ,189578,C,207,ICT,0,0,Fire Department/Rescue, ,5.8,100,7,SSE,6,SSW,YATES CENTER,04/26/2024,1450,37.734,-95.823,37.8107,-95.7798,"Rural fire department surveyed the damage to a farmstead which had four outbuildings destroyed. A trailer, which was attached to a pickup, was tossed a quarter of a mile. There was some damage to the windows on the house and hardwood trees on the property had broken limbs. The rest of the damage in the county was to trees with branches broken.","Storms developed during the afternoon hours over the Flint Hills on Friday, April 26th along an eastward moving dryline. As the storms progressed east they started to produce five tornadoes. Two of the tornadoes were rated an EF-2. One of them struck southwest of Fredonia and the other southwest of Yates Center. Luckily there were no injuries or fatalities with these tornadoes. The other tornadoes were rated EF1, EF0 and EFU. Large hail ranging from quarter size to ping pong ball size was reported.",477
1167557,BOONE CO.,ALBION,04/26/2024,1442,Tornado, ,EFU,0,0,0,0,NE,CST-6, ,189915,C,11,OAX,0,0,Emergency Manager, ,2.03,100,5,E,7,ENE,ALBION,04/26/2024,1444,41.71,-97.9,41.74,-97.88,"The Boone County Emergency Manager reported a tornado just northeast of Albion, Nebraska. This was confirmed by a video taken by a storm chaser. No damage was observed following the tornado, hence was given an EF-U rating. Maximum estimated width was 100 yards with an average width estimated at 50 yards.","On the morning of April 26th, a potent negatively-tilted shortwave trough ejected out into the central Plains. Upper air analysis shows a jet streak on the downstream side of this trough with substantial divergence aloft over Nebraska. At the surface, morning cloud cover and drizzle across much of eastern Nebraska and western Iowa quickly gave way to partly cloud skies as a warm front moved north through the area, just after noon. At the same time, thunderstorms initiated along a pacific front/dryline in south-central Nebraska. One supercell produced several tornadoes from south-central Nebraska into Boone County, resulting in an EF-2 tornado just west of Cedar Rapids. A second round of supercells initiated in Jefferson and Saline counties. These long-track supercells produced the worst tornado outbreak the Omaha WFO has seen in 10 years. 5 EF-3 tornadoes were surveyed, with several of these tornadoes just shy of an EF-4 rating. One of these EF-3 tornadoes impacted the northeast side of Lincoln, Nebraska where 70 people were reported trapped in a manufacturing plant that collapsed as the tornado passed. Another long-track EF-3 tornado hit portions of Elkhorn, Bennington and Blair, Nebraska. Eppley Airfield was hit by the third EF-3 tornado of the day, doing damage to aircraft hangars on the southeast side of the airport before hitting homes in far western Pottawattamie County. The last two EF-3 tornadoes of the day both impacted portions of Pottawattamie County. While one remained primarily in rural areas in the central part of the county, the final EF-3 of the day hit the town of Minden, Iowa head-on, resulting in 1 fatality and 3 injuries. This was the only fatality of the entire event. This tornado continued into Shelby County, narrowly missing the towns of Tenant and Harlan. A total of 24 tornadoes were confirmed across both Nebraska and Iowa portions of the Omaha CWA. The strongest tornado was the EF-3 that impacted Elkhorn and Blair, with peak estimated wind speeds at 165 miles per hour.||Along the warm front the day prior, scattered thunderstorms developed along the Kansas-Nebraska border during the evening hours. Most of these storms were sub-severe, however, one thunderstorm produced severe hail in and north of Odell, Nebraska for around ten minutes just before 9 pm CDT.",478
1165701,WILSON CO.,FREDONIA,04/26/2024,1452,Tornado, ,EF0,0,0,0,0,KS,CST-6, ,189578,C,205,ICT,0,0,NWS Storm Survey, ,0.99,150,2,W,1,WNW,FREDONIA,04/26/2024,1455,37.5304,-95.8562,37.5341,-95.839,"Parts of metal roofs to outdoor buildings at the fairgrounds sustained damage.","Storms developed during the afternoon hours over the Flint Hills on Friday, April 26th along an eastward moving dryline. As the storms progressed east they started to produce five tornadoes. Two of the tornadoes were rated an EF-2. One of them struck southwest of Fredonia and the other southwest of Yates Center. Luckily there were no injuries or fatalities with these tornadoes. The other tornadoes were rated EF1, EF0 and EFU. Large hail ranging from quarter size to ping pong ball size was reported.",479
1167569,WASHINGTON CO.,WASHINGTON,04/26/2024,1457,Tornado, ,EF4,0,1,0,0,NE,CST-6, ,189915,C,177,OAX,0,0,NWS Storm Survey, ,10.44,1900,3,E,2,NNW,DE SOTO,04/26/2024,1518,41.393,-96.171,41.531,-96.089,"This segment of the tornado is a continuation of the EF-4 tornado that tracked through western Douglas County. After crossing Dutch Hall road into southern Washington County, the tornado damaged homes and farm outbuildings between County Road 29 and County Road 31 from Dutch Hall Road to County Road 36. The width of the tornado at this time ranged from one-third to one-half mile wide. The most significant damage was sustained to a home, machine shop and horse barn, one-third of a mile southeast of the intersection of County Road 40 and County Road 29. Trees were snapped and debarked, the house was moved from its foundation, flat-bed and horse-trailers rolled or lofted, and the machine shop and horse barns destroyed. The storm damage survey following this tornado determined high-end EF-3 damage occurred here. At least one horse was killed, and several others were injured. After this, the tornado crossed the intersection of County Road 36 and County Road 31, producing EF-0 to EF-1 damage in the form of partial roof and siding loss to farm buildings and manufactured homes, plus the snapping of large tree limbs. As it approached State Highway 133, several homes and farm outbuildings sustained EF-2 damage due to the loss of roofs or exterior walls. Crossing Highway 133, the tornado was just less than one-half mile wide, and moved into residential areas generally between County Road 32 and US Highway 75. The most significant damage of the whole tornado track occurred near the intersections of County Road P30 and County Road 33 with the destruction of multiple homes. Several houses were rated with high-end EF-3 damage, and one house was rated as receiving EF-4 damage. Peak winds in this area were estimated to be 170 miles per hour. The tornado then crossed US Highway 75 about 2 miles southeast of Blair moving across the very southern portion of the Cargill plant. The tornado weakened and narrowed, but snapped power poles and derailed several empty rail container cars from the tracks, resulting in EF-1 damage. The peak width of the tornado during this segment of its track was 1900 yards wide, with an average width of around 1000 yards. The tornado continued into southwestern Harrison county in Iowa where it dissipated shortly after crossing US Highway 30.","On the morning of April 26th, a potent negatively-tilted shortwave trough ejected out into the central Plains. Upper air analysis shows a jet streak on the downstream side of this trough with substantial divergence aloft over Nebraska. At the surface, morning cloud cover and drizzle across much of eastern Nebraska and western Iowa quickly gave way to partly cloud skies as a warm front moved north through the area, just after noon. At the same time, thunderstorms initiated along a pacific front/dryline in south-central Nebraska. One supercell produced several tornadoes from south-central Nebraska into Boone County, resulting in an EF-2 tornado just west of Cedar Rapids. A second round of supercells initiated in Jefferson and Saline counties. These long-track supercells produced the worst tornado outbreak the Omaha WFO has seen in 10 years. 5 EF-3 tornadoes were surveyed, with several of these tornadoes just shy of an EF-4 rating. One of these EF-3 tornadoes impacted the northeast side of Lincoln, Nebraska where 70 people were reported trapped in a manufacturing plant that collapsed as the tornado passed. Another long-track EF-3 tornado hit portions of Elkhorn, Bennington and Blair, Nebraska. Eppley Airfield was hit by the third EF-3 tornado of the day, doing damage to aircraft hangars on the southeast side of the airport before hitting homes in far western Pottawattamie County. The last two EF-3 tornadoes of the day both impacted portions of Pottawattamie County. While one remained primarily in rural areas in the central part of the county, the final EF-3 of the day hit the town of Minden, Iowa head-on, resulting in 1 fatality and 3 injuries. This was the only fatality of the entire event. This tornado continued into Shelby County, narrowly missing the towns of Tenant and Harlan. A total of 24 tornadoes were confirmed across both Nebraska and Iowa portions of the Omaha CWA. The strongest tornado was the EF-3 that impacted Elkhorn and Blair, with peak estimated wind speeds at 165 miles per hour.||Along the warm front the day prior, scattered thunderstorms developed along the Kansas-Nebraska border during the evening hours. Most of these storms were sub-severe, however, one thunderstorm produced severe hail in and north of Odell, Nebraska for around ten minutes just before 9 pm CDT.",480
1167560,PLATTE CO.,CRESTON,04/26/2024,1507,Tornado, ,EF1,0,0,0,0,NE,CST-6, ,189915,C,141,OAX,0,0,NWS Storm Survey, ,4.79,100,7,S,3,SE,CRESTON,04/26/2024,1520,41.6,-97.36,41.67,-97.34,"Trained spotters reported that the tornado initially touched down just northwest of the intersection of 370th Street and 175th Avenue. It tracked north-northeast where it flipped a center pivot irrigation system. The tornado was intermittent as it tracked across 175th Avenue and toward Loseke Creek, becoming more persistent again as it reached and crossed Loseke Creek. At this point, it impacted a homestead where it snapped trees, blew windows out of a home, and caused significant damage to a barn roof. The tornado continued north where there was minor damage to fencing and an electrical pole at a feedlot, and continued to weaken and become intermittent to where the trained spotters reported that the ground circulation ended, just southwest of 160th Avenue and 445th Street. Peak winds in this tornado were estimated to be 100 miles per hour, with an average width of 35 yards.","On the morning of April 26th, a potent negatively-tilted shortwave trough ejected out into the central Plains. Upper air analysis shows a jet streak on the downstream side of this trough with substantial divergence aloft over Nebraska. At the surface, morning cloud cover and drizzle across much of eastern Nebraska and western Iowa quickly gave way to partly cloud skies as a warm front moved north through the area, just after noon. At the same time, thunderstorms initiated along a pacific front/dryline in south-central Nebraska. One supercell produced several tornadoes from south-central Nebraska into Boone County, resulting in an EF-2 tornado just west of Cedar Rapids. A second round of supercells initiated in Jefferson and Saline counties. These long-track supercells produced the worst tornado outbreak the Omaha WFO has seen in 10 years. 5 EF-3 tornadoes were surveyed, with several of these tornadoes just shy of an EF-4 rating. One of these EF-3 tornadoes impacted the northeast side of Lincoln, Nebraska where 70 people were reported trapped in a manufacturing plant that collapsed as the tornado passed. Another long-track EF-3 tornado hit portions of Elkhorn, Bennington and Blair, Nebraska. Eppley Airfield was hit by the third EF-3 tornado of the day, doing damage to aircraft hangars on the southeast side of the airport before hitting homes in far western Pottawattamie County. The last two EF-3 tornadoes of the day both impacted portions of Pottawattamie County. While one remained primarily in rural areas in the central part of the county, the final EF-3 of the day hit the town of Minden, Iowa head-on, resulting in 1 fatality and 3 injuries. This was the only fatality of the entire event. This tornado continued into Shelby County, narrowly missing the towns of Tenant and Harlan. A total of 24 tornadoes were confirmed across both Nebraska and Iowa portions of the Omaha CWA. The strongest tornado was the EF-3 that impacted Elkhorn and Blair, with peak estimated wind speeds at 165 miles per hour.||Along the warm front the day prior, scattered thunderstorms developed along the Kansas-Nebraska border during the evening hours. Most of these storms were sub-severe, however, one thunderstorm produced severe hail in and north of Odell, Nebraska for around ten minutes just before 9 pm CDT.",481
1165702,WILSON CO.,BENEDICT,04/26/2024,1513,Tornado, ,EF1,0,0,0,0,KS,CST-6, ,189578,C,205,ICT,0,0,NWS Storm Survey, ,1.28,60,4,E,6,E,BENEDICT,04/26/2024,1516,37.6281,-95.6515,37.6322,-95.6294,"There was damage to trees, outbuildings and part of about a third of the metal roof on a home. A horse trailer was knocked on its side.","Storms developed during the afternoon hours over the Flint Hills on Friday, April 26th along an eastward moving dryline. As the storms progressed east they started to produce five tornadoes. Two of the tornadoes were rated an EF-2. One of them struck southwest of Fredonia and the other southwest of Yates Center. Luckily there were no injuries or fatalities with these tornadoes. The other tornadoes were rated EF1, EF0 and EFU. Large hail ranging from quarter size to ping pong ball size was reported.",482
1167508,HARRISON CO.,MODALE,04/26/2024,1518,Tornado, ,EF1,0,0,0,0,IA,CST-6, ,189914,C,85,OAX,0,0,NWS Storm Survey, ,5.77,350,7,SSW,2,SSE,MODALE,04/26/2024,1531,41.531,-96.089,41.59,-96.01,"This segment is a continuation of the EF-4 tornado that went through western Douglas and Washington Counties. Upon entering far southwestern Harrison County, the tornado moved across the Missouri River, crossing Highway 30 and the Union Pacific Rail line about one mile east of the Iowa-Nebraska state line. Several trees were snapped and broken, producing EF-0 damage. The tornado then moved across bottomland and agricultural areas, snapping or uprooting several trees and tipping center pivots, producing EF-0 to EF-1 damage. The tornado dissipated approximately 2 miles southwest of Modale, Iowa at 4:29 pm CDT. Peak estimated winds during this segment of the tornado track were estimated at 90 miles per hour. The peak width of the tornado during its track in Harrison County was estimated to be around 350 yards, with an average width of 100 yards.","On the morning of April 26th, a potent negatively-tilted shortwave trough ejected out into the central Plains. Upper air analysis shows a jet streak on the downstream side of this trough with substantial divergence aloft over Nebraska. At the surface, morning cloud cover and drizzle across much of eastern Nebraska and western Iowa quickly gave way to partly cloud skies as a warm front moved north through the area, just after noon. At the same time, thunderstorms initiated along a pacific front/dryline in south-central Nebraska. One supercell produced several tornadoes from south-central Nebraska into Boone County, resulting in an EF-2 tornado just west of Cedar Rapids. A second round of supercells initiated in Jefferson and Saline counties. These long-track supercells produced the worst tornado outbreak the Omaha WFO has seen in 10 years. 5 EF-3 tornadoes were surveyed, with several of these tornadoes just shy of an EF-4 rating. One of these EF-3 tornadoes impacted the northeast side of Lincoln, Nebraska where 70 people were reported trapped in a manufacturing plant that collapsed as the tornado passed. Another long-track EF-3 tornado hit portions of Elkhorn, Bennington and Blair, Nebraska. Eppley Airfield was hit by the third EF-3 tornado of the day, doing damage to aircraft hangars on the southeast side of the airport before hitting homes in far western Pottawattamie County. The last two EF-3 tornadoes of the day both impacted portions of Pottawattamie County. While one remained primarily in rural areas in the central part of the county, the final EF-3 of the day hit the town of Minden, Iowa head-on, resulting in 1 fatality and 3 injuries. This was the only fatality of the entire event. This tornado continued into Shelby County, narrowly missing the towns of Tenant and Harlan. A total of 24 tornadoes were confirmed across both Nebraska and Iowa portions of the Omaha CWA. The strongest tornado was the EF-3 that impacted Elkhorn and Blair, with peak estimated wind speeds at 165 miles per hour.",483
1167509,HARRISON CO.,MAGNOLIA,04/26/2024,1552,Tornado, ,EF1,0,0,0,0,IA,CST-6, ,189914,C,85,OAX,0,0,NWS Storm Survey, ,7.98,766,4,NNW,3,NE,PISGAH,04/26/2024,1605,41.75,-95.91,41.864,-95.885,"A tornado developed in woodlands about 4 NNW of Magnolia, IA. Road maintenance workers noted damage to the trees south of 174th Trail Road on the south side of Steer Creek. The tornado crossed 174th Trail breaking power poles and damaging a farmstead. The tornado moved generally north moving across agricultural fields and skirting the eastern periphery of the Loess Hills State Forest west of Juneau road, damaging a house and trees. The tornado veered to the NNE, crossing 154th Trail Road, where it moved across an impassable area of Loess Hills State Forest west of Kelsey Avenue. It crossed just south of the intersection of Kelsey Avenue and Easton Trail Road, causing damage to a farmstead and power poles. It continued to move NNE, snapping trunks and large branches of trees and destroying barns and outbuildings along 110th Street, as well as along Laredo Avenue north of 112th Trail Road. The tornado began to weaken as it approached the Harrison-Monona county line, producing only very minor damage as it moved into Monona County east of Peach Avenue. The peak estimated winds in this tornado for this segment of its track were 110 miles per hour. The maximum width achieved by the tornado was 766 yards, with an average width during this segment estimated at 450 yards.","On the morning of April 26th, a potent negatively-tilted shortwave trough ejected out into the central Plains. Upper air analysis shows a jet streak on the downstream side of this trough with substantial divergence aloft over Nebraska. At the surface, morning cloud cover and drizzle across much of eastern Nebraska and western Iowa quickly gave way to partly cloud skies as a warm front moved north through the area, just after noon. At the same time, thunderstorms initiated along a pacific front/dryline in south-central Nebraska. One supercell produced several tornadoes from south-central Nebraska into Boone County, resulting in an EF-2 tornado just west of Cedar Rapids. A second round of supercells initiated in Jefferson and Saline counties. These long-track supercells produced the worst tornado outbreak the Omaha WFO has seen in 10 years. 5 EF-3 tornadoes were surveyed, with several of these tornadoes just shy of an EF-4 rating. One of these EF-3 tornadoes impacted the northeast side of Lincoln, Nebraska where 70 people were reported trapped in a manufacturing plant that collapsed as the tornado passed. Another long-track EF-3 tornado hit portions of Elkhorn, Bennington and Blair, Nebraska. Eppley Airfield was hit by the third EF-3 tornado of the day, doing damage to aircraft hangars on the southeast side of the airport before hitting homes in far western Pottawattamie County. The last two EF-3 tornadoes of the day both impacted portions of Pottawattamie County. While one remained primarily in rural areas in the central part of the county, the final EF-3 of the day hit the town of Minden, Iowa head-on, resulting in 1 fatality and 3 injuries. This was the only fatality of the entire event. This tornado continued into Shelby County, narrowly missing the towns of Tenant and Harlan. A total of 24 tornadoes were confirmed across both Nebraska and Iowa portions of the Omaha CWA. The strongest tornado was the EF-3 that impacted Elkhorn and Blair, with peak estimated wind speeds at 165 miles per hour.",484
1167520,MILLS CO.,PACIFIC JCT,04/26/2024,1552,Tornado, ,EF1,0,0,0,0,IA,CST-6, ,189914,C,129,OAX,0,0,NWS Storm Survey, ,2.7,80,1,NW,2,NW,GLENWOOD,04/26/2024,1557,41.03,-95.81,41.07,-95.79,"A tornado damage path began approximately 1 mile north of Pacific Junction, where the tornado was also reported by a trained spotter. The tornado crossed Highway 34 one mile east of Interstate 29 where it snapped trees. It then moved up and into the bluffs, where a home took a direct hit and lost large portions of the roof. A large camper was flipped on its side and trees were also snapped at this location. The tornado progressed north-northeast through a forested area where many tree trunks were snapped. The end of the damage path appeared to be near Pony Creek Park, just to the east of the Pony Creek Lake dam. Peak winds in this tornado were estimated at 100 miles per hour. The maximum measured width was 80 yards, with an estimated average width of 30 yards for this tornado track.","On the morning of April 26th, a potent negatively-tilted shortwave trough ejected out into the central Plains. Upper air analysis shows a jet streak on the downstream side of this trough with substantial divergence aloft over Nebraska. At the surface, morning cloud cover and drizzle across much of eastern Nebraska and western Iowa quickly gave way to partly cloud skies as a warm front moved north through the area, just after noon. At the same time, thunderstorms initiated along a pacific front/dryline in south-central Nebraska. One supercell produced several tornadoes from south-central Nebraska into Boone County, resulting in an EF-2 tornado just west of Cedar Rapids. A second round of supercells initiated in Jefferson and Saline counties. These long-track supercells produced the worst tornado outbreak the Omaha WFO has seen in 10 years. 5 EF-3 tornadoes were surveyed, with several of these tornadoes just shy of an EF-4 rating. One of these EF-3 tornadoes impacted the northeast side of Lincoln, Nebraska where 70 people were reported trapped in a manufacturing plant that collapsed as the tornado passed. Another long-track EF-3 tornado hit portions of Elkhorn, Bennington and Blair, Nebraska. Eppley Airfield was hit by the third EF-3 tornado of the day, doing damage to aircraft hangars on the southeast side of the airport before hitting homes in far western Pottawattamie County. The last two EF-3 tornadoes of the day both impacted portions of Pottawattamie County. While one remained primarily in rural areas in the central part of the county, the final EF-3 of the day hit the town of Minden, Iowa head-on, resulting in 1 fatality and 3 injuries. This was the only fatality of the entire event. This tornado continued into Shelby County, narrowly missing the towns of Tenant and Harlan. A total of 24 tornadoes were confirmed across both Nebraska and Iowa portions of the Omaha CWA. The strongest tornado was the EF-3 that impacted Elkhorn and Blair, with peak estimated wind speeds at 165 miles per hour.",485
1167514,POTTAWATTAMIE CO.,COUNCIL BLUFFS,04/26/2024,1554,Tornado, ,EF1,0,0,0,0,IA,CST-6, ,189914,C,155,OAX,0,0,NWS Storm Survey, ,1.12,75,2,WSW,1,WNW,COUNCIL BLUFFS,04/26/2024,1557,41.26,-95.9,41.276,-95.896,"The ground-level tornado circulation developed near 35th and Broadway in Council Bluffs, producing an intermittent track as it progressed north-northeast through a neighborhood, damaging trees, roofs, and apartment buildings. Peak winds were estimated to be at 110 miles per hour, with a peak width in this segment of the track of 75 yards, and an estimated average width of 50 yards. This tornado continued into Douglas County where it caused EF-2 damage at Eppley Airfield, then moved back into Pottawattamie County shortly after.","On the morning of April 26th, a potent negatively-tilted shortwave trough ejected out into the central Plains. Upper air analysis shows a jet streak on the downstream side of this trough with substantial divergence aloft over Nebraska. At the surface, morning cloud cover and drizzle across much of eastern Nebraska and western Iowa quickly gave way to partly cloud skies as a warm front moved north through the area, just after noon. At the same time, thunderstorms initiated along a pacific front/dryline in south-central Nebraska. One supercell produced several tornadoes from south-central Nebraska into Boone County, resulting in an EF-2 tornado just west of Cedar Rapids. A second round of supercells initiated in Jefferson and Saline counties. These long-track supercells produced the worst tornado outbreak the Omaha WFO has seen in 10 years. 5 EF-3 tornadoes were surveyed, with several of these tornadoes just shy of an EF-4 rating. One of these EF-3 tornadoes impacted the northeast side of Lincoln, Nebraska where 70 people were reported trapped in a manufacturing plant that collapsed as the tornado passed. Another long-track EF-3 tornado hit portions of Elkhorn, Bennington and Blair, Nebraska. Eppley Airfield was hit by the third EF-3 tornado of the day, doing damage to aircraft hangars on the southeast side of the airport before hitting homes in far western Pottawattamie County. The last two EF-3 tornadoes of the day both impacted portions of Pottawattamie County. While one remained primarily in rural areas in the central part of the county, the final EF-3 of the day hit the town of Minden, Iowa head-on, resulting in 1 fatality and 3 injuries. This was the only fatality of the entire event. This tornado continued into Shelby County, narrowly missing the towns of Tenant and Harlan. A total of 24 tornadoes were confirmed across both Nebraska and Iowa portions of the Omaha CWA. The strongest tornado was the EF-3 that impacted Elkhorn and Blair, with peak estimated wind speeds at 165 miles per hour.",486
1167570,DOUGLAS CO.,(OMA)EPPLEY FLD OMAH,04/26/2024,1557,Tornado, ,EF2,0,0,0,0,NE,CST-6, ,189915,C,55,OAX,0,0,NWS Storm Survey, ,2.65,200,2,S,2,ENE,(OMA)EPPLEY FLD OMAH,04/26/2024,1601,41.276,-95.896,41.311,-95.875,"This is a continuation of the first Pottawattamie County segment of this EF-3 tornado. In the prior segment, this tornado produced EF-0 and EF-1 damage to a neighborhood in western Council Bluffs, Iowa. This tornado crossed the Missouri River into Douglas County at the start of this segment of its track. This is where the first video evidence of a complete funnel in contact with the ground occurred. This video was taken at the Eppley Airport as the tornado did damage on the southeast side of the Eppley Airfield runway system. The tornado destroyed several aircraft hangars and flipped several untethered executive aircraft, producing EF-2 damage. The tornado continued northeast where it crossed the Missouri River for a second time and moved back into Pottawattamie County. Peak winds during this segment of the tornado track were estimated at 118 miles per hour. The maximum width while the tornado was in Douglas County was measured at 200 yards, with an average width during this track segment estimated at 100 yards.","On the morning of April 26th, a potent negatively-tilted shortwave trough ejected out into the central Plains. Upper air analysis shows a jet streak on the downstream side of this trough with substantial divergence aloft over Nebraska. At the surface, morning cloud cover and drizzle across much of eastern Nebraska and western Iowa quickly gave way to partly cloud skies as a warm front moved north through the area, just after noon. At the same time, thunderstorms initiated along a pacific front/dryline in south-central Nebraska. One supercell produced several tornadoes from south-central Nebraska into Boone County, resulting in an EF-2 tornado just west of Cedar Rapids. A second round of supercells initiated in Jefferson and Saline counties. These long-track supercells produced the worst tornado outbreak the Omaha WFO has seen in 10 years. 5 EF-3 tornadoes were surveyed, with several of these tornadoes just shy of an EF-4 rating. One of these EF-3 tornadoes impacted the northeast side of Lincoln, Nebraska where 70 people were reported trapped in a manufacturing plant that collapsed as the tornado passed. Another long-track EF-3 tornado hit portions of Elkhorn, Bennington and Blair, Nebraska. Eppley Airfield was hit by the third EF-3 tornado of the day, doing damage to aircraft hangars on the southeast side of the airport before hitting homes in far western Pottawattamie County. The last two EF-3 tornadoes of the day both impacted portions of Pottawattamie County. While one remained primarily in rural areas in the central part of the county, the final EF-3 of the day hit the town of Minden, Iowa head-on, resulting in 1 fatality and 3 injuries. This was the only fatality of the entire event. This tornado continued into Shelby County, narrowly missing the towns of Tenant and Harlan. A total of 24 tornadoes were confirmed across both Nebraska and Iowa portions of the Omaha CWA. The strongest tornado was the EF-3 that impacted Elkhorn and Blair, with peak estimated wind speeds at 165 miles per hour.||Along the warm front the day prior, scattered thunderstorms developed along the Kansas-Nebraska border during the evening hours. Most of these storms were sub-severe, however, one thunderstorm produced severe hail in and north of Odell, Nebraska for around ten minutes just before 9 pm CDT.",487
1167511,HARRISON CO.,PISGAH,04/26/2024,1559,Tornado, ,EF0,0,0,0,0,IA,CST-6, ,189914,C,85,OAX,0,0,Public, ,2.64,200,3,SE,3,ENE,PISGAH,04/26/2024,1604,41.8,-95.89,41.84,-95.87,"This tornado was based on an eyewitness observation of two simultaneous tornadoes passing east and west of a farmstead. There was little damage observed with this tornado, with only minor tree damage being reported. The peak estimated winds in this tornado were 70 mph, with a peak width of 200 yards and an average width of 100 yards.","On the morning of April 26th, a potent negatively-tilted shortwave trough ejected out into the central Plains. Upper air analysis shows a jet streak on the downstream side of this trough with substantial divergence aloft over Nebraska. At the surface, morning cloud cover and drizzle across much of eastern Nebraska and western Iowa quickly gave way to partly cloud skies as a warm front moved north through the area, just after noon. At the same time, thunderstorms initiated along a pacific front/dryline in south-central Nebraska. One supercell produced several tornadoes from south-central Nebraska into Boone County, resulting in an EF-2 tornado just west of Cedar Rapids. A second round of supercells initiated in Jefferson and Saline counties. These long-track supercells produced the worst tornado outbreak the Omaha WFO has seen in 10 years. 5 EF-3 tornadoes were surveyed, with several of these tornadoes just shy of an EF-4 rating. One of these EF-3 tornadoes impacted the northeast side of Lincoln, Nebraska where 70 people were reported trapped in a manufacturing plant that collapsed as the tornado passed. Another long-track EF-3 tornado hit portions of Elkhorn, Bennington and Blair, Nebraska. Eppley Airfield was hit by the third EF-3 tornado of the day, doing damage to aircraft hangars on the southeast side of the airport before hitting homes in far western Pottawattamie County. The last two EF-3 tornadoes of the day both impacted portions of Pottawattamie County. While one remained primarily in rural areas in the central part of the county, the final EF-3 of the day hit the town of Minden, Iowa head-on, resulting in 1 fatality and 3 injuries. This was the only fatality of the entire event. This tornado continued into Shelby County, narrowly missing the towns of Tenant and Harlan. A total of 24 tornadoes were confirmed across both Nebraska and Iowa portions of the Omaha CWA. The strongest tornado was the EF-3 that impacted Elkhorn and Blair, with peak estimated wind speeds at 165 miles per hour.",488
1167517,POTTAWATTAMIE CO.,CARTER LAKE,04/26/2024,1601,Tornado, ,EF3,0,0,0,0,IA,CST-6, ,189914,C,155,OAX,0,0,NWS Storm Survey, ,14.8,550,1,NNW,7,E,LOVELAND,04/26/2024,1626,41.311,-95.875,41.506,-95.757,"This is a continuation of the Douglas County segment of this EF-3 tornado. This is also the second time the tornado moved through portions of western Pottawattamie County. At the start of this segment, the tornado moved northeast across the Missouri River and crossed Interstate 29 near mile marker 58. It widened to about one-quarter mile, damaging numerous homes and businesses between the interstate and Little Kiln Road. The most intense damage was sustained to a residence along Little Kiln Road due to the collapse of most of the exterior and interior walls except for a few interior rooms. A storm damage survey the following day found this to be EF-3 damage, with peak winds estimated at 152 miles per hour. This damage point was when the tornado was at its strongest. The tornado then continued northeast, moving across Old Lincoln Highway about 1.5 miles south of Crescent. EF-2 damage to several homes occurred due to the major loss of the roof and exterior walls. A vehicle detail shop was also destroyed in this area. The tornado then moved across mainly woodland areas before impacting a home and farm outbuildings near the intersection of Badger and Jefferson Avenues, where EF-2 damage was sustained to the home due to major roof damage. After this, the tornado moved across agricultural and woodland areas between 195th Street and Cougar Avenue, producing EF-1 damage to several manufactured homes and farm outbuildings. Further to the northeast, the tornado produced EF-0 damage to farm outbuildings by removing large portions of their roofs and snapping large tree limbs. This tornado weakened near the intersection of 210th Street and Teakwood Road, producing intermittent damage to tree limbs. It crossed Interstate 880 about 7 miles west of the I-29 and I-880 interchange, or about 7 miles southeast of Missouri Valley. Shortly after crossing Interstate 880, the tornado briefly moved into far southern Harrison County where it dissipated half a mile north of the county line just to the east of Overton Avenue. The peak width of the tornado during this segment of its track was measured at 550 yards, with an average width estimated at 300 yards.","On the morning of April 26th, a potent negatively-tilted shortwave trough ejected out into the central Plains. Upper air analysis shows a jet streak on the downstream side of this trough with substantial divergence aloft over Nebraska. At the surface, morning cloud cover and drizzle across much of eastern Nebraska and western Iowa quickly gave way to partly cloud skies as a warm front moved north through the area, just after noon. At the same time, thunderstorms initiated along a pacific front/dryline in south-central Nebraska. One supercell produced several tornadoes from south-central Nebraska into Boone County, resulting in an EF-2 tornado just west of Cedar Rapids. A second round of supercells initiated in Jefferson and Saline counties. These long-track supercells produced the worst tornado outbreak the Omaha WFO has seen in 10 years. 5 EF-3 tornadoes were surveyed, with several of these tornadoes just shy of an EF-4 rating. One of these EF-3 tornadoes impacted the northeast side of Lincoln, Nebraska where 70 people were reported trapped in a manufacturing plant that collapsed as the tornado passed. Another long-track EF-3 tornado hit portions of Elkhorn, Bennington and Blair, Nebraska. Eppley Airfield was hit by the third EF-3 tornado of the day, doing damage to aircraft hangars on the southeast side of the airport before hitting homes in far western Pottawattamie County. The last two EF-3 tornadoes of the day both impacted portions of Pottawattamie County. While one remained primarily in rural areas in the central part of the county, the final EF-3 of the day hit the town of Minden, Iowa head-on, resulting in 1 fatality and 3 injuries. This was the only fatality of the entire event. This tornado continued into Shelby County, narrowly missing the towns of Tenant and Harlan. A total of 24 tornadoes were confirmed across both Nebraska and Iowa portions of the Omaha CWA. The strongest tornado was the EF-3 that impacted Elkhorn and Blair, with peak estimated wind speeds at 165 miles per hour.",489
1167385,ALLEN CO.,ELSMORE,04/26/2024,1602,Tornado, ,EFU,0,0,0,0,KS,CST-6, ,189578,C,1,ICT,0,0,Storm Chaser, ,0.01,10,5,WNW,5,WNW,ELSMORE,04/26/2024,1603,37.8203,-95.2306,37.8204,-95.2305,"A chaser video showed a brief touchdown in open country. No damage was found.","Storms developed during the afternoon hours over the Flint Hills on Friday, April 26th along an eastward moving dryline. As the storms progressed east they started to produce five tornadoes. Two of the tornadoes were rated an EF-2. One of them struck southwest of Fredonia and the other southwest of Yates Center. Luckily there were no injuries or fatalities with these tornadoes. The other tornadoes were rated EF1, EF0 and EFU. Large hail ranging from quarter size to ping pong ball size was reported.",490
1167510,MONONA CO.,PREPARATION,04/26/2024,1605,Tornado, ,EF0,0,0,0,0,IA,CST-6, ,189914,C,133,OAX,0,0,NWS Storm Survey, ,1.14,50,3,W,3,WNW,PREPARATION,04/26/2024,1609,41.864,-95.885,41.88,-95.88,"This is a continuation of the EF-1 tornado that touched down in Harrison County to the north-northwest of Magnolia, IA. The tornado was already weakening as it entered Monona County, only producing low-end EF-0 damage to trees as it crossed the county line. The tornado dissipated less than a quarter mile ENE of the intersection of Peach Avenue and 330th Street.","On the morning of April 26th, a potent negatively-tilted shortwave trough ejected out into the central Plains. Upper air analysis shows a jet streak on the downstream side of this trough with substantial divergence aloft over Nebraska. At the surface, morning cloud cover and drizzle across much of eastern Nebraska and western Iowa quickly gave way to partly cloud skies as a warm front moved north through the area, just after noon. At the same time, thunderstorms initiated along a pacific front/dryline in south-central Nebraska. One supercell produced several tornadoes from south-central Nebraska into Boone County, resulting in an EF-2 tornado just west of Cedar Rapids. A second round of supercells initiated in Jefferson and Saline counties. These long-track supercells produced the worst tornado outbreak the Omaha WFO has seen in 10 years. 5 EF-3 tornadoes were surveyed, with several of these tornadoes just shy of an EF-4 rating. One of these EF-3 tornadoes impacted the northeast side of Lincoln, Nebraska where 70 people were reported trapped in a manufacturing plant that collapsed as the tornado passed. Another long-track EF-3 tornado hit portions of Elkhorn, Bennington and Blair, Nebraska. Eppley Airfield was hit by the third EF-3 tornado of the day, doing damage to aircraft hangars on the southeast side of the airport before hitting homes in far western Pottawattamie County. The last two EF-3 tornadoes of the day both impacted portions of Pottawattamie County. While one remained primarily in rural areas in the central part of the county, the final EF-3 of the day hit the town of Minden, Iowa head-on, resulting in 1 fatality and 3 injuries. This was the only fatality of the entire event. This tornado continued into Shelby County, narrowly missing the towns of Tenant and Harlan. A total of 24 tornadoes were confirmed across both Nebraska and Iowa portions of the Omaha CWA. The strongest tornado was the EF-3 that impacted Elkhorn and Blair, with peak estimated wind speeds at 165 miles per hour.",491
1167521,POTTAWATTAMIE CO.,DUMFRIES,04/26/2024,1608,Tornado, ,EF3,0,0,0,0,IA,CST-6, ,189914,C,155,OAX,0,0,NWS Storm Survey, ,13.31,900,3,E,1,S,BENTLEY,04/26/2024,1628,41.18,-95.73,41.36,-95.62,"A tornado damage path began near Aspen Road, just west of 240th Street. The tornado tracked toward the north-northeast, snapping trees and electrical poles as it went. A home was impacted along Chestnut Road with substantial roof damage. Two additional homes were directly impacted when the tornado crossed Highway 92. One of these sustained major roof damage while the other home had most external walls collapse while interior walls remained standing. Numerous trees were snapped and a large shed was completely destroyed at this location while a large steel horse trailer was thrown more than a quarter mile. The tornado continued to Cottonwood Road where it damaged a home and an outbuilding. The most significant damage along the track occurred at Dogwood Road where a home was completely destroyed, and only the basement remained. Tree damage here was substantial as well with numerous snapped trunks. Residents of this home survived by seeking shelter in the basement bathroom, which was one of the few locations in the home not directly impacted by major flying debris. The tornado crossed Elmtree Road and Highway 6, and appears to have been at its widest near Highway 6 where it was approximately 800 yards wide. Another home was damaged near 270th and Hickory Road. The tornado continued northeast, damaging electrical poles, trees, and outbuildings all the way to where it ended near 295th and Juniper Road. The ending location is based on photo evidence of spotters located southeast of the storm. Peak winds in this tornado were estimated at 145 miles per hour. This tornado had a max width of 900 yards with an estimated average width of 500 yards.","On the morning of April 26th, a potent negatively-tilted shortwave trough ejected out into the central Plains. Upper air analysis shows a jet streak on the downstream side of this trough with substantial divergence aloft over Nebraska. At the surface, morning cloud cover and drizzle across much of eastern Nebraska and western Iowa quickly gave way to partly cloud skies as a warm front moved north through the area, just after noon. At the same time, thunderstorms initiated along a pacific front/dryline in south-central Nebraska. One supercell produced several tornadoes from south-central Nebraska into Boone County, resulting in an EF-2 tornado just west of Cedar Rapids. A second round of supercells initiated in Jefferson and Saline counties. These long-track supercells produced the worst tornado outbreak the Omaha WFO has seen in 10 years. 5 EF-3 tornadoes were surveyed, with several of these tornadoes just shy of an EF-4 rating. One of these EF-3 tornadoes impacted the northeast side of Lincoln, Nebraska where 70 people were reported trapped in a manufacturing plant that collapsed as the tornado passed. Another long-track EF-3 tornado hit portions of Elkhorn, Bennington and Blair, Nebraska. Eppley Airfield was hit by the third EF-3 tornado of the day, doing damage to aircraft hangars on the southeast side of the airport before hitting homes in far western Pottawattamie County. The last two EF-3 tornadoes of the day both impacted portions of Pottawattamie County. While one remained primarily in rural areas in the central part of the county, the final EF-3 of the day hit the town of Minden, Iowa head-on, resulting in 1 fatality and 3 injuries. This was the only fatality of the entire event. This tornado continued into Shelby County, narrowly missing the towns of Tenant and Harlan. A total of 24 tornadoes were confirmed across both Nebraska and Iowa portions of the Omaha CWA. The strongest tornado was the EF-3 that impacted Elkhorn and Blair, with peak estimated wind speeds at 165 miles per hour.",492
1167571,RICHARDSON CO.,VERDON,04/26/2024,1610,Tornado, ,EFU,0,0,0,0,NE,CST-6, ,189915,C,147,OAX,0,0,Emergency Manager, ,0.01,1,2,SSW,2,SSW,VERDON,04/26/2024,1610,40.12,-95.72,40.12,-95.72,"The Emergency Manager called reporting a tornado touchdown approximately two miles north of Salem, Nebraska. No damage was found nor video evidence taken by those in the area.","On the morning of April 26th, a potent negatively-tilted shortwave trough ejected out into the central Plains. Upper air analysis shows a jet streak on the downstream side of this trough with substantial divergence aloft over Nebraska. At the surface, morning cloud cover and drizzle across much of eastern Nebraska and western Iowa quickly gave way to partly cloud skies as a warm front moved north through the area, just after noon. At the same time, thunderstorms initiated along a pacific front/dryline in south-central Nebraska. One supercell produced several tornadoes from south-central Nebraska into Boone County, resulting in an EF-2 tornado just west of Cedar Rapids. A second round of supercells initiated in Jefferson and Saline counties. These long-track supercells produced the worst tornado outbreak the Omaha WFO has seen in 10 years. 5 EF-3 tornadoes were surveyed, with several of these tornadoes just shy of an EF-4 rating. One of these EF-3 tornadoes impacted the northeast side of Lincoln, Nebraska where 70 people were reported trapped in a manufacturing plant that collapsed as the tornado passed. Another long-track EF-3 tornado hit portions of Elkhorn, Bennington and Blair, Nebraska. Eppley Airfield was hit by the third EF-3 tornado of the day, doing damage to aircraft hangars on the southeast side of the airport before hitting homes in far western Pottawattamie County. The last two EF-3 tornadoes of the day both impacted portions of Pottawattamie County. While one remained primarily in rural areas in the central part of the county, the final EF-3 of the day hit the town of Minden, Iowa head-on, resulting in 1 fatality and 3 injuries. This was the only fatality of the entire event. This tornado continued into Shelby County, narrowly missing the towns of Tenant and Harlan. A total of 24 tornadoes were confirmed across both Nebraska and Iowa portions of the Omaha CWA. The strongest tornado was the EF-3 that impacted Elkhorn and Blair, with peak estimated wind speeds at 165 miles per hour.||Along the warm front the day prior, scattered thunderstorms developed along the Kansas-Nebraska border during the evening hours. Most of these storms were sub-severe, however, one thunderstorm produced severe hail in and north of Odell, Nebraska for around ten minutes just before 9 pm CDT.",493
1167558,MADISON CO.,(OFK)STEFAN FLD NORF,04/26/2024,1616,Tornado, ,EF0,0,0,0,0,NE,CST-6, ,189915,C,119,OAX,0,0,NWS Storm Survey, ,0.23,50,3,ENE,3,ENE,(OFK)STEFAN FLD NORF,04/26/2024,1617,41.989,-97.37,41.992,-97.368,"This tornado began just southwest of the East Sherwood Road and 558th Avenue intersection. A few branches were noted to have been broken just south of East Sherwood Road before the tornado crossed 558th Avenue into Stanton County. The tornado continued for another half a mile on the east side of 558th Avenue in Stanton County producing EF-1 damage to trees and a warehouse building. The peak windspeeds from the tornado in Madison County were estimated to be at 60 miles per hour, with the average width of the tornado being at 25 yards.","On the morning of April 26th, a potent negatively-tilted shortwave trough ejected out into the central Plains. Upper air analysis shows a jet streak on the downstream side of this trough with substantial divergence aloft over Nebraska. At the surface, morning cloud cover and drizzle across much of eastern Nebraska and western Iowa quickly gave way to partly cloud skies as a warm front moved north through the area, just after noon. At the same time, thunderstorms initiated along a pacific front/dryline in south-central Nebraska. One supercell produced several tornadoes from south-central Nebraska into Boone County, resulting in an EF-2 tornado just west of Cedar Rapids. A second round of supercells initiated in Jefferson and Saline counties. These long-track supercells produced the worst tornado outbreak the Omaha WFO has seen in 10 years. 5 EF-3 tornadoes were surveyed, with several of these tornadoes just shy of an EF-4 rating. One of these EF-3 tornadoes impacted the northeast side of Lincoln, Nebraska where 70 people were reported trapped in a manufacturing plant that collapsed as the tornado passed. Another long-track EF-3 tornado hit portions of Elkhorn, Bennington and Blair, Nebraska. Eppley Airfield was hit by the third EF-3 tornado of the day, doing damage to aircraft hangars on the southeast side of the airport before hitting homes in far western Pottawattamie County. The last two EF-3 tornadoes of the day both impacted portions of Pottawattamie County. While one remained primarily in rural areas in the central part of the county, the final EF-3 of the day hit the town of Minden, Iowa head-on, resulting in 1 fatality and 3 injuries. This was the only fatality of the entire event. This tornado continued into Shelby County, narrowly missing the towns of Tenant and Harlan. A total of 24 tornadoes were confirmed across both Nebraska and Iowa portions of the Omaha CWA. The strongest tornado was the EF-3 that impacted Elkhorn and Blair, with peak estimated wind speeds at 165 miles per hour.||Along the warm front the day prior, scattered thunderstorms developed along the Kansas-Nebraska border during the evening hours. Most of these storms were sub-severe, however, one thunderstorm produced severe hail in and north of Odell, Nebraska for around ten minutes just before 9 pm CDT.",494
1167512,MONONA CO.,MOORHEAD,04/26/2024,1617,Tornado, ,EF0,0,0,0,0,IA,CST-6, ,189914,C,133,OAX,0,0,NWS Storm Survey, ,1.47,100,2,ENE,2,SW,SOLDIER,04/26/2024,1619,41.94,-95.83,41.96,-95.81,"A short-lived tornado developed in an agricultural field and moved generally northeast across fields and pastureland, damaging outbuildings of farmsteads near the intersection of 280th and Poplar Roads. The tornado appeared to dissipate in pastureland before reaching State Highway 183. Peak winds were estimated at 85 miles per hour. The tornado reached a maximum width of 100 yards, with an average width estimated at 50 yards.","On the morning of April 26th, a potent negatively-tilted shortwave trough ejected out into the central Plains. Upper air analysis shows a jet streak on the downstream side of this trough with substantial divergence aloft over Nebraska. At the surface, morning cloud cover and drizzle across much of eastern Nebraska and western Iowa quickly gave way to partly cloud skies as a warm front moved north through the area, just after noon. At the same time, thunderstorms initiated along a pacific front/dryline in south-central Nebraska. One supercell produced several tornadoes from south-central Nebraska into Boone County, resulting in an EF-2 tornado just west of Cedar Rapids. A second round of supercells initiated in Jefferson and Saline counties. These long-track supercells produced the worst tornado outbreak the Omaha WFO has seen in 10 years. 5 EF-3 tornadoes were surveyed, with several of these tornadoes just shy of an EF-4 rating. One of these EF-3 tornadoes impacted the northeast side of Lincoln, Nebraska where 70 people were reported trapped in a manufacturing plant that collapsed as the tornado passed. Another long-track EF-3 tornado hit portions of Elkhorn, Bennington and Blair, Nebraska. Eppley Airfield was hit by the third EF-3 tornado of the day, doing damage to aircraft hangars on the southeast side of the airport before hitting homes in far western Pottawattamie County. The last two EF-3 tornadoes of the day both impacted portions of Pottawattamie County. While one remained primarily in rural areas in the central part of the county, the final EF-3 of the day hit the town of Minden, Iowa head-on, resulting in 1 fatality and 3 injuries. This was the only fatality of the entire event. This tornado continued into Shelby County, narrowly missing the towns of Tenant and Harlan. A total of 24 tornadoes were confirmed across both Nebraska and Iowa portions of the Omaha CWA. The strongest tornado was the EF-3 that impacted Elkhorn and Blair, with peak estimated wind speeds at 165 miles per hour.",495
1167559,STANTON CO.,STANTON,04/26/2024,1617,Tornado, ,EF1,0,0,0,0,NE,CST-6, ,189915,C,167,OAX,0,0,NWS Storm Survey, ,0.49,100,8,WNW,8,WNW,STANTON,04/26/2024,1619,41.992,-97.368,41.999,-97.367,"This tornado touched down just on the Madison side of the Madison-Stanton County line before crossing into Stanton County less than a mile north of the East Sherwood Road and 558th Avenue intersection. Right as it crossed the county line, it hit a warehouse, blowing off the majority of its roof and blowing in a garage door. Nearby trees just to the south of the warehouse were snapped near the base of their trunks. This tornado continued north-northeast for another half a mile before dissipating. The maximum estimated wind speed from this tornado in Stanton County was 103 miles per hour, and the average width was estimated to be 50 yards.","On the morning of April 26th, a potent negatively-tilted shortwave trough ejected out into the central Plains. Upper air analysis shows a jet streak on the downstream side of this trough with substantial divergence aloft over Nebraska. At the surface, morning cloud cover and drizzle across much of eastern Nebraska and western Iowa quickly gave way to partly cloud skies as a warm front moved north through the area, just after noon. At the same time, thunderstorms initiated along a pacific front/dryline in south-central Nebraska. One supercell produced several tornadoes from south-central Nebraska into Boone County, resulting in an EF-2 tornado just west of Cedar Rapids. A second round of supercells initiated in Jefferson and Saline counties. These long-track supercells produced the worst tornado outbreak the Omaha WFO has seen in 10 years. 5 EF-3 tornadoes were surveyed, with several of these tornadoes just shy of an EF-4 rating. One of these EF-3 tornadoes impacted the northeast side of Lincoln, Nebraska where 70 people were reported trapped in a manufacturing plant that collapsed as the tornado passed. Another long-track EF-3 tornado hit portions of Elkhorn, Bennington and Blair, Nebraska. Eppley Airfield was hit by the third EF-3 tornado of the day, doing damage to aircraft hangars on the southeast side of the airport before hitting homes in far western Pottawattamie County. The last two EF-3 tornadoes of the day both impacted portions of Pottawattamie County. While one remained primarily in rural areas in the central part of the county, the final EF-3 of the day hit the town of Minden, Iowa head-on, resulting in 1 fatality and 3 injuries. This was the only fatality of the entire event. This tornado continued into Shelby County, narrowly missing the towns of Tenant and Harlan. A total of 24 tornadoes were confirmed across both Nebraska and Iowa portions of the Omaha CWA. The strongest tornado was the EF-3 that impacted Elkhorn and Blair, with peak estimated wind speeds at 165 miles per hour.||Along the warm front the day prior, scattered thunderstorms developed along the Kansas-Nebraska border during the evening hours. Most of these storms were sub-severe, however, one thunderstorm produced severe hail in and north of Odell, Nebraska for around ten minutes just before 9 pm CDT.",496
1167513,MONONA CO.,SOLDIER,04/26/2024,1623,Tornado, ,EF1,0,0,0,0,IA,CST-6, ,189914,C,133,OAX,0,0,NWS Storm Survey, ,3.29,250,2,WSW,2,NNE,SOLDIER,04/26/2024,1630,41.97,-95.81,42.01,-95.77,"A tornado developed near the intersection of 260th and 270th Streets. It produced damage to outbuildings at a farmstead near this intersection and tossed some fiberglass boats. The tornado moved across agricultural fields generally northeast paralleling State Highway 183 to the west. It produced damage to trees along Redwood Avenue and snapped a power pole at the intersection of State Highway 37 and Redwood Avenue. The tornado moved just west of the community of Soldier, producing no discernable damage to any homes or businesses on the west side of town. Radar signatures indicate the tornado continued to move northeast across agricultural lands, moving north of 245th Street, damaging trees and outbuildings, before dissipating just east of Spruce Avenue. Peak winds in this tornado were estimated at 98 miles per hour. The maximum width was measured at 250 yards, with the average width estimated at 100 yards.","On the morning of April 26th, a potent negatively-tilted shortwave trough ejected out into the central Plains. Upper air analysis shows a jet streak on the downstream side of this trough with substantial divergence aloft over Nebraska. At the surface, morning cloud cover and drizzle across much of eastern Nebraska and western Iowa quickly gave way to partly cloud skies as a warm front moved north through the area, just after noon. At the same time, thunderstorms initiated along a pacific front/dryline in south-central Nebraska. One supercell produced several tornadoes from south-central Nebraska into Boone County, resulting in an EF-2 tornado just west of Cedar Rapids. A second round of supercells initiated in Jefferson and Saline counties. These long-track supercells produced the worst tornado outbreak the Omaha WFO has seen in 10 years. 5 EF-3 tornadoes were surveyed, with several of these tornadoes just shy of an EF-4 rating. One of these EF-3 tornadoes impacted the northeast side of Lincoln, Nebraska where 70 people were reported trapped in a manufacturing plant that collapsed as the tornado passed. Another long-track EF-3 tornado hit portions of Elkhorn, Bennington and Blair, Nebraska. Eppley Airfield was hit by the third EF-3 tornado of the day, doing damage to aircraft hangars on the southeast side of the airport before hitting homes in far western Pottawattamie County. The last two EF-3 tornadoes of the day both impacted portions of Pottawattamie County. While one remained primarily in rural areas in the central part of the county, the final EF-3 of the day hit the town of Minden, Iowa head-on, resulting in 1 fatality and 3 injuries. This was the only fatality of the entire event. This tornado continued into Shelby County, narrowly missing the towns of Tenant and Harlan. A total of 24 tornadoes were confirmed across both Nebraska and Iowa portions of the Omaha CWA. The strongest tornado was the EF-3 that impacted Elkhorn and Blair, with peak estimated wind speeds at 165 miles per hour.",497
1167525,POTTAWATTAMIE CO.,MC CLELLAND,04/26/2024,1625,Tornado, ,EF3,1,3,0,0,IA,CST-6, ,189914,C,155,OAX,0,0,NWS Storm Survey, ,14.19,1900,3,ESE,3,NE,MINDEN,04/26/2024,1646,41.32,-95.62,41.506,-95.504,"A tornado developed approximately 3 miles east of McClelland, and developed prior to the dissipation of the EF-3 tornado that tracked near Treynor. This was confirmed by photo and video evidence of storm spotters. This tornado moved toward the north-northeast, damaging mainly trees, outbuildings and barns as it tracked towards Sumac Road and 330th Street. At this point, according to radar and storm damage indicators, the tornado rapidly intensified. An outbuilding was totally destroyed near Sycamore Road, and the tornado caused extensive tree damage east of 330th Road, south of Minden. The tornado intensified further, and widened to approximately 1200 yards as it impacted the town of Minden. Video and spotter reports indicate that there were multiple vortices within the tornado near Minden and points northeast, and there was evidence of narrow zones of the most intense damage which lines up very well with the multiple vortex tornado concept. In fact, there were damage indicators of EF-1 damage and high-end EF-3 damage within only 100 yards of each other. The most intense damage was on the far east side of Minden. Numerous homes were uninhabitable and several homes were completely destroyed. There were also several sizeable metal buildings southeast of Main Street that were completely destroyed. The construction of these metal structures and the homes that were most impacted, in conjunction with the tree damage and damage to cars with few if any cars being lofted and thrown indicated that this was a very strong EF-3 tornado, near the top of the damage range for an EF-3. The damage to the town of Minden was extensive, with three injuries. A fourth person succumbed to their injuries after the event, resulting in the only direct fatality of this tornado outbreak in the OAX area. The tornado continued northeast of Minden where it produced EF-3 damage at two homes along 345th Street. One of the homes was somewhat intact but was removed from its foundation and slid approximately 10 yards to the northeast. The other home had only small interior rooms remaining. It is worth noting that these two homes were 700 yards apart along the north-south street. EF-2 damage occurred along Whippoorwill Road. The tornado crossed Interstate 80 near 355th Street, flipping a semi, and produced damage of a mile wide along York Road just north of Interstate 80. This tornado continued briefly into Harrison County and then into Shelby County. EF-1 damage was noted in Harrison County and EF-3 damage was found in Shelby County 2 miles west of Harlan, Iowa. Peak estimated winds in Pottawattamie County from this tornado were estimated at 160 miles per hour. Maximum width was estimated at 1900 yards, with an average width of 850 yards.","On the morning of April 26th, a potent negatively-tilted shortwave trough ejected out into the central Plains. Upper air analysis shows a jet streak on the downstream side of this trough with substantial divergence aloft over Nebraska. At the surface, morning cloud cover and drizzle across much of eastern Nebraska and western Iowa quickly gave way to partly cloud skies as a warm front moved north through the area, just after noon. At the same time, thunderstorms initiated along a pacific front/dryline in south-central Nebraska. One supercell produced several tornadoes from south-central Nebraska into Boone County, resulting in an EF-2 tornado just west of Cedar Rapids. A second round of supercells initiated in Jefferson and Saline counties. These long-track supercells produced the worst tornado outbreak the Omaha WFO has seen in 10 years. 5 EF-3 tornadoes were surveyed, with several of these tornadoes just shy of an EF-4 rating. One of these EF-3 tornadoes impacted the northeast side of Lincoln, Nebraska where 70 people were reported trapped in a manufacturing plant that collapsed as the tornado passed. Another long-track EF-3 tornado hit portions of Elkhorn, Bennington and Blair, Nebraska. Eppley Airfield was hit by the third EF-3 tornado of the day, doing damage to aircraft hangars on the southeast side of the airport before hitting homes in far western Pottawattamie County. The last two EF-3 tornadoes of the day both impacted portions of Pottawattamie County. While one remained primarily in rural areas in the central part of the county, the final EF-3 of the day hit the town of Minden, Iowa head-on, resulting in 1 fatality and 3 injuries. This was the only fatality of the entire event. This tornado continued into Shelby County, narrowly missing the towns of Tenant and Harlan. A total of 24 tornadoes were confirmed across both Nebraska and Iowa portions of the Omaha CWA. The strongest tornado was the EF-3 that impacted Elkhorn and Blair, with peak estimated wind speeds at 165 miles per hour.",498
1167518,HARRISON CO.,BEEBEETOWN,04/26/2024,1626,Tornado, ,EF0,0,0,0,0,IA,CST-6, ,189914,C,85,OAX,0,0,NWS Storm Survey, ,0.49,75,2,SW,1,WSW,BEEBEETOWN,04/26/2024,1628,41.506,-95.757,41.513,-95.755,"This is the final segment for the EF-3 tornado that impacted Eppley Airfield and portions of western Pottawattamie County. The tornado crossed into far southern Harrison County less than a quarter mile from the York Road and Overton Avenue intersection. For the short time the tornado was in the county, it produced EF-0 damage to trees along a half-mile stretch of Overton Avenue. The tornado dissipated half a mile north of the county line just to the east of Overton Avenue. The peak width of the tornado in this segment of its track was measured at 75 yards with an average width estimated at 30 yards. Maximum estimated winds while this tornado was in Harrison County were 75 miles per hour.","On the morning of April 26th, a potent negatively-tilted shortwave trough ejected out into the central Plains. Upper air analysis shows a jet streak on the downstream side of this trough with substantial divergence aloft over Nebraska. At the surface, morning cloud cover and drizzle across much of eastern Nebraska and western Iowa quickly gave way to partly cloud skies as a warm front moved north through the area, just after noon. At the same time, thunderstorms initiated along a pacific front/dryline in south-central Nebraska. One supercell produced several tornadoes from south-central Nebraska into Boone County, resulting in an EF-2 tornado just west of Cedar Rapids. A second round of supercells initiated in Jefferson and Saline counties. These long-track supercells produced the worst tornado outbreak the Omaha WFO has seen in 10 years. 5 EF-3 tornadoes were surveyed, with several of these tornadoes just shy of an EF-4 rating. One of these EF-3 tornadoes impacted the northeast side of Lincoln, Nebraska where 70 people were reported trapped in a manufacturing plant that collapsed as the tornado passed. Another long-track EF-3 tornado hit portions of Elkhorn, Bennington and Blair, Nebraska. Eppley Airfield was hit by the third EF-3 tornado of the day, doing damage to aircraft hangars on the southeast side of the airport before hitting homes in far western Pottawattamie County. The last two EF-3 tornadoes of the day both impacted portions of Pottawattamie County. While one remained primarily in rural areas in the central part of the county, the final EF-3 of the day hit the town of Minden, Iowa head-on, resulting in 1 fatality and 3 injuries. This was the only fatality of the entire event. This tornado continued into Shelby County, narrowly missing the towns of Tenant and Harlan. A total of 24 tornadoes were confirmed across both Nebraska and Iowa portions of the Omaha CWA. The strongest tornado was the EF-3 that impacted Elkhorn and Blair, with peak estimated wind speeds at 165 miles per hour.",499
1175013,BOURBON CO.,UNIONTOWN,04/26/2024,1629,Tornado, ,EF0,0,0,50000,0,KS,CST-6, ,190939,C,11,SGF,0,0,NWS Storm Survey, ,3.34,75,3,NNE,5,WSW,DEVON,04/26/2024,1632,37.89,-94.96,37.9,-94.9,"A NWS storm survey determined that a weak EF-0 tornado occurred, with a path length of 3.12 miles and a width of 75 yards. Maximum wind speeds of 85 mph led to siding damage on a home, five outbuildings damaged or destroyed, and a number of trees either uprooted or having large limbs snapped.","Flooding of small creeks and streams and major flooding along the Marmaton and Little Osage river basins occurred thanks to 2 to 4 inches of rain falling on already saturated ground from previous rainfall on the 25th. Isolated severe storms produced a brief EF-0 tornado in Bourbon County.",500
